Universal ID,Project Name,Builders,Parent Builder,Status,Master Plan Name,Master Plan Developer Name,Product Type,Product Style,Lot Size,Lot Width,Lot Dimensions,Open Date,Sold Out Date,Total Units Planned,Total Units Sold,Total Units Remaining,Total QMIs,Sales Change Date,Sales Rate,Last 3M Avg. Sales,Last 6M Avg. Sales,Last 12M Avg. Sales,Min. Unit Size,Max. Unit Size,Avg. Unit Size,Min. List Price,Max. List Price,Avg. List Price,Price Change Date,QMI Incentive %age,QMI Incentive Amt.,QMI Incentive Type,To Be Built Incentive %age,To Be Built Incentive Amt.,To Be Built Incentive Type,Broker Incentive %age,Broker Incentive Amt.,Broker Incentive Type,HOA Fee 1,HOA Fee 2,HOA Fee per Sqft,Assessments,Assessments Description,Project Characteristics,Office Phone No.,Website,Master Plan Key,Subdivision Universal ID,Survey Quarter,Annual Starts,Annual Closings,Quarterly Starts,Quarterly Closings,Excavation Count,Survey Stakes Count,Street Paving Count,Streets In Count,Vacant Developed Lot Count,Vacant Land Count,Under Construction Count,Finished Vacant Count,Models Count,Occupied Count,Future Inventory Count,VDL Months of Supply,Inventory Months of Supply,Finished Vacant Months of Supply,Profile Available,Active Adult,Zip Code,City,County,County Code,CBSA,CBSA Code,State,School District,School Attendance Zone (Elementary),School Ratings (Elementary),School Attendance Zone (Middle),School Ratings (Middle),School Attendance Zone (High),School Ratings (High),Boundary Names,Latitude,Longitude
aAf2T000001MawrSAC,Heritage at Gum Ranch,Elliott Homes,,Active,,,Detached,Single-Family,7350,70,70x105,5/18/2019,,251,234,17,18,11/25/2025,2.96,3,1.67,3.58,2201,3660,2817,772950,972950,872116.67,11/25/2025,,,Other,,,No Incentives Confirmed,1,,Base Price,0,,,1.29,,,(916) 461-9140,https://www.elliotthomes.com/new-homes-in-fair-oaks-ca/the-heritage-at-gum-ranch,,6C5DF509-7EB8-446C-AD58-8747ED8DA7D5,2025Q3,44,44,15,15,0,0,0,0,1,0,30,1,5,214,0,0.3,9.8,0.3,TRUE,Non Active Adult,95628,Fair Oaks,Sacramento,6067,"Sacramento-Roseville-Folsom, CA",40900,CA,San Juan Unified School District,Northridge Elementary School,5,Andrew Carnegie Middle School,6,Bella Vista High School,8,Carmichael / Fair Oaks,38.66956,-121.24863
aAf2T000001MqBQSA0,Residences at West Oaks,Brentwood Developments,,Active,,,Attached,Townhomes,,,,2/3/2022,,16,2,14,,7/11/2025,0.05,-0.33,0,0,1388,2171,1729,899000,1150000,791150,7/11/2025,,5000,Closing Cost w/ Preferred Lender,,5000,Closing Cost w/ Preferred Lender,2,,Base Price,266,,,1,"2,000.00 annual mella roos tax",Townhomes,(916) 621-6398,https://theresidencesatwestoaks.com/,,E58DAF94-3588-432C-9485-204C08A8462D,2025Q3,0,3,0,0,0,0,0,0,0,0,0,13,0,3,0,,52,52,TRUE,Non Active Adult,95765,Rocklin,Placer,6061,"Sacramento-Roseville-Folsom, CA",40900,CA,Rocklin Unified School District,Ruhkala Elementary School,7,Spring View Middle School,6,Whitney High School,9,Rocklin,38.81019,-121.28575
aAf2T000001UR1ZSAW,Saratoga Estates/Manzanita,Elliott Homes,,Active,,,Detached,Single-Family,6490,55,55'x118',9/1/2020,,132,115,17,16,10/7/2025,1.86,2.67,2,2,2296,3367,2856,911950,1031950,973200,10/7/2025,,,Other,,,Other,2,,Base Price,99,,,1.05,Mello Roos 273.00 per month,,(916) 459-1700,https://www.elliotthomes.com/communities/california/sacramento/manzanita-at-saratoga,,26C99876-0EDE-485B-90A7-6149FA5D4F4A,2025Q3,1,35,0,9,0,0,0,0,0,0,0,8,0,124,0,0,2.7,2.7,TRUE,Non Active Adult,95762,El Dorado Hills,El Dorado,6017,"Sacramento-Roseville-Folsom, CA",40900,CA,Buckeye Union Elementary School District,William Brooks Elementary School,8,Oak Ridge High School; Rolling Hills Middle School,10; 8,Oak Ridge High School,10,El Dorado Hills,38.65075,-121.08057
aAf2T000001FiChSAK,Esplanade at Turkey Creek/Cottages,Taylor Morrison,,Active,,,Detached,Single-Family,3870,43,43x90,4/24/2021,,180,109,71,7,10/27/2025,1.99,3.67,3.33,2.5,1408,1651,1546,500999,584999,528141.86,11/8/2025,,,Other,,,Other,2,,Base Price,349,,,1.07,,Active Adult,(916) 890-0905,https://www.taylormorrison.com/ca/sacramento/lincoln/esplanade-at-turkey-creek,,E002BA62-8A6D-4DFE-84E4-190D1320862B,2025Q3,38,23,0,5,0,0,0,0,74,0,11,9,2,88,0,23.4,11.5,4.7,TRUE,Active Adult,95648,Lincoln,Placer,6061,"Sacramento-Roseville-Folsom, CA",40900,CA,Western Placer Unified School District,Carlin C. Coppin Elementary School,5,Glen Edwards Middle School,5,Lincoln High School,6,Lincoln,38.89153,-121.27753
aAf2T000001FiCuSAK,Turkey Creek Estates,Elliott Homes,,Active,,,Detached,Single-Family,10500,75,75x140,8/7/2021,,304,105,199,18,12/10/2025,1.99,1,0.83,0.92,2360,4137,3046,928950,1181950,1054750,12/11/2025,,,Other,,,No Incentives Confirmed,2,,Base Price,228,,,1.26,,,(916) 245-7980,https://www.elliotthomes.com/new-homes-in-lincoln-ca/turkey-creek-estates#welcome,,B1EF3393-8B8A-4C76-8755-E1853C7D599A,2025Q3,22,26,0,12,0,0,0,0,111,75,0,11,5,101,75,60.5,7.4,5.1,TRUE,Non Active Adult,95648,Lincoln,Placer,6061,"Sacramento-Roseville-Folsom, CA",40900,CA,Western Placer Unified School District,Carlin C. Coppin Elementary School,5,Glen Edwards Middle School,5,Lincoln High School,6,Lincoln,38.88855,-121.25638
aAf3x000001Yb1UCAS,Granite Terrace,Keusder Homes Inc.,,Active,,,Detached,Single-Family,3000,50,50x60,8/1/2025,,41,2,39,4,10/16/2025,0.79,,,,,2232,1598,599950,679950,642450,10/16/2025,,15000,Closing Cost w/ Preferred Lender,,,Closing Cost w/ Preferred Lender,2,,Base Price,142.71,,,1.11,1.105 tax rate + 273.00 monthly mello roos,,(916) 354-6398,https://nextnewhomes.com/granite-terrace/,,63C9E421-4475-4568-8A1D-F5807A69E01D,2025Q3,0,0,0,0,0,0,0,0,29,0,0,10,1,1,0,,,,TRUE,Non Active Adult,95677,Rocklin,Placer,6061,"Sacramento-Roseville-Folsom, CA",40900,CA,Rocklin Unified School District,Rocklin Elementary School,7,Spring View Middle School,6,Rocklin High School,9,Rocklin,38.79121,-121.2265
aAf3x000000UOmkCAG,Soleil,"Premier Homes, LLC",,Active,,,Attached,Townhomes,,,,9/17/2021,,52,45,7,3,11/11/2025,0.89,1,0.83,0.5,1719,3167,2565,849900,1124700,994866.67,11/11/2025,,25000,Closing Cost w/ Preferred Lender,,10000,Closing Cost w/ Preferred Lender,3,,Other,249,,,0.92,,Townhomes,(916) 270-1015 /  916.832,https://www.premierhomesca.com/premier-soleil/,,894DAC8A-1B43-4174-ADFB-D00047B3B916,2025Q3,6,6,0,2,0,0,0,0,6,0,3,0,1,42,0,12,8,0,TRUE,Non Active Adult,95746,Granite Bay,Placer,6061,"Sacramento-Roseville-Folsom, CA",40900,CA,Eureka Union School District,Greenhills Elementary School; Ridgeview Elementary School,9; 8,Willma Cavitt Junior High School,9,Granite Bay High School,10,Auburn / Granite Bay,38.74375,-121.16723
aAf3x000001YfDMCA0,Copper Ridge,KB Home,,Active,,,Detached,Single-Family,6000,60,60x100,12/5/2021,,148,147,1,2,12/1/2025,3.04,0.33,0.17,0.42,1608,2622,2035,598230,739990,667562.5,12/1/2025,,5000,Closing Cost w/ Preferred Lender,,,No Incentives Confirmed,2,,Base Price,0,,,1.08,,,(916) 621-8959,https://www.kbhome.com/new-homes-sacramento/copper-ridge,,5B0B1FF3-BDA7-41C9-9E54-9C7F57617E8E,2025Q3,1,36,0,1,0,0,0,0,0,0,0,2,0,146,0,0,0.7,0.7,TRUE,Non Active Adult,95648,Lincoln,Placer,6061,"Sacramento-Roseville-Folsom, CA",40900,CA,Western Placer Unified School District,Carlin C. Coppin Elementary School,5,Glen Edwards Middle School,5,Lincoln High School,6,Lincoln,38.90219,-121.26887
aAf3x000001YiPDCA0,Revival,Tim Lewis Communities,,Active,,,Detached,Single-Family,2400,,,5/1/2022,,72,71,1,1,12/1/2025,1.63,0.33,1,1.17,1450,1908,1686,525469,653367,593365,12/1/2025,,,No Incentives Confirmed,,,No Incentives Confirmed,2,,Base Price,131.25,,,1,,,(916) 787-3490,https://www.timlewis.com/communities/revival/,,4C510BEA-18F2-4337-B6BD-2D3DE02BF20F,2025Q3,5,32,0,4,0,0,0,0,0,0,1,1,0,70,0,0,0.8,0.4,TRUE,Non Active Adult,95776,Woodland,Yolo,6113,"Sacramento-Roseville-Folsom, CA",40900,CA,Woodland Joint Unified School District,Spring Lake Elementary,8,Douglass Middle School,5,Pioneer High School,6,Davis / Woodland,38.64487,-121.74485
aAf3x000001YjwPCAS,Heritage Placer Vineyards/Molise,Lennar,,Active,,,Detached,Single-Family,6050,55,55x110,8/10/2021,,225,212,13,8,12/1/2025,4.05,5.33,6.67,6.58,1251,1784,1537,512990,577990,533865,12/1/2025,3.99,,Other,,5000,Closing Cost w/ Preferred Lender,,,Other,270,,,1.16,,Active Adult,(916) 580-6481,https://www.lennar.com/new-homes/california/sacramento/roseville/heritage-placer-vineyards/molise,,A706081B-817C-4C27-9EA3-A86131C51E86,2025Q3,31,60,0,5,37,0,0,0,3,0,0,9,2,174,37,1.2,2.2,1.8,TRUE,Active Adult,95747,Roseville,Placer,6061,"Sacramento-Roseville-Folsom, CA",40900,CA,Center Joint Unified School District,,,Wilson C. Riles Middle School,5,Center High,7,Roseville,38.74544,-121.36756
aAf3x000001YjiBCAS,Esplanade at Turkey Creek/Classics,Taylor Morrison,,Active,,,Detached,Single-Family,4725,45,45'x105',4/24/2021,,243,155,88,,11/21/2025,2.79,1.33,1.5,1.83,1651,1933,1792,584999,624999,607665.67,11/21/2025,3.75,,Closing Cost w/ Preferred Lender,3.75,,Closing Cost w/ Preferred Lender,2,,Base Price,349,,,1.07,Mello Roos $233.00 per month,Active Adult,(916) 890-0905,https://www.taylormorrison.com/ca/sacramento/lincoln/esplanade-at-turkey-creek,,64ADA794-E32C-42E9-A9B5-8FA42FA5DB45,2025Q3,9,28,0,7,0,0,0,0,101,0,0,1,2,140,0,134.7,1.3,0.4,TRUE,Active Adult,95648,Lincoln,Placer,6061,"Sacramento-Roseville-Folsom, CA",40900,CA,Western Placer Unified School District,Carlin C. Coppin Elementary School,5,Glen Edwards Middle School,5,Lincoln High School,6,Lincoln,38.89153,-121.27753
aAf3x000001YjiGCAS,Esplanade at Turkey Creek/Premiers,Taylor Morrison,,Active,,,Detached,Single-Family,5775,55,55'x105',4/24/2021,,260,155,105,,11/21/2025,2.79,0.67,1.17,2.08,2157,2363,2262,672999,703999,689665.67,11/21/2025,3.75,,Closing Cost w/ Preferred Lender,,3.75,Closing Cost w/ Preferred Lender,2,,Base Price,349,,,1.07,Mello Roos $233.00 per month,Active Adult,(916) 890-0905,https://www.taylormorrison.com/ca/sacramento/lincoln/esplanade-at-turkey-creek,,502BE559-A18B-483C-AD4B-76F482FA5743,2025Q3,17,35,0,14,0,0,0,0,107,0,0,0,0,152,0,75.5,0,0,TRUE,Active Adult,95648,Lincoln,Placer,6061,"Sacramento-Roseville-Folsom, CA",40900,CA,Western Placer Unified School District,Carlin C. Coppin Elementary School,5,Glen Edwards Middle School,5,Lincoln High School,6,Lincoln,38.89153,-121.27753
aAf3x000001YjiLCAS,Esplanade at Turkey Creek/Estates,Taylor Morrison,,Active,,,Detached,Single-Family,6825,65,65'x105',4/24/2021,,175,142,33,,11/20/2025,2.56,2,1.67,2.25,2528,2985,2747,808999,878999,843999,11/20/2025,4.99,,Options/Upgrades,,,No Incentives Confirmed,2,,Base Price,349,,,1.07,Mello Roos $233.00 per month,Active Adult,(916) 890-0905,https://www.taylormorrison.com/ca/sacramento/lincoln/esplanade-at-turkey-creek,,FED9BEF8-2AAF-4C1D-9415-0D96D9B1CFBB,2025Q3,16,24,0,8,0,0,0,0,45,0,0,4,4,122,0,33.8,4,2,TRUE,Active Adult,95648,Lincoln,Placer,6061,"Sacramento-Roseville-Folsom, CA",40900,CA,Western Placer Unified School District,Carlin C. Coppin Elementary School,5,Glen Edwards Middle School,5,Lincoln High School,6,Lincoln,38.89153,-121.27753
aAf3x000001Yjl5CAC,Cresleigh Havenwood,Cresleigh Homes,,Active,,,Detached,Single-Family,5500,55,55x100,8/28/2021,,83,76,7,3,11/10/2025,1.49,1.33,0.83,1.42,2293,3377,2781,698500,783500,734750,11/10/2025,,,No Incentives Confirmed,,25000,Other,2.5,,Base Price,0,,,1.06,,,(916) 409-5595,https://cresleigh.com/havenwood/,,B42C8BEF-2A80-426E-B4FF-4C46F64A78B0,2025Q3,5,17,0,0,0,0,0,0,6,0,3,6,3,65,0,14.4,8.5,4.2,TRUE,Non Active Adult,95648,Lincoln,Placer,6061,"Sacramento-Roseville-Folsom, CA",40900,CA,Western Placer Unified School District,Carlin C. Coppin Elementary School,5,Glen Edwards Middle School,5,Lincoln High School,6,Lincoln,38.90555,-121.27342
aAf3x000001YjnTCAS,Heritage Placer Vineyards/Lazio,Lennar,,Active,,,Detached,Single-Family,7500,75,75x100,7/10/2021,,390,222,168,,12/1/2025,4.16,3,3.83,3.58,1903,2423,2133,551990,621262,590632.8,12/1/2025,3.99,,Other,,5000,Closing Cost w/ Preferred Lender,,,Other,270,,,1.16,,Active Adult,(916) 580-6480,https://www.lennar.com/new-homes/california/sacramento/roseville/heritage-placer-vineyards--active-adult/lazioactiveadult55,,0F546955-7548-4ECD-BFB9-F8A77962C2E1,2025Q3,89,58,13,10,0,0,62,0,23,0,31,38,7,229,62,3.1,15.7,7.9,TRUE,Active Adult,95747,Roseville,Placer,6061,"Sacramento-Roseville-Folsom, CA",40900,CA,Center Joint Unified School District,,,Wilson C. Riles Middle School,5,Center High,7,Roseville,38.74553,-121.3674
aAf3x000001YjnUCAS,Heritage Placer Vineyards/Emilia,Lennar,,Active,,,Detached,Single-Family,7150,65,65x110,7/10/2021,,405,228,177,,12/1/2025,4.28,6.67,5.5,5.58,2400,2993,2680,631652,734990,605662.63,12/1/2025,3.99,,Other,,5000,Closing Cost w/ Preferred Lender,,,Other,270,,,1.16,,Active Adult,(916) 580-6480 /916-292-1,https://www.lennar.com/new-homes/california/sacramento/roseville/heritage-placer-vineyards--active-adult/emiliaactiveadult55,,FE24E8CC-8C8A-4012-A6AC-B519C6EC5947,2025Q3,82,57,23,17,0,0,91,0,52,0,33,25,4,200,91,7.6,13.1,5.3,TRUE,Active Adult,95747,Roseville,Placer,6061,"Sacramento-Roseville-Folsom, CA",40900,CA,Center Joint Unified School District,,,Wilson C. Riles Middle School,5,Center High,7,Roseville,38.74612,-121.36746
aAf3x000001WY6nCAG,Seasons at Sierra Vista,Richmond American Homes,,Active,,,Detached,Single-Family,7500,75,75x100,2/20/2022,,143,135,8,6,11/14/2025,2.98,3.67,3.83,5.67,1730,2630,2090,568193,757521,615665.67,12/4/2025,4,,Closing Cost w/ Preferred Lender,,,No Incentives Confirmed,3,,Final Price,116.75,,,1.22,,Gated,(916) 472-7385,https://www.richmondamerican.com/c/32300000?ch=online&ls=inventory-site&ta=bdx&td=link&utm_source=bdx&utm_medium=inventory-site&utm_campaign=sac-sac-community,,9D2FD4F1-9D89-4415-832A-7D5C126D81E1,2025Q3,46,63,0,10,0,0,0,0,0,0,8,17,3,115,0,0,5.3,3.2,TRUE,Non Active Adult,95747,Roseville,Placer,6061,"Sacramento-Roseville-Folsom, CA",40900,CA,Center Joint Unified School District,,,Wilson C. Riles Middle School,5,Center High,7,Roseville,38.76011,-121.38129
aAf3x000001WcPNCA0,Esplanade at Madeira Ranch,Taylor Morrison,,Active,,,Detached,Single-Family,4500,,45x100,10/7/2023,,606,115,491,16,12/8/2025,4.37,6.33,4.67,4.17,1522,2979,2239,514999,824999,673749,12/8/2025,,10000,Closing Cost w/ Preferred Lender,,10000,Closing Cost w/ Preferred Lender,2,,Base Price,350,,,1.05,,Active Adult,(916) 932-0959,https://www.taylormorrison.com/ca/sacramento/elk-grove/esplanade-at-madeira-ranch,,2A8BF056-2313-4BF1-A47C-3A8D43CB2732,2025Q3,67,54,19,17,315,0,0,0,166,0,31,11,7,76,315,29.7,10.9,2.4,TRUE,Active Adult,95842,Elk Grove,Sacramento,6067,"Sacramento-Roseville-Folsom, CA",40900,CA,Elk Grove Unified School District,Zehnder Ranch Elementary,8,Elizabeth Pinkerton Middle School,8,Cosumnes Oaks High School,10,Laguna / Elk Grove,38.38459,-121.3915
aAf3x000001WdcmCAC,Wildhawk North/Bluestone,Taylor Morrison,,Active,,,Detached,Single-Family,3200,32,32x100,10/22/2022,,149,116,33,3,12/8/2025,3.05,3.33,2.83,2.92,1556,1778,1687,519999,538999,530749,12/8/2025,,25000,Closing Cost w/ Preferred Lender,,25000,Closing Cost w/ Preferred Lender,2,,Base Price,0,,,1.86,,,(916) 634-0975,https://www.taylormorrison.com/ca/sacramento/sacramento/bluestone-at-wildhawk-north,,7321AB93-6AC9-4DF9-8B42-83BA485351DE,2025Q3,58,31,12,21,0,0,0,0,37,0,23,4,2,84,0,7.7,11.2,1.5,TRUE,Non Active Adult,95829,Sacramento,Sacramento,6067,"Sacramento-Roseville-Folsom, CA",40900,CA,Elk Grove Unified School District,Sierra-Enterprise Elementary School,6,Katherine L. Albiani Middle School,8,Pleasant Grove High School,9,Florin / Vineyard,38.4819,-121.31615
aAf3x000001WdzQCAS,Ascent at Montelena,Pulte Homes,PulteGroup Inc.,Active,,,Detached,Single-Family,7200,72,72x100,5/7/2022,,127,106,21,3,10/24/2025,2.52,2.33,2.17,3.08,2526,2973,2783,625990,675990,654990,10/24/2025,,,Other,,,Other,2,,Base Price,0,,,1.49,N/A,,(916) 302-8760,https://www.pulte.com/homes/california/sacramento/rancho-cordova/ascent-at-montelena-210916,,23BEFF00-5B6D-45EE-9A7D-C252816420D5,2025Q3,38,47,12,5,0,0,0,0,15,0,18,3,4,87,0,4.7,6.4,0.8,TRUE,Non Active Adult,95742,Rancho Cordova,Sacramento,6067,"Sacramento-Roseville-Folsom, CA",40900,CA,Elk Grove Unified School District,Sunrise Elementary School,7,Katherine L. Albiani Middle School,8,Pleasant Grove High School,9,Rancho Cordova,38.55569,-121.232
aAf3x000001WeYqCAK,Saratoga Estates/Ponderosa,Elliott Homes,,Active,,,Detached,Single-Family,6000,60,60x100,4/1/2022,,56,46,10,12,12/10/2025,1.03,1.67,1.5,1.58,2437,3666,2945,939950,1090950,724565,12/10/2025,,,Other,,,No Incentives Confirmed,2,,Base Price,115,,,1.06,special tax assessment fees,Gated,(916) 936-5608,https://www.elliotthomes.com/communities/california/sacramento/ponderosa-at-saratoga-estates?utm_source=bdx&utm_medium=feed&utm_campaign=bdx&utm_content=ponderosa-at-saratoga-estates,,071BBF59-83F1-4C9D-ABD1-3F7598EDFF5E,2025Q3,0,16,0,2,0,0,0,0,0,0,0,15,0,41,0,,11.3,11.3,TRUE,Non Active Adult,95762,El Dorado Hills,El Dorado,6017,"Sacramento-Roseville-Folsom, CA",40900,CA,Buckeye Union Elementary School District,William Brooks Elementary School,8,Oak Ridge High School; Rolling Hills Middle School,10; 8,Oak Ridge High School,10,El Dorado Hills,38.65453,-121.08207
aAf3x000001WfmoCAC,Hidden Ridge,Toll Brothers,,Active,,,Detached,Single-Family,9000,,75x120,5/15/2022,,90,88,2,,10/28/2025,2.1,0,0.67,1.33,3006,4022,3500,1004995,1299000,1176496.67,10/28/2025,3.49,,Closing Cost w/ Preferred Lender,,,No Incentives Confirmed,,15000,Flat,247,,,1.06,"1298/year.  tax rate is stacey's tentative estimate, may be significantly different come open date.",Gated,(530) 618-8899,https://www.tollbrothers.com/luxury-homes-for-sale/California/Hidden-Ridge,,E9CBD5A0-C6DB-40FB-8180-BD763975B05B,2025Q3,17,33,0,9,0,0,0,0,0,0,2,2,1,85,0,0,1.8,0.7,TRUE,Non Active Adult,95762,El Dorado Hills,El Dorado,6017,"Sacramento-Roseville-Folsom, CA",40900,CA,Rescue Union Elementary School District,Green Valley Elementary School,7,Pleasant Grove Middle School,6,Ponderosa High School,9,El Dorado Hills,38.67384,-121.02584
aAf3x000001WgRvCAK,Jubilee at Independence,TRI Pointe Homes,"TRI Pointe Homes, Inc.",Active,,,Detached,Single-Family,6000,60,60x100,4/20/2024,,90,49,41,5,11/19/2025,2.55,2.67,2.33,2.5,1752,2129,1934,565045,620898,589048.33,11/21/2025,3.75,,Other,,20000,Closing Cost w/ Preferred Lender,,10000,Flat,0,,,1.06,,,(916) 412-7557,https://www.tripointehomes.com/ca/sacramento/jubilee-at-independence/,,4AFE9D44-DA2A-4F7E-89B3-89F54C555085,2025Q3,21,29,7,4,0,0,0,0,31,0,7,10,2,40,0,17.7,7.9,4.1,TRUE,Non Active Adult,95648,Lincoln,Placer,6061,"Sacramento-Roseville-Folsom, CA",40900,CA,Western Placer Unified School District,Twelve Bridges Elementary School,7,Twelve Bridges Middle School,8,Twelve Bridges High School,7,Lincoln,38.86959,-121.27006
aAf3x000001Wi8XCAS,Long Meadow,Risewell Homes,,Active,,,Detached,Single-Family,4247,,,8/19/2023,,122,95,27,5,11/4/2025,3.54,1,3.33,3.17,2238,2769,2434,690000,737200,566886,12/11/2025,4.99,,Other,,,Other,3,,Other,28,,,1.25,,,(916) 458-5061 /916-461-8,https://risewellhomes.com/northern-california/sacramento-new-homes/neighborhoods/long-meadow,,AD8BF2BB-C8FA-48CD-8C74-DC52673B24F2,2025Q3,39,49,5,20,0,0,0,0,8,0,8,3,3,100,0,2.5,3.4,0.7,TRUE,Non Active Adult,95624,Elk Grove,Sacramento,6067,"Sacramento-Roseville-Folsom, CA",40900,CA,Elk Grove Unified School District,Roy Herburger Elementary School,6,"Edward Harris, Jr. Middle School",6,Monterey Trail High School,7,Laguna / Elk Grove,38.43898,-121.39172
aAf3x000001WjVFCA0,Whitehawk,Anthem United,,Active,,,Detached,Single-Family,10000,100,100x100,3/17/2023,,55,47,8,,8/8/2025,1.62,1.67,1.17,0.83,2781,3733,3400,1414757,1696431,1604450.4,8/8/2025,,50000,Closing Cost w/ Preferred Lender,,,No Incentives Confirmed,3,,Base Price,315,,,1.05,Mello Roos $400 per month,,(916) 460-9674,https://anthemproperties.com/property/whitehawk/,,7CA364F9-026C-41EF-BB5D-BF5AB4E0CDB4,2025Q3,9,18,1,5,0,0,0,0,0,0,4,6,2,43,0,0,8,4,TRUE,Non Active Adult,95746,Granite Bay,Placer,6061,"Sacramento-Roseville-Folsom, CA",40900,CA,Eureka Union School District,Greenhills Elementary School; Ridgeview Elementary School,9; 8,Willma Cavitt Junior High School,9,Granite Bay High School,10,Auburn / Granite Bay,38.74375,-121.21074
aAf3x000001WnyKCAS,Magnolia,Tim Lewis Communities,,Active,,,Detached,Single-Family,43750,175,175x250,3/11/2023,,89,67,22,2,12/1/2025,2.02,2.67,1.67,2,3765,5104,4414,2044000,2435000,2245600,12/1/2025,,30000,Options/Upgrades,,10000,Options/Upgrades,,25000,Flat,304,,,1.09,,,(916) 787-3494 / 408-502-,https://www.timlewis.com/communities/magnolia-granite-bay/,,5BEEE214-4775-4172-8819-31E4AD627E68,2025Q3,26,32,3,10,0,0,0,0,24,0,13,5,2,45,0,11.1,7.5,1.9,TRUE,Non Active Adult,95746,Granite Bay,Placer,6061,"Sacramento-Roseville-Folsom, CA",40900,CA,Eureka Union School District,Greenhills Elementary School; Excelsior Elementary School,9; 7,Olympus Junior High School,9,Granite Bay High School,10,Auburn / Granite Bay,38.75256,-121.21506
aAf3x000001Wo6iCAC,Valley Oak/Parks,Risewell Homes,,Active,,,Detached,Single-Family,6150,,50x123,7/22/2023,,59,58,1,2,11/13/2025,2.07,0.67,1,2.17,2479,3371,3119,779295,975000,896012.5,11/13/2025,1.99,,Closing Cost w/ Preferred Lender,,,No Incentives Confirmed,2.5,,Final Price,0,,,1.07,Mello Roos $330 monthly,,(916) 633-0264,https://risewellhomes.com/northern-california/sacramento-new-homes/neighborhoods/the-parks-at-valley-oak,,E455CF1E-C252-487D-95A5-E9225B31A716,2025Q3,19,31,0,15,0,0,0,0,0,0,0,2,1,56,0,0,1.2,0.8,TRUE,Non Active Adult,95747,Roseville,Placer,6061,"Sacramento-Roseville-Folsom, CA",40900,CA,Roseville City Elementary School District,Blue Oaks Elementary School,7,Robert C. Cooley Middle School,7,Oakmont High School,9,Roseville,38.78683,-121.32775
aAf3x000001WopqCAC,Laurel at Elliott Springs,Elliott Homes,,Active,,,Detached,Single-Family,5775,55,55X105,4/1/2023,,217,117,100,11,12/10/2025,3.58,3.33,3,3.25,1609,2498,2048,666950,796950,722950,12/10/2025,4.99,,Other,,,No Incentives Confirmed,1,,Base Price,0,,,1.05,,,(916) 994-0929,https://www.elliotthomes.com/communities/california/sacramento/laurel-at-elliott-springs?utm_source=bdx&utm_medium=feed&utm_campaign=bdx&utm_content=laurel-at-elliott-springs,,6B73E8DF-EABA-4FDD-B2F4-01F22F5BCBFD,2025Q3,51,52,0,5,0,0,0,0,85,0,18,12,4,98,0,20,7.8,2.8,TRUE,Non Active Adult,95624,Elk Grove,Sacramento,6067,"Sacramento-Roseville-Folsom, CA",40900,CA,Elk Grove Unified School District,James A. Mckee Elementary School,5,Joseph Kerr Middle School,7,Elk Grove High School,7,Laguna / Elk Grove,38.42661,-121.35345
aAf3x000001WpHGCA0,FOUR40 West,BlackPine Communities,,Active,,,Attached,Townhomes,,,,2/21/2025,,106,6,100,,11/4/2025,0.71,0.33,0.67,,1456,1989,1722,584990,674990,632490,11/4/2025,,,No Incentives Confirmed,,,No Incentives Confirmed,2,,Base Price,159,,,1.13,,Townhomes,(916) 276-1767,https://www.blackpinecommunities.com/communities/four-40-west/index,,C15FA096-A836-4F51-A3E2-6C7B3FABEB9B,2025Q3,16,3,0,3,0,0,0,0,87,0,4,9,3,3,0,65.3,64,36,TRUE,Non Active Adult,95818,Sacramento,Sacramento,6067,"Sacramento-Roseville-Folsom, CA",40900,CA,Sacramento City Unified School District,William Land Elementary School,8,Miwok Middle,7,C. K. Mcclatchy High School,6,Pocket / Land Park,38.56598,-121.50571
aAf3x000001WpvECAS,Madeira Ranch/Homestead,Taylor Morrison,,Active,,,Detached,Single-Family,5775,55,55x105,10/29/2022,,123,114,9,5,11/11/2025,3.09,1.33,2.17,2.5,2127,2782,2495,677999,757999,722332.33,11/11/2025,3.75,,Other,,10000,Closing Cost w/ Preferred Lender,2,,Base Price,0,,,2.16,,,(916) 549-3103,https://www.taylormorrison.com/ca/sacramento/elk-grove/homestead-at-madeira-ranch,,364E5C11-4998-4DB8-94E5-BE26DB537F1B,2025Q3,42,33,17,16,0,0,0,0,0,0,18,3,2,100,0,0,8.4,1.1,TRUE,Non Active Adult,95757,Elk Grove,Sacramento,6067,"Sacramento-Roseville-Folsom, CA",40900,CA,Elk Grove Unified School District,Zehnder Ranch Elementary,8,Elizabeth Pinkerton Middle School,8,Cosumnes Oaks High School,10,Laguna / Elk Grove,38.39389,-121.40969
aAf3x000001WpvFCAS,Madeira Ranch/Orchard,Taylor Morrison,,Active,,,Detached,Single-Family,6300,60,60X105,11/17/2022,,173,124,49,4,11/11/2025,3.42,2.67,3,4.08,2480,3779,3206,752999,908999,818999,11/11/2025,,3.75,Other,,10000,Closing Cost w/ Preferred Lender,2,,Base Price,0,,,2.16,,,(916) 549-3103,https://www.taylormorrison.com/ca/sacramento/elk-grove/orchard-at-madeira-ranch,,59BB996D-A732-412A-A32A-6AC4AB32DC5E,2025Q3,49,51,14,17,0,0,0,0,52,0,20,0,2,99,0,12.7,5.2,0,TRUE,Non Active Adult,95757,Elk Grove,Sacramento,6067,"Sacramento-Roseville-Folsom, CA",40900,CA,Elk Grove Unified School District,Zehnder Ranch Elementary,8,Elizabeth Pinkerton Middle School,8,Cosumnes Oaks High School,10,Laguna / Elk Grove,38.39402,-121.40955
aAf3x000001WqBpCAK,Catalina at Delta Shores,Signature Homes,,Active,,,Detached,Single-Family,3200,40,40X80,6/24/2023,,136,57,79,2,12/1/2025,1.93,2,1.67,1.42,1940,2521,2242,580442,676894,622738.75,12/1/2025,,20000,Closing Cost w/ Preferred Lender,,10000,Closing Cost w/ Preferred Lender,2,,Base Price,140,,,1.15,mello roos 248/month,,(916) 256-2557,https://sighomes.com/catalina/,,71FA216D-FA50-484A-AB77-95B9C0C6920C,2025Q3,10,20,0,4,0,0,0,0,74,0,0,8,4,50,0,88.8,7.2,4.8,TRUE,Non Active Adult,95832,Sacramento,Sacramento,6067,"Sacramento-Roseville-Folsom, CA",40900,CA,Sacramento City Unified School District,John H. Still School,4,John H. Still School,4,Luther Burbank High School,4,Pocket / Land Park,38.45935,-121.48662
aAf3x000001WqBqCAK,Coronado at Delta Shores,Signature Homes,,Active,,,Detached,Single-Family,4000,50,50x80,6/24/2023,,87,80,7,,11/30/2025,2.71,3.67,2.33,2.25,2500,2871,2685,679380,705355,694318,11/30/2025,,20000,Closing Cost w/ Preferred Lender,,10000,Closing Cost w/ Preferred Lender,2,,Base Price,140,,,1.15,248/month mello roos,,(916) 426-4928,https://sighomes.com/coronado/,,35F7E197-0F29-4590-AA95-F715798A0113,2025Q3,18,21,8,7,0,0,0,0,2,0,11,6,3,65,0,1.3,11.4,3.4,TRUE,Non Active Adult,95832,Sacramento,Sacramento,6067,"Sacramento-Roseville-Folsom, CA",40900,CA,Sacramento City Unified School District,John H. Still School,4,John H. Still School,4,Luther Burbank High School,4,Pocket / Land Park,38.45937,-121.48678
aAf3x000001WqF2CAK,Dry Creek Oaks,Riverland Homes,,Active,,,Detached,Single-Family,5000,50,50x100,8/20/2022,,206,93,113,4,8/27/2025,2.54,4.33,3.67,2.5,1480,2105,1795,499900,599853,547039,12/10/2025,,15000,Closing Cost,,15000,Closing Cost w/ Preferred Lender,,,Flat,210.77,,,1.16,1205/yr mello roos,Active Adult,(916) 550-9621,https://riverlandhomes.com/dry-creek-oaks/,,FEAAD981-5F55-4509-9CB9-932EE7602320,2025Q3,38,41,10,14,0,0,0,0,75,0,18,7,5,101,0,23.7,8.8,2,TRUE,Active Adult,95632,Galt,Sacramento,6067,"Sacramento-Roseville-Folsom, CA",40900,CA,Galt Joint Union Elementary School District,River Oaks Elementary School,5,Mccaffrey Middle School,6,Galt High School,5,South Sacramento County,38.2524,-121.28653
aAf3x000001WqQHCA0,Trailside at The Rivers,Century Communities,"Century Communities, Inc.",Active,,,Detached,Single-Family,4500,,,12/29/2022,,120,102,18,4,9/23/2025,3.07,2.33,3.17,3.67,1910,2557,2242,560990,633990,600740,12/5/2025,,20000,Closing Cost w/ Preferred Lender,,20000,Closing Cost w/ Preferred Lender,,15000,Flat,334,,,1.7,,,(209) 327-5274,https://www.centurycommunities.com/find-your-home/california/northern-california-metro/west-sacramento/the-rivers/trailside-at-the-rivers,,9E180B4B-4BA6-4815-B643-B4029B051859,2025Q3,51,69,17,1,0,0,0,0,0,0,21,0,2,97,0,0,4,0,TRUE,Non Active Adult,95691,West Sacramento,Yolo,6113,"Sacramento-Roseville-Folsom, CA",40900,CA,,Westfield Village Elementary School; Westmore Oaks Elementary School,3; 3,Westfield Village Elementary School; Westmore Oaks Elementary School,3; 3,River City High School,7,West Sacramento,38.58046,-121.53023
aAf3x000001Wr7DCAS,Wildhawk South/Anchor,Taylor Morrison,,Active,,,Detached,Single-Family,5300,,55x100,6/17/2023,,264,109,155,10,12/8/2025,3.63,2,2.5,3.17,2262,2921,2600,617999,670999,642749,12/8/2025,,5000,Closing Cost w/ Preferred Lender,,5000,Closing Cost w/ Preferred Lender,2,,Base Price,0,,,1.71,,,(916) 634-0975,https://www.taylormorrison.com/ca/sacramento/sacramento/anchor-at-wildhawk-south,,6DBF382A-9082-446E-9D35-531DA6E0E540,2025Q3,77,77,5,26,0,0,0,0,164,0,5,13,3,78,0,25.6,3.3,2,TRUE,Non Active Adult,95829,Sacramento,Sacramento,6067,"Sacramento-Roseville-Folsom, CA",40900,CA,Elk Grove Unified School District,Arnold Adreani Elementary School; Sierra-Enterprise Elementary School,8; 6,Katherine L. Albiani Middle School,8,Pleasant Grove High School,9,Florin / Vineyard,38.4816,-121.32237
aAf3x000001WrYbCAK,Hamilton Park,KB Home,,Active,,,Detached,Single-Family,3000,,30x100,12/15/2024,,85,35,50,3,11/24/2025,3.06,2.33,3.33,,1400,2111,1781,479990,568990,522333,11/24/2025,,10000,Closing Cost w/ Preferred Lender,,10000,Closing Cost w/ Preferred Lender,2,,Base Price,0,,,2.04,,,(916) 252-4099,https://www.kbhome.com/new-homes-sacramento/hamilton-park?utm_source=bdx&utm_medium=listing&utm_division=Sacramento&utm_community=Hamilton Park,,1CE9FD8B-F7FB-4DDE-BE94-093DDF3BF0E2,2025Q3,38,20,10,10,0,0,0,0,45,0,11,7,2,20,0,14.2,12,4.2,TRUE,Non Active Adult,95624,Elk Grove,Sacramento,6067,"Sacramento-Roseville-Folsom, CA",40900,CA,Elk Grove Unified School District,Ellen Feickert Elementary School; James A. Mckee Elementary School,6; 5,Joseph Kerr Middle School,7,Elk Grove High School,7,Laguna / Elk Grove,38.43413,-121.37166
aAf3x000001QHe8CAG,Wildhawk North/Oakbridge,Taylor Morrison,,Active,,,Detached,Single-Family,3200,32,32x100,10/22/2022,,229,145,84,3,12/8/2025,3.82,5,2.5,3.67,1854,2248,2057,497000,598999,559749.25,12/8/2025,,25000,Closing Cost w/ Preferred Lender,,25000,Closing Cost w/ Preferred Lender,2,,Base Price,0,,,1.86,,,(916) 634-0975,https://www.taylormorrison.com/ca/sacramento/sacramento/oakbridge-at-wildhawk-north,,EA73676D-87CE-4EA2-9F3B-E6886F74D5F4,2025Q3,62,48,18,14,0,0,0,0,101,0,24,0,2,106,0,19.5,6.5,0,TRUE,Non Active Adult,95829,Sacramento,Sacramento,6067,"Sacramento-Roseville-Folsom, CA",40900,CA,Elk Grove Unified School District,Sierra-Enterprise Elementary School,6,Katherine L. Albiani Middle School,8,Pleasant Grove High School,9,Florin / Vineyard,38.4819,-121.31615
aAf3x000001QHeDCAW,Wildhawk South/Latitude,Taylor Morrison,,Active,,,Detached,Single-Family,6300,,55x100,6/17/2023,,136,81,55,6,12/8/2025,2.69,2,1.83,1.92,2504,3392,2986,684999,779999,725249,12/8/2025,,20000,Closing Cost w/ Preferred Lender,,20000,Closing Cost w/ Preferred Lender,2,,Base Price,0,,,1.71,,,(916) 634-0975,https://www.taylormorrison.com/ca/sacramento/sacramento/latitude-at-wildhawk-south,,3175A917-EEC4-46E3-804F-CDB9C4AA5C39,2025Q3,4,25,0,0,0,0,0,0,85,0,0,1,3,47,0,255,1.9,0.5,TRUE,Non Active Adult,95829,Sacramento,Sacramento,6067,"Sacramento-Roseville-Folsom, CA",40900,CA,Elk Grove Unified School District,Arnold Adreani Elementary School; Sierra-Enterprise Elementary School,8; 6,Katherine L. Albiani Middle School,8,Pleasant Grove High School,9,Florin / Vineyard,38.4816,-121.32237
aAf3x000001QIrHCAW,Canyon Creek,Fieldstone Communities,,Active,,,Detached,Single-Family,14520,,,10/29/2022,,23,21,2,2,12/5/2025,0.56,0.33,0.33,0.67,2713,4101,3337,1099900,1273055,1218193.2,12/5/2025,,,No Incentives Confirmed,,,No Incentives Confirmed,2,,Base Price,103,,,,,,(530) 288-6398,https://fieldstonecommunitiesllc.com/canyoncreek-auburn/,,BA50DE3E-066A-44DD-ABC5-CEED60A61C83,2025Q3,1,10,0,4,0,0,0,0,0,0,1,2,0,20,0,0,3.6,2.4,TRUE,Non Active Adult,95603,Auburn,Placer,6061,"Sacramento-Roseville-Folsom, CA",40900,CA,Auburn Union Elementary School District,Skyridge Elementary School,5,EV Cain Middle,4,Placer High School,8,Auburn / Granite Bay,38.87977,-121.06903
aAf3x000001QLqfCAG,Oakhaven,Blue Mountain Communities,,Active,,,Detached,Single-Family,22000,,,2/3/2024,,29,10,19,,10/10/2025,0.49,0,0.17,0.33,3442,4208,3825,1460000,1590000,1525000,10/10/2025,,,Other,,,Other,2,,Base Price,379,,,1,,,(707) 416-1712,https://bluemountaincommunities.com/communities/oakhaven-in-rescue/,,27362E23-5D84-40BC-8BA8-F047223F1B44,2025Q3,6,5,0,1,0,0,0,0,6,0,2,1,0,5,0,12,7.2,2.4,TRUE,Non Active Adult,95672,Rescue,El Dorado,6017,"Sacramento-Roseville-Folsom, CA",40900,CA,Rescue Union Elementary School District,Rescue Elementary School,7,Pleasant Grove Middle School,6,Ponderosa High School,9,Cameron Park,38.7014,-121.02248
aAf3x000001QMNwCAO,The Glen,Blue Mountain Communities,,Active,,,Detached,Single-Family,4500,,50x90,10/1/2022,,33,18,15,,11/17/2025,0.47,0,0.17,0.67,1873,2590,2343,804990,899990,861656.67,11/17/2025,5.88,,Other,,,No Incentives Confirmed,2,,Base Price,215,,,1.08,,,(707) 416-1712,https://bluemountaincommunities.com/communities/the-glen-granite-bay/,,F87EA3D9-1BE4-4A64-A2DB-D51964FECE97,2025Q3,5,9,0,1,0,0,0,0,7,0,1,5,2,18,0,16.8,10.7,6.7,TRUE,Non Active Adult,95746,Granite Bay,Placer,6061,"Sacramento-Roseville-Folsom, CA",40900,CA,Eureka Union School District,Oakhills Elementary School; Ridgeview Elementary School,10; 8,Willma Cavitt Junior High School,9,Granite Bay High School,10,Auburn / Granite Bay,38.73601,-121.17389
aAf3x000001QMbQCAW,Sycamore at Cypress,Woodside Homes,,Active,,,Detached,Single-Family,4750,,48x100,3/16/2023,,27,26,1,1,10/28/2025,0.82,0.67,0.5,0.58,2166,2879,2520,640990,735990,685990,10/28/2025,4.99,,Other,,,No Incentives Confirmed,2,,Base Price,0,,,1.71,,,(916) 358-0385,https://www.woodsidehomes.com/findmyhome/northern-california/rancho-cordova/sycamore,,1F8C5F08-9804-4360-9A4E-A96D956F9D7D,2025Q3,0,8,0,2,0,0,0,0,2,0,0,1,0,26,0,,1.5,1.5,TRUE,Non Active Adult,95742,Rancho Cordova,Sacramento,6067,"Sacramento-Roseville-Folsom, CA",40900,CA,Elk Grove Unified School District,Sunrise Elementary School,7,Katherine L. Albiani Middle School,8,Pleasant Grove High School,9,Rancho Cordova,38.54717,-121.19454
aAf3x000001QMbRCAW,Valley Oak at Cypress,Woodside Homes,,Active,,,Detached,Single-Family,5000,,48x100,4/1/2023,,50,45,5,1,10/28/2025,1.44,1.33,0.83,1.25,1868,2433,2152,594990,674990,633990,10/28/2025,4.99,,Other,,,No Incentives Confirmed,2,,Base Price,0,,,1.76,,,(916) 358-0385,https://www.woodsidehomes.com/findmyhome/northern-california/rancho-cordova/valley-oak-arista,,A03DDBBE-83BF-4A45-A071-0C21BBDC46D8,2025Q3,13,14,0,3,0,0,0,0,2,0,4,5,2,38,0,1.8,9.4,4.3,TRUE,Non Active Adult,95742,Rancho Cordova,Sacramento,6067,"Sacramento-Roseville-Folsom, CA",40900,CA,Elk Grove Unified School District,Sunrise Elementary School,7,Katherine L. Albiani Middle School,8,Pleasant Grove High School,9,Rancho Cordova,38.54714,-121.19456
aAf3x000001QNIECA4,Cresleigh Ranch/Magnolia Station,Cresleigh Homes,,Active,,,Detached,Single-Family,8850,,78x100,3/18/2023,,81,72,9,3,11/10/2025,2.24,0,0.17,1.17,2293,3731,2993,693000,865000,773200,11/10/2025,4,,Closing Cost w/ Preferred Lender,4,,Closing Cost w/ Preferred Lender,2,,Base Price,0,,,1.6,,,(916) 333-1919,https://cresleigh.com/magnolia-station/,,6BA25BE8-DAAD-4E2B-8913-94138C7FB033,2025Q3,12,20,0,3,0,0,0,0,0,0,5,2,3,71,0,0,6,1.2,TRUE,Non Active Adult,95742,Rancho Cordova,Sacramento,6067,"Sacramento-Roseville-Folsom, CA",40900,CA,Elk Grove Unified School District,Sunrise Elementary School,7,Katherine L. Albiani Middle School,8,Pleasant Grove High School,9,Rancho Cordova,38.55631,-121.22176
aAf3x000001QNSVCA4,Estates at Newport,Seeno Homes,,Active,,,Detached,Single-Family,5500,,55x100,10/1/2022,,159,62,97,,10/15/2025,1.68,3.67,1.83,1.5,2105,3123,2716,741000,874000,814500,11/12/2025,,5000,Closing Cost w/ Preferred Lender,,5000,Closing Cost w/ Preferred Lender,1.5,,Final Price,0,,,,,,(925) 440-3055,http://www.discoveryhomes.com/west-sacramento-ca/the-estates-at-newport,,84D67196-C1D2-4F19-9B7C-6D4B942C4772,2025Q3,26,16,5,0,0,0,46,0,23,0,20,4,4,62,46,10.6,21,3,TRUE,Non Active Adult,95691,West Sacramento,Yolo,6113,"Sacramento-Roseville-Folsom, CA",40900,CA,,Stonegate Elementary School,6,Stonegate Elementary School,6,River City High School,7,West Sacramento,38.54786,-121.51609
aAf3x000001QNcDCAW,RiverView,Reynen & Bardis Homes,,Active,,,Detached,Single-Family,5000,50,50x100,6/17/2023,,30,23,7,4,11/20/2025,0.78,1.33,0.67,0.5,1895,3388,2749,725086,829990,514346.5,11/20/2025,,40000,Closing Cost w/ Preferred Lender,,,No Incentives Confirmed,,10000,Flat,165,,,1.25,mello roos,,(916) 437-4337 / (916) 41,https://www.rbhomes.com/communities/riverview/,,BBDD0500-3085-4ED4-9C95-8F5D3BB92E11,2025Q3,1,9,1,1,0,0,0,0,2,0,1,5,4,18,0,24,13.3,6.7,TRUE,Non Active Adult,95683,Rancho Murieta,Sacramento,6067,"Sacramento-Roseville-Folsom, CA",40900,CA,Elk Grove Unified School District,Cosumnes River Elementary School,8,Katherine L. Albiani Middle School,8,Pleasant Grove High School,9,East Sacramento County,38.48926,-121.07484
aAf3x000001QPscCAG,Villas at The Preserve,KB Home,,Active,,,Detached,Single-Family,5000,,,10/20/2023,,193,122,71,4,12/4/2025,4.73,6.33,3.33,4.67,1552,2802,2198,484990,595990,524323.33,12/4/2025,,5000,Closing Cost w/ Preferred Lender,,5000,Closing Cost w/ Preferred Lender,2,,Base Price,144,,,1.8,,Temporarily Sold Out,(916) 299-9330,https://www.kbhome.com/new-homes-sacramento/villas-at-the-preserve?utm_source=bdx&utm_medium=listing&utm_division=Sacramento&utm_community=Villas%20at%20The%20Preserve,,55C2F8AF-F4DD-4418-8E5D-F87DE2B64916,2025Q3,73,54,8,17,0,0,33,0,54,0,18,10,3,75,33,8.9,6.9,2.2,TRUE,Non Active Adult,95843,Antelope,Sacramento,6067,"Sacramento-Roseville-Folsom, CA",40900,CA,Center Joint Unified School District,Arthur S. Dudley Elementary School,4,Wilson C. Riles Middle School,5,Center High,7,Antelope,38.71012,-121.38708
aAf3x000001QUZbCAO,Wildhawk North/Trailhead,Taylor Morrison,,Active,,,Detached,Single-Family,3600,,36x100,1/7/2023,,230,103,127,4,12/8/2025,2.91,2.67,1.67,1.67,2188,2437,2307,580999,614999,598249,12/8/2025,,25000,Closing Cost w/ Preferred Lender,,25000,Closing Cost w/ Preferred Lender,2,,Base Price,0,,,1.86,,,(916) 685-1808 »,https://www.taylormorrison.com/ca/sacramento/sacramento/trailhead-at-wildhawk-north,,5E3B55F3-B1CD-4F27-8675-D1531A8D610C,2025Q3,26,27,10,5,0,0,0,0,130,0,10,2,3,86,0,60,6.7,0.9,TRUE,Non Active Adult,95829,Sacramento,Sacramento,6067,"Sacramento-Roseville-Folsom, CA",40900,CA,Elk Grove Unified School District,Arnold Adreani Elementary School,8,Katherine L. Albiani Middle School,8,Pleasant Grove High School,9,Florin / Vineyard,38.48124,-121.32144
aAf3x000001QXHGCA4,Crowne Point/Woods,Tim Lewis Communities,,Active,,,Detached,Single-Family,6500,65,65x100,2/3/2024,,55,31,24,8,11/3/2025,1.46,1,0.67,1.92,2459,4080,3223,1004500,1214500,1118715,11/3/2025,2.5,,Closing Cost w/ Preferred Lender,,,Options/Upgrades,,15000,Flat,120,,,1.05,,,(916) 787-9495,https://www.timlewis.com/communities/the-woods-at-crowne-point/,,9B3135C4-C879-4484-8C4E-22BBBF3EFD56,2025Q3,20,19,3,8,0,0,0,0,12,0,12,6,2,23,0,7.2,12.6,3.8,TRUE,Non Active Adult,95677,Rocklin,Placer,6061,"Sacramento-Roseville-Folsom, CA",40900,CA,Loomis Union Elementary School District,,,,,Del Oro High School,10,Auburn / Granite Bay,38.79742,-121.19677
aAf3x000001QYqhCAG,Westbourne at The Grove,KB Home,,Active,,,Detached,Single-Family,4275,45,45x95,11/17/2023,,123,116,7,2,12/1/2025,4.69,1,0.83,3.58,1552,2124,1793,600870,798610,677095,12/7/2025,,5000,Closing Cost w/ Preferred Lender,,5000,Closing Cost w/ Preferred Lender,2,,Base Price,0,,,1.05,,,(916) 642-8590 / 916-640-,https://www.kbhome.com/new-homes-sacramento/westbourne-at-the-grove?utm_source=bdx&utm_medium=listing&utm_division=Sacramento&utm_community=Westbourne%20at%20The%20Grove,,D7695287-C8DC-47DF-A08C-CBFB3C5FF8F2,2025Q3,64,80,7,16,0,0,0,0,0,0,7,7,3,106,0,0,2.5,1.1,TRUE,Non Active Adult,95757,Elk Grove,Sacramento,6067,"Sacramento-Roseville-Folsom, CA",40900,CA,Elk Grove Unified School District,Zehnder Ranch Elementary,8,Elizabeth Pinkerton Middle School,8,Cosumnes Oaks High School,10,Laguna / Elk Grove,38.38479,-121.39705
aAf3x000001QZhlCAG,Cortese at Vineyard Parke,Lennar,,Active,,,Detached,Single-Family,4050,45,45x90,6/3/2023,,160,156,4,2,12/3/2025,5.14,1.33,2,3.5,2107,2776,2425,677990,723490,703490,12/3/2025,,,No Incentives Confirmed,,,No Incentives Confirmed,,,Other,0,,,1.05,,,(916) 740-9426,https://www.lennar.com/new-homes/california/sacramento/sacramento/cortese-at-vineyard-parke,,B87CA5B3-F481-41C1-B5E9-9AFA9773AD62,2025Q3,36,58,0,18,0,0,0,0,0,0,4,9,6,141,0,0,3.9,1.9,TRUE,Non Active Adult,95829,Sacramento,Sacramento,6067,"Sacramento-Roseville-Folsom, CA",40900,CA,Elk Grove Unified School District,Sierra-Enterprise Elementary School,6,Katherine L. Albiani Middle School,8,Pleasant Grove High School,9,Florin / Vineyard,38.49214,-121.37236
aAf3x000001Qct3CAC,Hayworth at The Grove,KB Home,,Active,,,Detached,Single-Family,5775,,55x105,1/26/2024,,90,84,6,4,12/1/2025,3.75,1.67,1.67,2.58,2002,3061,2481,695000,777740,737480.83,12/1/2025,,5000,Closing Cost w/ Preferred Lender,,5000,Closing Cost w/ Preferred Lender,2,,Base Price,0,,,1.05,,,(916) 647-5625,https://www.kbhome.com/new-homes-sacramento/hayworth-at-the-grove,,FFB4FB23-7BB7-4C45-9305-6D4228C50CA1,2025Q3,30,66,1,11,0,0,0,0,0,0,0,9,0,81,0,0,1.6,1.6,TRUE,Non Active Adult,95757,Elk Grove,Sacramento,6067,"Sacramento-Roseville-Folsom, CA",40900,CA,Elk Grove Unified School District,Zehnder Ranch Elementary,8,Elizabeth Pinkerton Middle School,8,Cosumnes Oaks High School,10,Laguna / Elk Grove,38.39016,-121.39205
aAf3x000001Qct8CAC,Fairfax at The Grove,KB Home,,Active,,,Detached,Single-Family,4725,,45x105,1/26/2024,,125,106,19,4,12/1/2025,4.73,1.67,1.83,3.75,1550,2713,2150,593775,738850,668234,12/2/2025,,5000,Closing Cost w/ Preferred Lender,,5000,Closing Cost w/ Preferred Lender,2,,Base Price,0,,,1.05,,,(916) 647-5965,https://www.kbhome.com/new-homes-sacramento/fairfax-at-the-grove,,A3C8108A-B359-4C0E-AB60-32403989D19A,2025Q3,71,81,15,6,0,0,0,0,1,0,18,10,3,93,0,0.2,4.6,1.5,TRUE,Non Active Adult,95757,Elk Grove,Sacramento,6067,"Sacramento-Roseville-Folsom, CA",40900,CA,Elk Grove Unified School District,Zehnder Ranch Elementary,8,Elizabeth Pinkerton Middle School,8,Cosumnes Oaks High School,10,Laguna / Elk Grove,38.39005,-121.39263
aAf3x000001QdJeCAK,Magnolia Village,Williams Homes,,Active,,,Attached,Townhomes,,,,5/1/2024,,32,29,3,4,12/5/2025,1.5,1.33,2.5,2.08,1494,1714,1604,417990,419990,418990,12/5/2025,,5000,Closing Cost w/ Preferred Lender,,5000,Closing Cost w/ Preferred Lender,2,,Base Price,351,,,1.76,,Townhomes,(800) 701-9857,https://www.williamshomes.com/new-home-communities/northern-california-sacramento/magnolia-village,,F2032351-6B1D-4315-B329-FEAFB885F39B,2025Q3,16,17,8,6,0,0,0,0,0,0,8,5,2,17,0,0,10.6,3.5,TRUE,Non Active Adult,95648,Lincoln,Placer,6061,"Sacramento-Roseville-Folsom, CA",40900,CA,Western Placer Unified School District,Creekside Oaks Elementary School,3,Glen Edwards Middle School,5,Lincoln High School,6,Lincoln,38.89266,-121.31
aAf3x000001QeDXCA0,Park at Granite Bay,Woodside Homes,,Active,,,Detached,Single-Family,8058,,56x105x66,6/22/2024,,55,23,32,,11/13/2025,1.36,1.33,1.83,1.42,2660,3948,3267,1013990,1248990,1137740,11/13/2025,,20000,Closing Cost w/ Preferred Lender,,,Options/Upgrades,2,,Final Price,273,,,1.05,,,(877) 590-4395,https://www.woodsidehomes.com/findmyhome/northern-california/granite-bay/the-park-at-granite-bay,,82884D76-F8A6-4B8D-9299-AA4FE986EA9E,2025Q3,3,11,0,5,0,0,0,0,35,0,2,3,2,13,0,140,7.6,3.3,TRUE,Non Active Adult,95661,Granite Bay,Placer,6061,"Sacramento-Roseville-Folsom, CA",40900,CA,Eureka Union School District,Maidu Elementary School; Excelsior Elementary School,8; 7,Olympus Junior High School,9,Granite Bay High School,10,Roseville,38.72614,-121.22675
aAf3x000001QeGRCA0,Cottages at The Preserve,KB Home,,Active,,,Detached,Single-Family,3500,35,35x100,4/6/2024,,70,69,1,1,12/4/2025,3.42,0.33,0.67,1.92,1537,1824,1669,477330,610033,533462.67,12/4/2025,,5000,Closing Cost w/ Preferred Lender,,,No Incentives Confirmed,2,,Base Price,144,,,1.8,,,(916) 680-6520,https://www.kbhome.com/new-homes-sacramento/cottages-at-the-preserve?utm_source=bdx&utm_medium=listing&utm_division=Sacramento&utm_community=Cottages%20at%20The%20Preserve,,621E7430-6683-4226-81C6-2760F0105E38,2025Q3,38,56,1,15,0,0,0,0,0,0,8,0,1,61,0,0,1.9,0,TRUE,Non Active Adult,95843,Antelope,Sacramento,6067,"Sacramento-Roseville-Folsom, CA",40900,CA,Center Joint Unified School District,Arthur S. Dudley Elementary School,4,Wilson C. Riles Middle School,5,Center High,7,Antelope,38.71011,-121.38782
aAf3x000001Qed1CAC,Highland at The Grove,KB Home,,Active,,,Detached,Single-Family,4750,50,50X95,11/4/2023,,167,121,46,3,12/1/2025,4.8,4,3.17,3.92,1429,1824,1663,559000,601990,583250,12/9/2025,,5000,Closing Cost w/ Preferred Lender,,5000,Closing Cost w/ Preferred Lender,2,,Base Price,0,,,1.9,,,(916) 647-5950,https://www.kbhome.com/new-homes-sacramento/highland-at-the-grove,,97BB8EB5-C826-4D97-B274-6CD68045D067,2025Q3,63,65,11,10,0,0,0,0,40,0,11,12,2,102,0,7.6,4.6,2.2,TRUE,Non Active Adult,95757,Elk Grove,Sacramento,6067,"Sacramento-Roseville-Folsom, CA",40900,CA,Elk Grove Unified School District,Zehnder Ranch Elementary,8,Elizabeth Pinkerton Middle School,8,Cosumnes Oaks High School,10,Laguna / Elk Grove,38.38348,-121.39824
aAf3x000001QejBCAS,Paseos at Carmichael,Homes by Towne,,Active,,,Detached,Single-Family,4500,,45x100,12/2/2023,,46,17,29,8,10/10/2025,0.75,1.67,1,1.17,1143,1938,1497,568000,625500,591166.67,10/10/2025,,,,,,,,,,,,,,,,916-262-8800,https://homesbytowne.com/california/the-paseos-at-carmichael,,B900A872-8928-42D6-AED9-20983E60B747,2025Q3,22,10,5,1,0,0,0,0,6,0,16,12,0,11,0,3.3,33.6,14.4,TRUE,Non Active Adult,95608,Carmichael,Sacramento,6067,"Sacramento-Roseville-Folsom, CA",40900,CA,San Juan Unified School District,Carmichael Elementary School,3,John Barrett Middle School,5,Del Campo High School,5,Carmichael / Fair Oaks,38.63772,-121.31121
aAfPc0000008vxBKAQ,Poppy Meadows/Marigold,Beazer Homes,,Active,,,Detached,Single-Family,5775,55,55x105,1/27/2024,,35,27,8,3,11/11/2025,1.24,0.33,0.67,0.58,2038,3101,2656,680990,812990,754156.67,12/7/2025,,15000,Closing Cost w/ Preferred Lender,,15000,Closing Cost w/ Preferred Lender,2,,Final Price,0,,,1.06,,,(279) 230-3552,https://www.beazer.com/sacramento-CA/elk-grove/poppy-meadows,,BCE9684C-61F7-4902-BC1D-6BBC628B9EAF,2025Q3,6,18,0,0,0,0,0,0,11,0,0,1,0,23,0,22,0.7,0.7,TRUE,Non Active Adult,95757,Elk Grove,Sacramento,6067,"Sacramento-Roseville-Folsom, CA",40900,CA,Elk Grove Unified School District,Zehnder Ranch Elementary,8,Elizabeth Pinkerton Middle School,8,Cosumnes Oaks High School,10,Laguna / Elk Grove,38.3905,-121.4072
aAfPc0000008w0PKAQ,Poppy Meadows/Primrose,Beazer Homes,,Active,,,Detached,Single-Family,5775,55,55x105,1/27/2024,,157,83,74,3,11/11/2025,3.82,5,5,4.08,2038,3101,2597,680990,812990,746490,12/7/2025,,15000,Other,,15000,Other,2,,Final Price,0,,,1.06,,,(279) 230-3552,https://www.beazer.com/sacramento-CA/elk-grove/poppy-meadows,,BC88838C-DB2B-495D-9C23-D58886DC8362,2025Q3,46,55,4,16,0,0,0,0,81,0,4,9,3,62,0,21.1,3.5,2,TRUE,Non Active Adult,95757,Elk Grove,Sacramento,6067,"Sacramento-Roseville-Folsom, CA",40900,CA,Elk Grove Unified School District,Zehnder Ranch Elementary,8,Elizabeth Pinkerton Middle School,8,Cosumnes Oaks High School,10,Laguna / Elk Grove,38.3905,-121.4072
aAfPc0000009YTtKAM,Heritage Carson Creek/Legends,Lennar,,Active,,,Detached,Single-Family,6000,,60x100,2/1/2024,,125,62,63,,12/1/2025,2.79,5.67,4.67,4.08,1251,2567,1914,571990,716717,651233.63,12/1/2025,3.99,,Other,,5000,Closing Cost w/ Preferred Lender,,,Other,244,,,1.03,,Active Adult,(916) 223-4782,https://www.lennar.com/new-homes/california/sacramento/el-dorado-hills/legends-at-heritage-carson-creek,,DD0F8AD1-DE3B-48EF-90A5-6FAD4D995132,2025Q3,48,43,10,6,0,0,0,0,30,0,22,21,6,46,0,7.5,13.7,5.9,TRUE,Active Adult,95762,El Dorado Hills,El Dorado,6017,"Sacramento-Roseville-Folsom, CA",40900,CA,Latrobe School District,Latrobe Elementary School; Miller's Hill School,10; 7,Oak Ridge High School; Miller's Hill School,10; 7,Oak Ridge High School,10,El Dorado Hills,38.62161,-121.0677
aAfPc0000009YVVKA2,Heritage Carson Creek/Roxbury,Lennar,,Active,,,Detached,Single-Family,4500,,45x100,3/1/2024,,142,62,80,,12/1/2025,2.92,2.67,3.33,4.58,1251,1437,1370,495990,527990,515323.33,12/1/2025,3.99,,Other,,5000,Closing Cost w/ Preferred Lender,,,Other,244,,,1.03,,Active Adult,(916) 223-4782,https://www.lennar.com/new-homes/california/sacramento/el-dorado-hills/roxbury-at-heritage-carson-creek,,BF816354-E127-42B2-BE24-4DF185E29EAE,2025Q3,43,45,8,10,0,0,0,0,52,0,23,16,3,48,0,14.5,11.2,4.3,TRUE,Active Adult,95762,El Dorado Hills,El Dorado,6017,"Sacramento-Roseville-Folsom, CA",40900,CA,Latrobe School District,Latrobe Elementary School; Miller's Hill School,10; 7,Oak Ridge High School; Miller's Hill School,10; 7,Oak Ridge High School,10,El Dorado Hills,38.62148,-121.06762
aAfPc0000009YX7KAM,Heritage Carson Creek/Mosaic,Lennar,,Active,,,Detached,Single-Family,4500,,45x100,7/1/2023,,142,35,107,,9/22/2025,1.29,6.67,3.67,2.25,1497,1784,1651,533122,584560,372087,12/1/2025,3.99,,Other,,5000,Closing Cost w/ Preferred Lender,,,Other,238,,,1.03,,Active Adult,(916) 223-4782,https://www.lennar.com/new-homes/california/sacramento/el-dorado-hills/heritage-carson-creek--active-adult/legends-ii--active-adult-55?utm_source=gmb&utm_medium=listing&utm_campaign=lsclen_social-organic_gmb_heritage-carson-creek,,7E3EBAD6-D7DA-4B20-BF03-26DC54B088C3,2025Q3,60,25,19,11,0,0,0,0,63,0,29,21,4,25,0,12.6,25.9,10.1,TRUE,Active Adult,95762,El Dorado Hills,El Dorado,6017,"Sacramento-Roseville-Folsom, CA",40900,CA,Latrobe School District,Latrobe Elementary School; Miller's Hill School,10; 7,Oak Ridge High School; Miller's Hill School,10; 7,Oak Ridge High School,10,El Dorado Hills,38.62148,-121.06762
aAfPc000000A4OvKAK,Cascade at Elliott Springs,Elliott Homes,,Active,,,Detached,Single-Family,6300,60,60X105,3/16/2024,,172,65,107,9,10/7/2025,3.43,3,3.17,3.25,1945,3372,2575,734950,934950,820950,10/7/2025,,,Other,,,No Incentives Confirmed,1,,Base Price,0,,,1.05,,,(916) 994-0930,https://www.elliotthomes.com/communities/california/sacramento/cascade-at-elliott-springs,,EB686B90-288F-41E3-B53C-2CAB5B617FA3,2025Q3,42,24,17,0,0,0,0,0,85,0,42,1,4,40,0,24.3,23.5,0.5,TRUE,Non Active Adult,95624,Elk Grove,Sacramento,6067,"Sacramento-Roseville-Folsom, CA",40900,CA,Elk Grove Unified School District,James A. Mckee Elementary School,5,Joseph Kerr Middle School,7,Elk Grove High School,7,Laguna / Elk Grove,38.4276,-121.35924
aAfPc000000FRMVKA4,Edgewater at Delta Shores,KB Home,,Active,,,Detached,Single-Family,5000,50,50x100,5/18/2024,,81,50,31,4,12/4/2025,2.66,5,3.5,2.67,1685,2693,2239,581990,645990,614740,12/4/2025,,5000,Closing Cost w/ Preferred Lender,,5000,Closing Cost w/ Preferred Lender,2,,Base Price,128,,,,,,(916) 604-9540,https://www.kbhome.com/new-homes-sacramento/edgewater?utm_source=bdx&utm_medium=listing&utm_division=Sacramento&utm_community=Edgewater%20at%20Delta%20Shores,,82D27102-BB18-4A20-A6F4-37DB54E7B732,2025Q3,15,30,1,10,0,0,0,0,37,0,1,11,2,30,0,29.6,5.6,4.4,TRUE,Non Active Adult,95832,Sacramento,Sacramento,6067,"Sacramento-Roseville-Folsom, CA",40900,CA,Sacramento City Unified School District,John H. Still School,4,John H. Still School,4,Luther Burbank High School,4,Pocket / Land Park,38.46586,-121.50294
aAfPc000000GWOwKAO,Riva at Delta Shores,KB Home,,Active,,,Detached,Single-Family,3600,40,40x90,5/18/2024,,112,42,70,,12/4/2025,2.24,0.67,2.17,2.08,1795,2236,2044,494990,543990,525323.33,12/4/2025,,,No Incentives Confirmed,,5000,Closing Cost w/ Preferred Lender,2,,Base Price,128,,,,,,(916) 604-9525,https://www.kbhome.com/new-homes-sacramento/riva-at-delta-shores?utm_source=bdx&utm_medium=listing&utm_division=Sacramento&utm_community=Riva%20at%20Delta%20Shores,,CA32B2D9-566F-4C16-8E54-1A90F1A752BA,2025Q3,34,33,12,7,0,0,0,0,58,0,15,3,3,33,0,20.5,7.6,1.1,TRUE,Non Active Adult,95832,Sacramento,Sacramento,6067,"Sacramento-Roseville-Folsom, CA",40900,CA,Sacramento City Unified School District,John H. Still School,4,John H. Still School,4,Luther Burbank High School,4,Pocket / Land Park,38.46576,-121.50282
aAfPc000000GvLhKAK,Arbor Ranch/Cottages,Risewell Homes,,Active,,,Detached,Single-Family,5500,50,50X110,7/27/2024,,224,47,177,4,11/9/2025,3.01,2,2.17,3.5,1953,2658,2349,673000,777335,734182.5,12/11/2025,4.99,,Other,,7500,Closing Cost w/ Preferred Lender,3,,Final Price,0,,,1.95,,,(916) 689-8833,https://risewellhomes.com/northern-california/sacramento-new-homes/neighborhoods/the-cottages-at-arbor-ranch,,C5DB6800-F7FF-4D51-B1BE-E3BE8CF4A8F6,2025Q3,48,43,12,21,0,0,104,0,62,0,10,2,3,43,104,15.5,4.2,0.6,TRUE,Non Active Adult,95757,Elk Grove,Sacramento,6067,"Sacramento-Roseville-Folsom, CA",40900,CA,Elk Grove Unified School District,Zehnder Ranch Elementary,8,Elizabeth Pinkerton Middle School,8,Cosumnes Oaks High School,10,Laguna / Elk Grove,38.38322,-121.40383
aAfPc000000HVVkKAO,Monument at Independence,TRI Pointe Homes,"TRI Pointe Homes, Inc.",Active,,,Detached,Single-Family,3800,,40x95,4/20/2024,,153,34,119,7,11/19/2025,1.77,2,1.67,1.58,2158,2921,2570,618738,668597,641479,11/25/2025,6,,Closing Cost w/ Preferred Lender,,25000,Closing Cost w/ Preferred Lender,,10000,Flat,0,,,1.06,,,(916) 412-7557,https://www.tripointehomes.com/ca/sacramento/monument-at-independence/,,19B3C410-EE42-4B41-B72C-D3A339087A10,2025Q3,21,23,3,1,0,0,0,0,104,0,11,7,3,29,0,59.4,11,3.7,TRUE,Non Active Adult,95648,Lincoln,Placer,6061,"Sacramento-Roseville-Folsom, CA",40900,CA,Western Placer Unified School District,Foskett Ranch Elementary School,4,Glen Edwards Middle School,5,Lincoln High School,6,Lincoln,38.89569,-121.33153
aAfPc000000Ic6rKAC,Madeira Greens,Taylor Morrison,,Active,,,Detached,Single-Family,6200,,55x30sf,3/23/2024,,85,71,14,5,11/21/2025,3.51,3,3.5,3.75,1889,3291,2651,665999,823999,746799,11/21/2025,3.75,,Closing Cost w/ Preferred Lender,3.75,,Closing Cost w/ Preferred Lender,2,,Base Price,0,,,1.05,,,(916) 246-0160 / (510) 88,https://www.taylormorrison.com/ca/sacramento/elk-grove/madeira-greens,,F4579C2F-4BED-4540-A6E9-AE5B7274C97F,2025Q3,69,31,24,21,0,0,0,0,14,0,29,9,2,31,0,2.4,15.5,3.5,TRUE,Non Active Adult,95757,Elk Grove,Sacramento,6067,"Sacramento-Roseville-Folsom, CA",40900,CA,Elk Grove Unified School District,Franklin Elementary School,9,Elizabeth Pinkerton Middle School,8,Cosumnes Oaks High School,10,Laguna / Elk Grove,38.379,-121.4335
aAfPc000000Ky9uKAC,Morgan Place,Tim Lewis Communities,,Active,,,Detached,Single-Family,3960,45,45x88,1/2/2024,,79,36,43,3,10/27/2025,1.63,2.33,1.33,2,1884,2755,2330,591400,699890,647063.33,10/27/2025,3.99,,Other,,10000,Closing Cost w/ Preferred Lender,3,,Base Price,113,,,1.16,,,(916) 787-3496,https://www.timlewis.com/communities/morgan-place/,,E6308CC0-91BC-400A-8189-8358B66167D1,2025Q3,24,23,6,4,0,0,0,0,29,0,9,10,2,29,0,14.5,11,5.2,TRUE,Non Active Adult,95747,Roseville,Placer,6061,"Sacramento-Roseville-Folsom, CA",40900,CA,Center Joint Unified School District,Oak Hill Elementary School,3,Wilson C. Riles Middle School,5,Center High,7,Roseville,38.72886,-121.36715
aAfPc000000MZtpKAG,Sutters Ridge,Williams Homes,,Active,,,Detached,Single-Family,5880,60,60x98,2/17/2024,,39,27,12,6,12/5/2025,1.24,2,1.67,2.08,1759,2884,2418,612537,776990,689757.75,12/5/2025,,40000,Closing Cost w/ Preferred Lender,,30000,Closing Cost w/ Preferred Lender,3,,Base Price,96.64,,,1.4,,,(800) 975-4146,https://www.williamshomes.com/new-home-communities/northern-california-sacramento/sutters-ridge,,3115D85A-52E5-4763-A8C6-DCACD616F237,2025Q3,18,15,4,6,0,0,0,0,5,0,10,5,3,16,0,3.3,14.4,4,TRUE,Non Active Adult,95667,Placerville,El Dorado,6017,"Sacramento-Roseville-Folsom, CA",40900,CA,Placerville Union Elementary School District,,,,,El Dorado High School,7,Placerville,38.73833,-120.79425
aAfPc000000Rm3lKAC,Natomas Landing,Risewell Homes,,Active,,,Detached,Single-Family,,,,,,135,,135,,12/2/2025,,,,,,,,,,,,,,,,,,,,,,,,,,,,https://risewellhomes.com/northern-california/sacramento-new-homes/masterplans/natomas-landing,,75EA6DBC-36AE-468D-A8C5-A5BB8CF5B0C4,2025Q3,0,0,0,0,0,0,0,0,0,135,0,0,0,0,135,,,,TRUE,Non Active Adult,95835,Sacramento,Sacramento,6067,"Sacramento-Roseville-Folsom, CA",40900,CA,Natomas Unified School District,Natomas Park Elementary School,5,Natomas Middle School,3,Inderkum High School,7,Natomas,38.66947,-121.49891
aAfPc000000U2BOKA0,Riverblossom at Montelena,TRI Pointe Homes,"TRI Pointe Homes, Inc.",Active,,,Detached,Single-Family,3200,,35x100,6/29/2024,,98,48,50,6,12/5/2025,2.76,2.33,2,2.5,1752,2181,1952,527521,599000,556121.67,12/13/2025,,,Other,,,Other,,10000,Flat,25,,,1.41,,,(916) 260-2006,https://www.tripointehomes.com/ca/sacramento/riverblossom-at-montelena/,,B32D3D3E-5EC8-4220-8FA4-84F21290FFC3,2025Q3,23,33,0,4,0,0,0,0,44,0,4,9,2,39,0,23,5.5,3.3,TRUE,Non Active Adult,95742,Rancho Cordova,Sacramento,6067,"Sacramento-Roseville-Folsom, CA",40900,CA,Elk Grove Unified School District,Sunrise Elementary School,7,Katherine L. Albiani Middle School,8,Pleasant Grove High School,9,Rancho Cordova,38.55071,-121.22869
aAfPc000000UDxVKAW,Starblossom at Montelena,TRI Pointe Homes,"TRI Pointe Homes, Inc.",Active,,,Detached,Single-Family,4300,,45x100,6/29/2024,,65,33,32,5,12/5/2025,1.9,2.67,2.33,2.08,1723,2705,2321,531660,633641,592061.5,12/13/2025,,30000,Closing Cost w/ Preferred Lender,,30000,Closing Cost w/ Preferred Lender,,10000,Flat,0,,,1.57,,,(916) 260-2006,https://www.tripointehomes.com/ca/sacramento/starblossom-at-montelena/,,4C646439-FE87-4066-8FBE-D47203CA0E22,2025Q3,7,23,3,4,0,0,0,0,26,0,8,5,2,24,0,44.6,7.8,2.6,TRUE,Non Active Adult,95742,Rancho Cordova,Sacramento,6067,"Sacramento-Roseville-Folsom, CA",40900,CA,Elk Grove Unified School District,Sunrise Elementary School,7,Katherine L. Albiani Middle School,8,Pleasant Grove High School,9,Rancho Cordova,38.55071,-121.22869
aAfPc000000Ul51KAC,Westcott Station,KB Home,,Active,,,Detached,Single-Family,2400,,40x60,2/23/2025,,57,24,33,1,11/3/2025,2.86,2.67,2.83,,1587,1755,1662,461990,477990,469656.67,11/3/2025,,,Closing Cost w/ Preferred Lender,,,Closing Cost w/ Preferred Lender,2,,Base Price,127,,,1.15,Mello Roos not included in tax rate of 1.15% $312 a monthly,,(916) 345-3110,https://www.kbhome.com/new-homes-sacramento/westcott-station?utm_source=bdx&utm_medium=listing&utm_division=Sacramento&utm_community=Westcott%20Station,,1ACAC79B-7D6E-44D8-B2BA-CF11D9E85F05,2025Q3,27,14,0,14,0,0,0,0,30,0,7,4,2,14,0,13.3,11.1,3.4,TRUE,Non Active Adult,95827,Sacramento,Sacramento,6067,"Sacramento-Roseville-Folsom, CA",40900,CA,Sacramento City Unified School District,Abraham Lincoln Elementary School; James Marshall Elementary School,6; 5,Albert Einstein Middle School,5,Rosemont High School,5,Rancho Cordova,38.55698,-121.33632
aAfPc000000bGEiKAM,Calabria at Vineyard Parke,Lennar,,Active,,,Detached,Single-Family,4275,,45x95,5/1/2024,,120,92,28,1,12/3/2025,4.77,3.33,2.83,3.67,1228,1900,1578,545990,608090,568765,12/3/2025,,,No Incentives Confirmed,,10000,Closing Cost w/ Preferred Lender,,,Other,0,,,1.05,Annual special assessment fee,,(916) 740-9426,https://www.lennar.com/new-homes/california/sacramento/sacramento/calabria-at-vineyard-parke?utm_source=bdx&utm_medium=listing&utm_campaign=lsclen_listing_bdx_calabria-at-vineyard-parke,,1AB18C8C-0653-4A4B-9DBF-D2FD93D5665D,2025Q3,33,55,6,9,0,0,0,0,35,0,10,3,0,72,0,12.7,2.8,0.7,TRUE,Non Active Adult,95829,Sacramento,Sacramento,6067,"Sacramento-Roseville-Folsom, CA",40900,CA,Elk Grove Unified School District,Sierra-Enterprise Elementary School,6,Katherine L. Albiani Middle School,8,Pleasant Grove High School,9,Florin / Vineyard,38.49166,-121.37278
aAfPc000000cngmKAA,Park Place,Century Communities,"Century Communities, Inc.",Active,,,Detached,Single-Family,2600,,40x65,7/6/2024,,48,37,11,,10/24/2025,2.34,2,2.17,2.75,1518,1945,1723,494990,525990,510656.67,12/3/2025,,5000,Closing Cost w/ Preferred Lender,,5000,Closing Cost w/ Preferred Lender,,15000,Flat,35,,,1.25,,,(916) 490-3332,https://www.centurycommunities.com/find-your-new-home/california/northern-california-metro/sacramento/park-place,,7832AB86-28EF-4EF8-86B9-3FD0923C4705,2025Q3,25,35,0,4,0,0,0,0,0,0,2,10,1,35,0,0,4.5,3.4,TRUE,Non Active Adult,95824,Sacramento,Sacramento,6067,"Sacramento-Roseville-Folsom, CA",40900,CA,Sacramento City Unified School District,Ethel I. Baker Elementary School,3,Fern Bacon Middle School,4,Hiram W. Johnson High School,3,Florin / Vineyard,38.513,-121.4435
aAfPc000000fzzTKAQ,Northpointe Reserve,Next Generation Capital,,Active,,,Attached,Townhomes,,,,6/8/2024,,48,19,29,5,12/1/2025,1.06,0.67,0.83,1.33,1409,1427,1416,469900,524900,498233.33,12/1/2025,,,Other,,,Other,2,,Base Price,135,,,1.18,Total Tax Rate,Townhomes,(916) 464-9030,https://nextgenerationcapital.us/new-homes-natomas/,,23F52F6C-3A91-4F71-9F50-75C73D985283,2025Q3,9,15,0,3,0,0,0,0,21,0,5,7,0,15,0,28,9.6,5.6,TRUE,Non Active Adult,95835,Sacramento,Sacramento,6067,"Sacramento-Roseville-Folsom, CA",40900,CA,Twin Rivers Unified School District,Regency Park Elementary School,7,Rio Linda Preparatory Academy; Norwood Junior High School,5; 5,,,Natomas,38.68181,-121.50874
aAfPc000000fzzUKAQ,Ventris Place,Next Generation Capital,,Active,,,Detached,Single-Family,,,,7/31/2024,,37,11,26,8,8/20/2025,0.86,0.67,1.17,0.92,1196,1846,1546,499990,599900,543717.5,12/10/2025,,,Closing Cost w/ Preferred Lender,,10000,Closing Cost w/ Preferred Lender,2,,Base Price,96,,,,,,(916) 822-3220,https://nextgenerationcapital.us/new-homes-near-elk-grove-single-story/,,D2D86BD9-EC4F-448A-AA83-0056708D0C39,2025Q3,11,9,6,0,0,0,0,0,13,0,6,7,2,9,0,14.2,20,9.3,TRUE,Non Active Adult,95823,Sacramento,Sacramento,6067,"Sacramento-Roseville-Folsom, CA",40900,CA,Elk Grove Unified School District,Barbara Comstock Morse Elementary School,7,"Edward Harris, Jr. Middle School",6,Monterey Trail High School,7,Florin / Vineyard,38.44475,-121.43168
aAfPc000000gBWvKAM,Skylar/Express,D.R. Horton,"D.R. Horton, Inc.",Active,,,Detached,Single-Family,1800,,30x60,7/3/2025,,77,32,45,4,10/10/2025,9.73,9.67,,,1296,1415,1351,408000,468990,380628.75,11/21/2025,,,Other,,,Other,2,,Base Price,300,,,1.5,,,(916) 755-5120,https://www.drhorton.com/california/sacramento/sacramento/skylar,,00802378-20D2-4E53-9496-DBE7D0E54BA3,2025Q3,33,23,0,23,0,0,0,0,44,0,2,6,2,23,0,16,5.2,3.1,TRUE,Non Active Adult,95834,Sacramento,Sacramento,6067,"Sacramento-Roseville-Folsom, CA",40900,CA,Twin Rivers Unified School District,Garden Valley Elementary School,7,Rio Tierra Junior High School,2,Grant Union High School,4,Natomas,38.62833,-121.4823
aAfPc000000sBP8KAM,Terrace Park,TRI Pointe Homes,"TRI Pointe Homes, Inc.",Active,,,Detached,Single-Family,3000,,30x100,10/5/2024,,79,23,56,5,12/5/2025,1.63,0.67,1,1.67,1815,2011,1914,525000,545000,535000,12/5/2025,,,Other,,,Other,,10000,Flat,0,,,1.81,,,916-260-2006,https://www.tripointehomes.com/ca/sacramento/terrace-park/,,99D87DB0-AC71-467E-8AE0-BDD91B912EBA,2025Q3,27,22,8,8,0,0,0,0,42,0,8,5,2,22,0,18.7,8.2,2.7,TRUE,Non Active Adult,95835,Sacramento,Sacramento,6067,"Sacramento-Roseville-Folsom, CA",40900,CA,Twin Rivers Unified School District,Regency Park Elementary School,7,Rio Linda Preparatory Academy; Norwood Junior High School,5; 5,,,Natomas,38.67837,-121.53498
aAfPc000000wxsXKAQ,Summerfield,Woodside Homes,,Active,,,Detached,Single-Family,4050,,45x90,11/2/2024,,135,24,111,2,9/26/2025,2.2,2,2.5,,1359,2312,1881,534990,626990,580590,12/10/2025,,,,,,,,,,,,,,,,(877) 839-4901,https://www.woodsidehomes.com/findmyhome/northern-california/roseville/roseville,,045ECE39-630B-44ED-9909-A65AA73E59AB,2025Q3,23,17,11,6,0,0,0,0,100,0,15,1,2,17,0,52.2,12.7,0.7,TRUE,Non Active Adult,95747,Roseville,Placer,6061,"Sacramento-Roseville-Folsom, CA",40900,CA,Center Joint Unified School District,,,Wilson C. Riles Middle School,5,Center High,7,Roseville,38.76304,-121.36799
aAfPc000000wyyHKAQ,The Trails,Woodside Homes,,Active,,,Detached,Single-Family,10625,45,85x125,9/21/2024,,40,18,22,4,11/10/2025,1.31,0,-0.33,1.17,2604,3952,3424,945990,1098990,1023240,11/10/2025,,20000,Other,,20000,Other,2,,Final Price,187,,,1.24,,,(916) 336-6157,https://www.woodsidehomes.com/findmyhome/northern-california/folsom/Folsom,,77DCCB77-8C2F-4E46-A59E-BFDE742574BC,2025Q3,27,17,6,13,0,0,0,0,7,0,12,2,2,17,0,3.1,11.3,1.4,TRUE,Non Active Adult,95630,Folsom,Sacramento,6067,"Sacramento-Roseville-Folsom, CA",40900,CA,Folsom-Cordova Unified School District,,,Folsom Middle School,8,Folsom High School,10,Folsom,38.64198,-121.10399
aAfPc000000xmVpKAI,Waters Edge,Lennar,,Active,,,Detached,Single-Family,2600,,40x65,6/1/2024,,139,55,84,6,12/2/2025,3.02,2.67,3.17,3.5,1454,1907,1640,551990,617990,585740,12/2/2025,,,Closing Cost w/ Preferred Lender,,,Closing Cost w/ Preferred Lender,,,No Incentives Confirmed,84,,,1.6,,,(916) 674-8741,https://www.lennar.com/new-homes/california/sacramento/sacramento/waters-edge?utm_source=bdx&utm_medium=listing&utm_campaign=lsclen_listing_bdx_waters-edge,,368E7F2E-89C3-49CD-A2C3-8B4BAE8473F5,2025Q3,29,34,0,8,0,0,0,49,38,0,8,6,4,34,49,15.7,6.4,2.1,TRUE,Non Active Adult,95835,Sacramento,Sacramento,6067,"Sacramento-Roseville-Folsom, CA",40900,CA,Twin Rivers Unified School District,Regency Park Elementary School,7,Rio Linda Preparatory Academy; Norwood Junior High School,5; 5,,,Natomas,38.68335,-121.54648
aAfPc000000yhP1KAI,Archer Estates,KB Home,,Active,,,Detached,Single-Family,,,45X100,1/19/2025,,144,45,99,,12/8/2025,4.19,2.67,4.33,,1429,2686,2078,468990,584990,438325,12/8/2025,,5000,Closing Cost w/ Preferred Lender,,5000,Closing Cost w/ Preferred Lender,2,,Base Price,0,,,1.8,,,(916) 272-1325,https://www.kbhome.com/new-homes-sacramento/archer-estates?utm_source=bdx&utm_medium=listing&utm_division=Sacramento&utm_community=Archer%20Estates,,CB071AA8-9C72-477B-ACC2-B6BA13AD3EBC,2025Q3,29,0,11,0,0,0,66,0,49,0,18,8,3,0,66,20.3,,,TRUE,Non Active Adult,95838,Sacramento,Sacramento,6067,"Sacramento-Roseville-Folsom, CA",40900,CA,Twin Rivers Unified School District,Main Avenue Elementary School; Robla Preschool,3; 0,Rio Linda Preparatory Academy; Norwood Junior High School,5; 5,Robla Preschool,0,Antelope,38.6441,-121.44306
aAfPc000000yZ2vKAE,Gateway Common,Haldeman Homes,,Active,,,Attached,Townhomes,,,,3/28/2024,,18,9,9,,11/1/2025,0.46,0.67,0.5,0.42,954,1564,1157,519000,672000,573333.33,11/1/2025,,,Other,,,Other,2,,Final Price,157,,,1.2,,Townhomes,(530) 320-8177,https://www.haldemanhomes.com/gateway-commons,,A43812EC-4EF4-40E4-BD79-99C5DAC1FD5F,2025Q3,6,4,4,1,0,0,0,0,4,0,4,2,0,8,0,8,18,6,TRUE,Non Active Adult,95603,North Auburn,Placer,6061,"Sacramento-Roseville-Folsom, CA",40900,CA,Auburn Union Elementary School District,Auburn Elementary School,2,EV Cain Middle,4,Placer High School,8,Auburn / Granite Bay,38.93932,-121.09429
aAfPc0000015lYoKAI,Arista,Beazer Homes,,Active,,,Detached,Single-Family,5300,,53x100,3/1/2025,,142,29,113,6,11/12/2025,3.41,3,3.17,,1655,2805,2263,525990,680990,610590,12/11/2025,4.5,,Other,1,,Other,2,,Final Price,0,,,,,,(916) 287-7187,https://www.beazer.com/sacramento-CA/rancho-cordova/arista,,5DD3A02D-6D10-4382-9E56-4AD9B0338A7F,2025Q3,23,10,6,6,0,0,0,0,119,0,6,4,3,10,0,62.1,15.6,4.8,TRUE,Non Active Adult,95742,Rancho Cordova,Sacramento,6067,"Sacramento-Roseville-Folsom, CA",40900,CA,Elk Grove Unified School District,Sunrise Elementary School,7,Katherine L. Albiani Middle School,8,Pleasant Grove High School,9,Rancho Cordova,38.5452,-121.192
aAfPc0000015BDZKA2,Parlin Oaks/Creekside,Blue Mountain Communities,,Active,,,Detached,Single-Family,1595,29,29x55,6/28/2024,,71,19,52,,11/23/2025,1.11,1,1,1.17,1434,1512,1473,474990,484990,479990,11/23/2025,,,No Incentives Confirmed,,,Other,2,,Base Price,166,,,1.02,,,(707) 317-3927,https://bluemountaincommunities.com/communities/parlin-oaks-in-galt/,,E3C10095-599D-46E2-A930-787721D417BF,2025Q3,5,14,5,1,0,0,0,0,48,0,5,2,2,14,0,115.2,7.7,1.7,TRUE,Non Active Adult,95632,Galt,Sacramento,6067,"Sacramento-Roseville-Folsom, CA",40900,CA,Galt Joint Union Elementary School District,River Oaks Elementary School,5,Mccaffrey Middle School,6,Liberty Ranch High School,8,South Sacramento County,38.27758,-121.29329
aAfPc0000015BFBKA2,Parlin Oaks/Parkside,Blue Mountain Communities,,Active,,,Attached,Townhomes,,,,,,73,0,73,,11/17/2025,,,,,1434,1512,1473,474990,484990,479990,11/17/2025,,,,,,,2,,Base Price,160,,,1.02,,Townhomes,(707) 317-3927,https://bluemountaincommunities.com/communities/parlin-oaks-in-galt/,,11F99C5F-44EA-4C6F-AB1E-773AB37853A5,2025Q3,0,0,0,0,0,0,0,0,73,0,0,0,0,0,0,,,,TRUE,Non Active Adult,95632,Galt,Sacramento,6067,"Sacramento-Roseville-Folsom, CA",40900,CA,Galt Joint Union Elementary School District,River Oaks Elementary School,5,Mccaffrey Middle School,6,Liberty Ranch High School,8,South Sacramento County,38.27758,-121.29329
aAfPc0000017gaJKAQ,Arbor Ranch/Bungalows,Risewell Homes,,Active,,,Detached,Single-Family,5775,55,55X105,7/27/2024,,149,33,116,6,11/9/2025,2.11,3,3.33,2.33,2220,3215,2787,725000,875910,812801.67,12/11/2025,4.99,,Other,,7500,Closing Cost w/ Preferred Lender,3,,Final Price,0,,,1.95,,,(916) 689-8833,https://risewellhomes.com/northern-california/sacramento-new-homes/neighborhoods/the-bungalows-at-arbor-ranch,,BF44F586-E702-4A1E-8C51-29936D525991,2025Q3,35,27,0,14,0,0,62,0,47,0,0,13,2,27,62,16.1,6.7,5.8,TRUE,Non Active Adult,95757,Elk Grove,Sacramento,6067,"Sacramento-Roseville-Folsom, CA",40900,CA,Elk Grove Unified School District,Zehnder Ranch Elementary,8,Elizabeth Pinkerton Middle School,8,Cosumnes Oaks High School,10,Laguna / Elk Grove,38.38372,-121.40576
aAfPc0000018ILlKAM,Arbor Ranch/Residences,Risewell Homes,,Active,,,Detached,Single-Family,6825,65,65x105,7/27/2024,,68,44,24,,11/10/2025,2.81,3.67,2.17,2.83,2586,3636,3175,805810,985000,919445,11/10/2025,4.99,,Other,,7500,Closing Cost w/ Preferred Lender,3,,Final Price,0,,,1.95,,,(916) 689-7655,https://risewellhomes.com/northern-california/sacramento-new-homes/neighborhoods/the-residences-at-arbor-ranch,,5244BF17-ACE0-4EBE-A51A-BAF8418C8303,2025Q3,45,28,7,15,0,0,0,0,21,0,11,6,2,28,0,5.6,8.1,2.6,TRUE,Non Active Adult,95757,Elk Grove,Sacramento,6067,"Sacramento-Roseville-Folsom, CA",40900,CA,Elk Grove Unified School District,Zehnder Ranch Elementary,8,Elizabeth Pinkerton Middle School,8,Cosumnes Oaks High School,10,Laguna / Elk Grove,38.38322,-121.40383
aAfPc0000019LJUKA2,Towns at Greenwood,Lennar,,Active,,,Detached,Single-Family,2500,,,8/9/2024,,148,51,97,8,11/9/2025,3.36,2.67,5.17,4.17,1328,2072,1711,440990,518990,484790,11/9/2025,,,Closing Cost w/ Preferred Lender,,,Closing Cost w/ Preferred Lender,,,Base Price,87,,,1.13,,,(916) 304-9711,https://www.lennar.com/new-homes/california/sacramento/galt/the-towns-at-greenwood?utm_source=bdx&utm_medium=listing&utm_campaign=lsclen_listing_bdx_the-towns-at-greenwood,,6826CDA4-B347-4D86-9286-58A180C10B32,2025Q3,54,42,8,29,0,0,0,0,74,0,24,4,4,42,0,16.4,9.1,1.1,TRUE,Non Active Adult,95632,Galt,Sacramento,6067,"Sacramento-Roseville-Folsom, CA",40900,CA,Galt Joint Union Elementary School District,Lake Canyon Elementary School,6,Mccaffrey Middle School,6,Liberty Ranch High School,8,South Sacramento County,38.28953,-121.29854
aAfPc000001AKcuKAG,Wildhawk South/Meridian,Taylor Morrison,,Active,,,Detached,Single-Family,5500,,55x100,3/1/2025,,72,25,47,9,12/8/2025,2.67,4,2.83,,2260,3291,2841,617999,716999,675999,12/8/2025,,20000,Closing Cost w/ Preferred Lender,,20000,Closing Cost w/ Preferred Lender,2,,Base Price,0,,,1.75,,,916-634-0975,https://www.taylormorrison.com/ca/sacramento/sacramento/meridian-at-wildhawk-south,,14BD4FE3-8B7E-46D7-8BE8-F25B685C13AC,2025Q3,25,6,8,6,0,0,0,0,47,0,16,3,0,6,0,22.6,38,6,TRUE,Non Active Adult,95829,Sacramento,Sacramento,6067,"Sacramento-Roseville-Folsom, CA",40900,CA,Elk Grove Unified School District,Arnold Adreani Elementary School,8,Katherine L. Albiani Middle School,8,Pleasant Grove High School,9,Florin / Vineyard,38.47603,-121.31795
aAfPc000001AKcvKAG,Asheville at East Village,Meritage Homes,,Active,,,Detached,Single-Family,3825,,45x85,5/24/2025,,114,18,96,6,12/1/2025,2.84,2.67,2.67,,2020,2419,2202,599000,661805,632589.67,12/9/2025,,25000,Closing Cost w/ Preferred Lender,,,Other,3,,Final Price,88,,,1.1,,,(916) 799-4166,https://www.meritagehomes.com/state/ca/sacramento/asheville-at-east-village?utm_medium=listings&utm_source=bdx&utm_campaign=sacramento,,04442BC0-2996-481B-89E4-876DD2C80F8F,2025Q3,31,14,2,7,0,0,0,0,84,0,8,8,1,14,0,32.5,14.6,6.9,TRUE,Non Active Adult,95835,Sacramento,Sacramento,6067,"Sacramento-Roseville-Folsom, CA",40900,CA,Twin Rivers Unified School District,Robla Elementary School; Robla Preschool,5; 0,Rio Linda Preparatory Academy; Norwood Junior High School,5; 5,Robla Preschool,0,Natomas,38.67017,-121.49095
aAfPc000001AKcyKAG,Veranda at Stone Creek Village,Elliott Homes,,Active,,,Detached,Single-Family,2583,,41x63,10/5/2024,,151,39,112,,10/9/2025,3.18,1,1,3.25,1452,1923,1650,469950,514950,490200,10/9/2025,,,Closing Cost w/ Preferred Lender,,,No Incentives Confirmed,1,,Base Price,145,,,1.91,,,(866) 984-1300,https://www.elliotthomes.com/communities/california/sacramento/veranda-at-stone-creek-village?utm_source=bdx&utm_medium=feed&utm_campaign=bdx&utm_content=veranda-at-stone-creek-village,,28406C99-B8D2-4524-93AA-AE053E384CE8,2025Q3,45,30,24,12,0,0,0,0,52,0,35,7,4,30,0,13.9,18.4,2.8,TRUE,Non Active Adult,95670,Rancho Cordova,Sacramento,6067,"Sacramento-Roseville-Folsom, CA",40900,CA,Folsom-Cordova Unified School District,Navigator Elementary School,5,W. E. Mitchell Middle School,5,Cordova High School,5,Rancho Cordova,38.57692,-121.28003
aAfPc000001AXWpKAO,Bridgeport at East Village,Meritage Homes,,Active,,,Detached,Single-Family,4500,,50x90,6/14/2025,,138,18,120,4,12/1/2025,3.19,3.67,,,2310,2765,2536,650000,709917,672639,12/9/2025,,10,Closing Cost w/ Preferred Lender,,,Other,3,,Final Price,88,,,1.1,,,(916) 799-4166,https://www.meritagehomes.com/state/ca/sacramento/bridgeport-at-east-village?utm_medium=listings&utm_source=bdx&utm_campaign=sacramento,,686A5703-76FD-48D9-AB32-A4EE144EB434,2025Q3,20,4,1,4,0,0,108,0,12,0,4,11,1,4,108,7.2,48,33,TRUE,Non Active Adult,95835,Sacramento,Sacramento,6067,"Sacramento-Roseville-Folsom, CA",40900,CA,Twin Rivers Unified School District,Robla Elementary School; Robla Preschool,5; 0,Rio Linda Preparatory Academy; Norwood Junior High School,5; 5,Robla Preschool,0,Natomas,38.67017,-121.49095
aAfPc000001AXWqKAO,Durham at East Village,Meritage Homes,,Active,,,Detached,Single-Family,,,,6/14/2025,,76,7,69,6,12/1/2025,1.24,1.33,,,2098,3247,2725,689000,818795,757004.33,12/1/2025,,20000,Closing Cost w/ Preferred Lender,,,Other,3,,Final Price,88,,,1.1,,,(916) 799-4166,https://www.meritagehomes.com/state/ca/sacramento/durham-at-east-village?utm_medium=listings&utm_source=bdx&utm_campaign=sacramento,,BDA0F4C6-49D4-47D0-B2CD-DCA0DE68BC9F,2025Q3,16,7,0,7,0,0,47,0,11,0,0,8,1,7,47,8.3,15.4,13.7,TRUE,Non Active Adult,95835,Sacramento,Sacramento,6067,"Sacramento-Roseville-Folsom, CA",40900,CA,Twin Rivers Unified School District,Robla Elementary School; Robla Preschool,5; 0,Rio Linda Preparatory Academy; Norwood Junior High School,5; 5,Robla Preschool,0,Natomas,38.67017,-121.49095
aAfPc000001D2RdKAK,Bretton Woods/Bungalows,DeNova Homes,,Active,,,Detached,Single-Family,3956,,46x86,8/24/2024,,39,12,27,,11/11/2025,0.81,0.67,0.67,0.75,1227,1350,1288,753990,803500,778745,11/11/2025,,50000,Other,,10000,Closing Cost w/ Preferred Lender,2,,Base Price,300,,,1.38,,Active Adult,(530) 290-8518,https://www.denovahomes.com/new-homes/ca/davis/bungalows-at-bretton-woods/14688/,,C3E22328-BA2C-4689-8452-DD7140E65B34,2025Q3,14,8,0,6,0,0,0,0,13,0,5,11,2,8,0,11.1,27,16.5,TRUE,Active Adult,95616,Davis,Yolo,6113,"Sacramento-Roseville-Folsom, CA",40900,CA,Davis Joint Unified School District,Robert E. Willett Elementary School,8,Ralph Waldo Emerson Junior High School,8,Davis Senior High School,10,Davis / Woodland,38.56468,-121.77479
aAfPc000001CpkfKAC,Bretton Woods/Greenway,DeNova Homes,,Active,,,Detached,Single-Family,4230,,45x94,9/28/2024,,150,14,136,4,11/10/2025,1.03,1,1.17,1,1564,1772,1682,830000,899000,868000,11/26/2025,,50000,Other,,10000,Closing Cost w/ Preferred Lender,2,,Base Price,300,,,1.38,,Active Adult,(530) 290-8518,https://www.denovahomes.com/new-homes/ca/davis/greenway-at-bretton-woods/14689/,,F66F8497-83C1-4537-A855-E85033FDB52C,2025Q3,8,6,0,6,88,0,0,0,44,0,0,9,3,6,88,66,24,18,TRUE,Active Adult,95616,Davis,Yolo,6113,"Sacramento-Roseville-Folsom, CA",40900,CA,Davis Joint Unified School District,Robert E. Willett Elementary School,8,Ralph Waldo Emerson Junior High School,8,Davis Senior High School,10,Davis / Woodland,38.56468,-121.77479
aAfPc000001ItYZKA0,Cascade II at Vineyard Parke,Lennar,,Active,,,Detached,Single-Family,4500,,45x100,10/5/2024,,176,36,140,,12/3/2025,2.56,5.67,4.33,3,1596,2609,2109,563990,650990,603740,12/3/2025,,,No Incentives Confirmed,,10000,Closing Cost w/ Preferred Lender,,,Other,0,,,1.05,,,(916) 740-9426,https://www.lennar.com/new-homes/california/sacramento/sacramento/cascade-ii-at-vineyard-parke,,48D605D9-FBE8-4952-824F-DEE8D19A0D32,2025Q3,39,0,20,0,0,0,0,0,137,0,28,7,4,0,0,42.2,,,TRUE,Non Active Adult,95829,Sacramento,Sacramento,6067,"Sacramento-Roseville-Folsom, CA",40900,CA,Elk Grove Unified School District,Sierra-Enterprise Elementary School,6,Katherine L. Albiani Middle School,8,Pleasant Grove High School,9,Florin / Vineyard,38.49147,-121.37285
aAfPc000001IuXpKAK,Redwood IV at Vineyard Park,Lennar,,Active,,,Detached,Single-Family,5775,,55x105,10/5/2024,,91,43,48,,12/3/2025,3.05,1,2.83,3.5,1950,3427,2673,681990,787990,734190,12/3/2025,,,No Incentives Confirmed,,,No Incentives Confirmed,,,Other,0,,,1.05,,,(916) 740-9426,https://www.lennar.com/new-homes/california/sacramento/sacramento/redwood-iv-at-vineyard-parke,,0C40B494-50AB-47BF-9889-439ED47A0052,2025Q3,47,28,0,13,0,0,0,0,44,0,14,0,5,28,0,11.2,8.1,0,TRUE,Non Active Adult,95829,Sacramento,Sacramento,6067,"Sacramento-Roseville-Folsom, CA",40900,CA,Elk Grove Unified School District,Sierra-Enterprise Elementary School,6,Katherine L. Albiani Middle School,8,Pleasant Grove High School,9,Florin / Vineyard,38.49147,-121.37285
aAfPc000001IuZRKA0,Vienna at Vineyard Parke,Lennar,,Active,,,Detached,Single-Family,5000,,50x100,10/5/2024,,54,52,2,7,12/3/2025,3.69,4.33,6.17,4.33,1653,3161,2500,639990,764990,703740,12/3/2025,,,No Incentives Confirmed,,10000,Closing Cost w/ Preferred Lender,,,Other,0,,,1.05,,,(916) 740-9426,https://www.lennar.com/new-homes/california/sacramento/sacramento/vienna-at-vineyard-parke,,7A36122D-75FF-413E-9F29-C024241F91CA,2025Q3,51,29,4,9,0,0,0,0,3,0,13,5,4,29,0,0.7,9.1,2.1,TRUE,Non Active Adult,95829,Sacramento,Sacramento,6067,"Sacramento-Roseville-Folsom, CA",40900,CA,Elk Grove Unified School District,Sierra-Enterprise Elementary School,6,Katherine L. Albiani Middle School,8,Pleasant Grove High School,9,Florin / Vineyard,38.49147,-121.37285
aAfPc000001JKgnKAG,Briar Meadows,Fieldstone Communities,,Active,,,Detached,Single-Family,10125,,75x135,9/21/2024,,36,10,26,5,12/5/2025,0.68,0.67,0.67,0.75,2095,3110,2567,774950,879950,823200,12/5/2025,,,Closing Cost w/ Preferred Lender,,,Closing Cost w/ Preferred Lender,2,,Base Price,141.5,,,1.6,,,(530) 771-6797,https://fieldstonecommunitiesllc.com/briar-meadows-auburn/,,194421B1-89B3-485D-BB56-20C3BE1FFF6B,2025Q3,12,7,0,4,0,0,0,0,18,0,6,5,0,7,0,18,18.9,8.6,TRUE,Non Active Adult,95603,Auburn,Placer,6061,"Sacramento-Roseville-Folsom, CA",40900,CA,Auburn Union Elementary School District,Auburn Elementary School,2,EV Cain Middle,4,Placer High School,8,Auburn / Granite Bay,38.93778,-121.0847
aAfPc000001NkxfKAC,Cyan at The Preserve,Lennar,,Active,,,Detached,Single-Family,4725,,45x105,11/2/2024,,124,56,68,10,12/4/2025,4.25,8.67,8,4.58,1765,2179,1975,540990,591990,570740,12/4/2025,,,Other,,,Other,,,No Incentives Confirmed,0,,,1.25,,,(279) 500-8959,https://www.lennar.com/new-homes/california/sacramento/rancho-cordova/cyan-at-the-preserve?utm_source=bdx&utm_medium=listing&utm_campaign=lsclen_listing_bdx_cyan-at-the-preserve,,90F1950D-F73E-486F-957A-DD1B2E34C03A,2025Q3,79,32,20,28,0,0,0,0,45,0,28,15,4,32,0,6.8,17.6,5.6,TRUE,Non Active Adult,95742,Rancho Cordova,Sacramento,6067,"Sacramento-Roseville-Folsom, CA",40900,CA,Elk Grove Unified School District,Sunrise Elementary School,7,Katherine L. Albiani Middle School,8,Pleasant Grove High School,9,Rancho Cordova,38.54207,-121.20228
aAfPc000001NkxhKAC,Azure at The Preserve,Lennar,,Active,,,Detached,Single-Family,4725,45,45x105,11/2/2024,,125,48,77,5,12/4/2025,3.64,7.33,6.5,3.92,1873,2612,2249,590990,683990,641490,12/4/2025,,,Other,,,Other,,,No Incentives Confirmed,0,,,1.25,,,(279) 500-8959,https://www.lennar.com/new-homes/california/sacramento/rancho-cordova/azure-at-the-preserve?utm_source=bdx&utm_medium=listing&utm_campaign=lsclen_listing_bdx_azure-at-the-preserve,,DB8E2641-9ABE-4EC4-BCCB-89F2381C5973,2025Q3,46,33,4,26,0,0,0,0,82,0,4,5,4,33,0,21.4,4.7,1.8,TRUE,Non Active Adult,95742,Rancho Cordova,Sacramento,6067,"Sacramento-Roseville-Folsom, CA",40900,CA,Elk Grove Unified School District,Sunrise Elementary School,7,Katherine L. Albiani Middle School,8,Pleasant Grove High School,9,Rancho Cordova,38.54207,-121.20228
aAfPc000001NkxjKAC,Cobalt at The Preserve,Lennar,,Active,,,Detached,Single-Family,5775,55,55x105,11/2/2024,,135,53,82,9,12/4/2025,4.02,5,6,4.25,2679,3427,3000,684990,794990,740990,12/4/2025,,,Other,,,Other,,,No Incentives Confirmed,0,,,1.25,,,(279) 500-8959,https://www.lennar.com/new-homes/california/sacramento/rancho-cordova/cobalt-at-the-preserve?utm_source=bdx&utm_medium=listing&utm_campaign=lsclen_listing_bdx_cobalt-at-the-preserve,,6695FC11-2B36-4536-AB80-A6C664F5A956,2025Q3,69,38,8,31,0,0,0,0,66,0,10,17,4,38,0,11.5,9.8,5.4,TRUE,Non Active Adult,95742,Rancho Cordova,Sacramento,6067,"Sacramento-Roseville-Folsom, CA",40900,CA,Elk Grove Unified School District,Sunrise Elementary School,7,Katherine L. Albiani Middle School,8,Pleasant Grove High School,9,Rancho Cordova,38.54207,-121.20228
aAfPc000001O9SzKAK,Lilly,Beazer Homes,,Active,,,Detached,Single-Family,4725,45,45x105,2/1/2025,,94,21,73,2,11/17/2025,2.19,3.67,2.17,,1696,2242,1977,599990,662990,630990,12/7/2025,4.5,,Other,1,,Other,2,,Final Price,0,,,1.06,,,(916) 287-7381,https://www.beazer.com/sacramento-ca/lilly,,78ADE68E-5AB2-48BA-B089-8E158F149827,2025Q3,22,7,2,7,0,0,0,0,70,0,2,11,2,7,0,38.2,25.7,18.9,TRUE,Non Active Adult,95757,Elk Grove,Sacramento,6067,"Sacramento-Roseville-Folsom, CA",40900,CA,Elk Grove Unified School District,Zehnder Ranch Elementary,8,Elizabeth Pinkerton Middle School,8,Cosumnes Oaks High School,10,Laguna / Elk Grove,38.3906,-121.4071
aAfPc000001TMT4KAO,Double S Ranch,Anthem United,,Active,,,Detached,Single-Family,24600,,120x205,5/24/2025,,36,10,26,,11/4/2025,1.84,0.33,1.67,,3734,4595,4201,1379900,1549900,1476566.67,11/4/2025,,30000,Closing Cost w/ Preferred Lender,,20000,Closing Cost w/ Preferred Lender,2,,Base Price,261.82,,,1.06,,Gated,(279) 465-0739,https://anthemproperties.com/property/double-s-ranch/,,603A370C-BE27-4BC1-845D-32A443723BAE,2025Q3,9,0,3,0,0,0,0,0,27,0,6,0,3,0,0,36,,,TRUE,Non Active Adult,95747,Roseville,Placer,6061,"Sacramento-Roseville-Folsom, CA",40900,CA,Center Joint Unified School District,,,Wilson C. Riles Middle School,5,Center High,7,Roseville,38.73271,-121.36518
aAfPc000001VtAvKAK,Arbor Ranch/Villas,Risewell Homes,,Active,,,Detached,Single-Family,3500,,,3/2/2025,,74,34,40,3,11/10/2025,4.05,2.67,3.5,,1447,1978,1701,584225,650870,614355,11/25/2025,4.99,,Other,,20000,Other,3,,Final Price,0,,,1.05,,,(279) 348-8356 / (916) 80,https://risewellhomes.com/northern-california/sacramento-new-homes/neighborhoods/the-villas-at-arbor-ranch,,FC586D43-488B-4635-977D-F95912C61474,2025Q3,47,19,9,8,0,0,0,0,27,0,15,11,2,19,0,6.9,17.7,6.9,TRUE,Non Active Adult,95757,Elk Grove,Sacramento,6067,"Sacramento-Roseville-Folsom, CA",40900,CA,Elk Grove Unified School District,Zehnder Ranch Elementary,8,Elizabeth Pinkerton Middle School,8,Cosumnes Oaks High School,10,Laguna / Elk Grove,38.38393,-121.4083
aAfPc000001Wbn3KAC,Dockside at Delta Shores,Meritage Homes,,Active,,,Detached,Single-Family,,,,,,158,,158,7,12/10/2025,,,,,2339,3127,2731,711817,799166,759577.2,12/5/2025,,,,,,,,,,,,,,,,,https://www.meritagehomes.com/state/ca/sacramento/dockside-at-delta-shores?utm_medium=listings&utm_source=bdx&utm_campaign=sacramento,,C08E2896-48E4-4107-8990-5955F84AEF97,2025Q3,14,0,14,0,0,0,0,0,144,0,14,0,0,0,0,123.4,,,TRUE,Non Active Adult,95832,Sacramento,Sacramento,6067,"Sacramento-Roseville-Folsom, CA",40900,CA,Sacramento City Unified School District,John H. Still School,4,John H. Still School,4,Luther Burbank High School,4,Pocket / Land Park,38.46038,-121.4978
aAfPc000001XBqXKAW,Madrone at Hidden Hills,Century Communities,"Century Communities, Inc.",Active,,,Detached,Single-Family,,,,10/4/2025,,80,1,79,9,11/24/2025,0.59,,,,1671,2394,2075,654990,689990,671656.67,11/24/2025,,10000,Closing Cost w/ Preferred Lender,,10000,Closing Cost w/ Preferred Lender,,15000,Flat,176,,,1.66,,,(833) 769-1656,https://www.centurycommunities.com/find-your-new-home/california/northern-california-metro/lincoln/hidden-hills/hidden-hills-47s/,,77FA5C33-B2DD-42EA-9AA7-DADD891AB55C,2025Q3,1,0,1,0,0,0,53,0,26,0,1,0,0,0,53,312,,,TRUE,Non Active Adult,95648,Lincoln,Placer,6061,"Sacramento-Roseville-Folsom, CA",40900,CA,Western Placer Unified School District,Twelve Bridges Elementary School,7,Twelve Bridges Middle School,8,Twelve Bridges High School,7,Lincoln,38.87135,-121.26154
aAfPc000001XC9tKAG,Laurels at Hidden Hills,Century Communities,"Century Communities, Inc.",Active,,,Detached,Single-Family,,,,10/4/2025,,74,1,73,9,11/21/2025,0.63,,,,2236,2675,2466,719990,764990,743323.33,11/21/2025,,10000,Closing Cost w/ Preferred Lender,,10000,Closing Cost w/ Preferred Lender,,15000,Flat,176,,,1.61,,,(833) 769-1656,https://www.centurycommunities.com/find-your-new-home/california/northern-california-metro/lincoln/hidden-hills/hidden-hills-55s,,C196551A-8D2B-45BD-9F72-40610561AC71,2025Q3,1,0,1,0,45,0,0,0,28,0,1,0,0,0,45,336,,,TRUE,Non Active Adult,95648,Lincoln,Placer,6061,"Sacramento-Roseville-Folsom, CA",40900,CA,Western Placer Unified School District,Twelve Bridges Elementary School,7,Twelve Bridges Middle School,8,Twelve Bridges High School,7,Lincoln,38.87135,-121.26154
aAfPc000001XCBVKA4,Aspen at Hidden Hills,Century Communities,"Century Communities, Inc.",Active,,,Detached,Single-Family,4700,,47x100,11/1/2025,,72,2,70,7,11/24/2025,,,,,2641,3674,3139,789990,899990,843323.33,12/5/2025,,10000,Closing Cost w/ Preferred Lender,,10000,Closing Cost w/ Preferred Lender,,15000,Flat,176,,,1.56,,,(833) 769-1656,https://www.centurycommunities.com/find-your-new-home/california/northern-california-metro/lincoln/hidden-hills/hidden-hills-65s/,,4D894C57-5C62-463D-A7D5-0E5E05635BCC,2025Q3,1,0,1,0,41,0,0,0,30,0,1,0,0,0,41,360,,,TRUE,Non Active Adult,95648,Lincoln,Placer,6061,"Sacramento-Roseville-Folsom, CA",40900,CA,Western Placer Unified School District,Twelve Bridges Elementary School,7,Twelve Bridges Middle School,8,Twelve Bridges High School,7,Lincoln,38.87135,-121.26154
aAfPc000001XcdpKAC,Porter and Main,Fieldstone Communities,,Active,,,Detached,Single-Family,9900,,60x165,5/11/2025,,10,6,4,3,10/22/2025,1.1,1,,,2556,3110,2751,808900,898000,844266.67,10/22/2025,3.99,,Other,,,No Incentives Confirmed,3,,Final Price,0,,,,,,(916) 727-6501,https://fieldstonecommunitiesllc.com/porter-main-roseville/,,38E081B1-AF68-43A9-944F-395B1D4F8D64,2025Q3,10,5,0,5,0,0,0,0,0,0,1,4,0,5,0,0,12,9.6,TRUE,Non Active Adult,95678,Roseville,Placer,6061,"Sacramento-Roseville-Folsom, CA",40900,CA,Roseville City Elementary School District,William Kaseberg Elementary School,7,George A. Buljan Middle School,4,Roseville High School,8,Roseville,38.75298,-121.30271
aAfPc000001Yn2XKAS,Jasper,D.R. Horton,"D.R. Horton, Inc.",Active,,,Detached,Single-Family,2940,,42x70,8/2/2025,,194,12,182,2,12/7/2025,2.84,3.33,,,1547,2311,1836,482990,590990,529990,12/7/2025,,7500,Closing Cost w/ Preferred Lender,,7500,Closing Cost w/ Preferred Lender,2,,Final Price,0,,,1.05,,,(916) 462-0556 / 916-474-,https://www.drhorton.com/california/sacramento/lincoln/jasper.aspx,,4096F779-A38F-48E2-950D-34D774CD81BF,2025Q3,17,0,11,0,0,0,0,0,177,0,11,4,2,0,0,124.9,,,TRUE,Non Active Adult,95648,Lincoln,Placer,6061,"Sacramento-Roseville-Folsom, CA",40900,CA,Western Placer Unified School District,Creekside Oaks Elementary School,3,Glen Edwards Middle School,5,Lincoln High School,6,Lincoln,38.896,-121.31249
aAfPc000001atDjKAI,Balboa at Delta Shores,Signature Homes,,Active,,,Attached,Townhomes,,,,,,96,5,91,3,12/1/2025,,,,,1627,2260,1997,459113,539209,501972.75,12/1/2025,,20000,Closing Cost w/ Preferred Lender,,,No Incentives Confirmed,2.5,,Base Price,320,,,1.15,,,(916) 222-1788,https://sighomes.com/balboa/,,3F103532-5285-4DAD-9562-455F98F3F961,2025Q3,15,0,0,0,0,0,0,0,81,0,0,12,3,0,0,64.8,,,TRUE,Non Active Adult,95832,Sacramento,Sacramento,6067,"Sacramento-Roseville-Folsom, CA",40900,CA,Sacramento City Unified School District,John H. Still School,4,John H. Still School,4,Luther Burbank High School,4,Pocket / Land Park,38.45948,-121.48884
aAfPc000001b4c7KAA,Tegan Estates,Riverland Homes,,Active,,,Detached,Single-Family,,,,5/1/2025,,39,2,37,3,5/29/2025,,,,,1845,2125,1945,599900,687427,642754.25,12/10/2025,,,,,,,,,,0,,,,,,(916) 347-4972,https://www.riverlandhomes.com/tegan-estates,,03FD767E-FA2B-42BC-A4DF-87A338DE8D6D,2025Q3,24,0,4,0,0,0,0,0,15,0,20,0,4,0,0,7.5,,,TRUE,Non Active Adult,95758,Elk Grove,Sacramento,6067,"Sacramento-Roseville-Folsom, CA",40900,CA,Elk Grove Unified School District,Marion Mix Elementary,6,Harriet G. Eddy Middle School,4,Laguna Creek High School,7,Laguna / Elk Grove,38.42681,-121.44731
aAfPc000001bmt7KAA,Cottages at Greenwood,Lennar,,Active,,,Detached,Single-Family,2100,,,2/14/2025,,78,7,71,9,11/11/2025,0.78,0.67,1,,1883,2339,2083,531990,588990,558990,11/11/2025,3.99,,Other,,,No Incentives Confirmed,,,Other,120,,,1.12,,,(279) 243-9242,https://www.lennar.com/new-homes/california/sacramento/galt/the-cottages-at-greenwood?utm_source=bdx&utm_medium=listing&utm_campaign=lsclen_listing_bdx_the-cottages-at-greenwood,,,,,,,,,,,,,,,,,,,,,,TRUE,Non Active Adult,95632,Galt,Sacramento,6067,"Sacramento-Roseville-Folsom, CA",40900,CA,Galt Joint Union Elementary School District,Lake Canyon Elementary School; Marengo Ranch Elementary School,6; 5,Mccaffrey Middle School,6,Liberty Ranch High School,8,South Sacramento County,38.28974,-121.29784
aAfPc000001c5ivKAA,Noble at Liberty at Lincoln,Richmond American Homes,,Active,,,Detached,Single-Family,,,,,,86,,86,5,8/11/2025,,,,,2510,3030,2736,669551,704101,682534,12/7/2025,,,,,,,,,,,,,,,,(916) 909-2231,https://www.richmondamerican.com/c/35640000?ch=online&ls=inventory-site&ta=bdx&td=link&utm_source=bdx&utm_medium=inventory-site&utm_campaign=nca-sac-community,,80E6990B-AF67-4C09-9C99-DDA01F31BCBD,2025Q3,18,0,5,0,0,0,0,0,68,0,15,1,2,0,0,45.3,,,TRUE,Non Active Adult,95648,Lincoln,Placer,6061,"Sacramento-Roseville-Folsom, CA",40900,CA,Western Placer Unified School District,Scott M. Leaman,6,Twelve Bridges Middle School,8,Twelve Bridges High School,7,Lincoln,38.86602,-121.33065
aAfPc000001cNpRKAU,Ruby Cottages at Ruby Ridge,Lennar,,Active,,,Detached,Single-Family,2160,,36x60,3/30/2025,,87,17,70,12,10/30/2025,2.39,2.67,2.67,,1709,2117,1923,516740,572490,546490,10/30/2025,,,Other,,,Other,2.5,,Base Price,177,,,1.85,,,(916) 304-9711,https://www.lennar.com/new-homes/california/sacramento/woodland/ruby-cottages-at-ruby-ridge,,A4F3D89C-EE0F-4F1E-95F1-5F4FBEE039F2,2025Q3,41,0,27,0,0,0,0,0,46,0,38,0,3,0,0,13.5,,,TRUE,Non Active Adult,95776,Woodland,Yolo,6113,"Sacramento-Roseville-Folsom, CA",40900,CA,Woodland Joint Unified School District,Ramon S. Tafoya Elementary School,6,Douglass Middle School,5,Pioneer High School,6,Davis / Woodland,38.65986,-121.7465
aAfPc000001cNO2KAM,Aqua at The Preserve,Lennar,,Active,,,Detached,Single-Family,4725,,45x105,3/30/2025,,56,27,29,4,10/13/2025,4.13,4,4.33,,1879,2623,2254,584347,652697,617913.67,10/13/2025,,,Closing Cost w/ Preferred Lender,,,Closing Cost w/ Preferred Lender,2.5,,Base Price,,,,1.88,,,(916) 304-9711,https://www.lennar.com/new-homes/california/sacramento/rancho-cordova/aqua-at-the-preserve,,C54DF42D-CAAA-4790-BF5C-1A06DE5EC953,2025Q3,29,21,0,21,0,0,0,0,27,0,1,4,3,21,0,11.2,4.6,2.3,TRUE,Non Active Adult,95742,Rancho Cordova,Sacramento,6067,"Sacramento-Roseville-Folsom, CA",40900,CA,Elk Grove Unified School District,Sunrise Elementary School,7,Katherine L. Albiani Middle School,8,Pleasant Grove High School,9,Rancho Cordova,38.54188,-121.20228
aAfPc000001cNvtKAE,Lyric at Arbor Ranch,Lennar,,Active,,,Detached,Single-Family,6825,,65x105,3/19/2025,,56,18,38,6,11/5/2025,2.35,3.67,2.5,,2632,3427,3066,841697,929045,875941.33,11/5/2025,3.99,,Closing Cost w/ Preferred Lender,,,No Incentives Confirmed,,,No Incentives Confirmed,,,,1.06,"$6,072 Special Assessments",,(916) 202-0155,https://www.lennar.com/new-homes/california/sacramento/elk-grove/lyric-at-arbor-ranch,,A819A5A3-BB95-4467-AC62-0A10FFDD6B3A,2025Q3,41,0,19,0,0,0,0,0,15,0,31,7,3,0,0,4.4,,,TRUE,Non Active Adult,95757,Elk Grove,Sacramento,6067,"Sacramento-Roseville-Folsom, CA",40900,CA,Elk Grove Unified School District,Zehnder Ranch Elementary,8,Elizabeth Pinkerton Middle School,8,Cosumnes Oaks High School,10,Laguna / Elk Grove,38.38485,-121.4046
aAfPc000001cPb7KAE,Harmony at Arbor Ranch,Lennar,,Active,,,Detached,Single-Family,4680,,45x104,3/19/2025,,74,31,43,5,11/5/2025,4.04,4.33,4.17,,1579,2179,1929,619990,697490,662115,11/5/2025,3.99,,Closing Cost w/ Preferred Lender,,,No Incentives Confirmed,,,No Incentives Confirmed,,,,1.06,"$4,452 Special Assessments",,(916) 202-0155,https://www.lennar.com/new-homes/california/sacramento/elk-grove/harmony-at-arbor-ranch,,2D646928-2E3C-4FD9-968F-17FCD97B13F6,2025Q3,44,0,19,0,0,0,0,0,30,0,29,11,4,0,0,8.2,,,TRUE,Non Active Adult,95757,Elk Grove,Sacramento,6067,"Sacramento-Roseville-Folsom, CA",40900,CA,Elk Grove Unified School District,Zehnder Ranch Elementary,8,Elizabeth Pinkerton Middle School,8,Cosumnes Oaks High School,10,Laguna / Elk Grove,38.38412,-121.40273
aAfPc000001cPfxKAE,Symphony at Arbor Ranch,Lennar,,Active,,,Detached,Single-Family,5500,,55x100,3/5/2025,,113,22,91,9,11/5/2025,2.7,4.33,3.33,,2463,3025,2743,757990,823990,782490,11/5/2025,3.99,,Closing Cost w/ Preferred Lender,,,No Incentives Confirmed,,,No Incentives Confirmed,,,,1.6,"$5,364 Special Assessments",,(916) 202-0155,https://www.lennar.com/new-homes/california/sacramento/elk-grove/symphony-at-arbor-ranch,,95BC574E-B36D-44D1-A244-19B1F5471F6C,2025Q3,40,0,17,0,0,0,0,0,73,0,32,4,4,0,0,21.9,,,TRUE,Non Active Adult,95757,Elk Grove,Sacramento,6067,"Sacramento-Roseville-Folsom, CA",40900,CA,Elk Grove Unified School District,Zehnder Ranch Elementary,8,Elizabeth Pinkerton Middle School,8,Cosumnes Oaks High School,10,Laguna / Elk Grove,38.3857,-121.40604
aAfPc000001cPknKAE,Melody at Arbor Ranch,Lennar,,Active,,,Detached,Single-Family,3825,,45x80,2/23/2025,,38,37,1,1,12/4/2025,3.92,4.67,5.17,,1651,2107,1868,612251,672275,639842,12/4/2025,,,Closing Cost w/ Preferred Lender,,,No Incentives Confirmed,,,No Incentives Confirmed,,,,1.06,"$4,452 Special Assesment",,(916) 202-0155,https://www.lennar.com/new-homes/california/sacramento/elk-grove/melody-at-arbor-ranch,,10F0439E-CA16-46A8-813E-C93D047D6F57,2025Q3,37,0,14,0,0,0,0,0,1,0,26,8,3,0,0,0.3,,,TRUE,Non Active Adult,95757,Elk Grove,Sacramento,6067,"Sacramento-Roseville-Folsom, CA",40900,CA,Elk Grove Unified School District,Zehnder Ranch Elementary,8,Elizabeth Pinkerton Middle School,8,Cosumnes Oaks High School,10,Laguna / Elk Grove,38.38656,-121.40419
aAfPc000001ct7uKAA,Rushmore at Liberty Ranch,Meritage Homes,,Active,,,Detached,Single-Family,5775,,55x105,3/2/2025,,70,12,58,9,10/13/2025,1.61,1.33,2,,,2805,1829,605990,699000,651778.5,11/27/2025,,,,,,,,,,,,,1.12,,,(916) 864-9835,https://www.meritagehomes.com/state/ca/sacramento/rushmore-at-liberty-ranch?utm_medium=listings&utm_source=bdx&utm_campaign=sacramento,,3768018A-6ED5-4181-B684-84E50FBAE1E5,2025Q3,26,13,0,13,0,0,0,0,46,0,2,10,1,13,0,21.2,12,9.2,TRUE,Non Active Adult,95632,Galt,Sacramento,6067,"Sacramento-Roseville-Folsom, CA",40900,CA,Galt Joint Union Elementary School District,Marengo Ranch Elementary School,5,Mccaffrey Middle School,6,Liberty Ranch High School,8,South Sacramento County,38.28052,-121.27939
aAfPc000001ct7vKAA,Vernon at Liberty Ranch,Meritage Homes,,Active,,,Detached,Single-Family,6825,,65x105,3/2/2025,,52,12,40,7,10/13/2025,1.61,1.67,2,,2239,2916,2592,650000,743431,709059.5,10/13/2025,,,,,,,,,,,,,1.12,,,(916) 864-9835,https://www.meritagehomes.com/state/ca/sacramento/vernon-at-liberty-ranch?utm_medium=listings&utm_source=bdx&utm_campaign=sacramento,,35E23CE0-F242-46FD-8581-FED9CB37D18E,2025Q3,26,10,6,2,0,0,0,0,26,0,6,9,1,10,0,12,19.2,10.8,TRUE,Non Active Adult,95632,Galt,Sacramento,6067,"Sacramento-Roseville-Folsom, CA",40900,CA,Galt Joint Union Elementary School District,Marengo Ranch Elementary School,5,Mccaffrey Middle School,6,Liberty Ranch High School,8,South Sacramento County,38.28052,-121.27939
aAfPc000001ct7wKAA,Monument at Liberty Ranch,Meritage Homes,,Active,,,Detached,Single-Family,6300,,60x105,4/5/2025,,50,9,41,11,10/13/2025,1.42,1,1.5,,1898,2896,2485,558990,694412,643519,11/15/2025,,,,,,,,,,,,,1.12,,,(916) 864-9819,https://www.meritagehomes.com/state/ca/sacramento/monument-at-liberty-ranch?utm_medium=listings&utm_source=bdx&utm_campaign=sacramento,,A3846554-4C05-423F-B94C-EC92F69B21CF,2025Q3,29,9,2,2,0,0,0,0,22,0,5,14,1,9,0,9.1,26.7,18.7,TRUE,Non Active Adult,95632,Galt,Sacramento,6067,"Sacramento-Roseville-Folsom, CA",40900,CA,Galt Joint Union Elementary School District,Marengo Ranch Elementary School,5,Mccaffrey Middle School,6,Liberty Ranch High School,8,South Sacramento County,38.28052,-121.27939
aAfPc000001cz5PKAQ,Cresleigh Ranch/Park Haven,Cresleigh Homes,,Active,,,Detached,Single-Family,3150,,45x70,4/14/2025,,71,4,67,5,11/10/2025,0.57,0.67,0.67,,1342,2547,1918,510000,615000,566800,11/10/2025,4,,Other,,30000,Other,2,,Base Price,91,,,1.6,,,(916) 693-6740,https://cresleigh.com/park-haven/,,C87F772F-899B-40EE-9D44-4B67BF4F7A8E,2025Q3,14,0,0,0,0,0,0,0,58,0,12,0,2,0,0,49.7,,,TRUE,Non Active Adult,95742,Rancho Cordova,Sacramento,6067,"Sacramento-Roseville-Folsom, CA",40900,CA,Elk Grove Unified School District,Sunrise Elementary School,7,Katherine L. Albiani Middle School,8,Pleasant Grove High School,9,Rancho Cordova,38.55351,-121.22329
aAfPc000001dTBFKA2,Cherry Knolls,Richmond American Homes,,Active,,,Detached,Single-Family,3000,,50x60,4/11/2025,,125,25,100,3,11/4/2025,3.64,4,3.5,,1730,2070,1920,555950,599950,577283.33,11/26/2025,4.5,,Other,2,,Closing Cost w/ Preferred Lender,2,,Base Price,125,,,1.8,,,(916) 581-7003,https://www.richmondamerican.com/c/36300000?ch=online&ls=inventory-site&ta=buzzbuzz&td=link&utm_source=buzzbuzz&utm_medium=inventory-site&utm_campaign=nca-sac-community,,23C6AB71-9C5A-4EAF-AC9F-F625AFE57861,2025Q3,43,8,20,8,0,0,0,0,80,0,31,2,4,8,0,22.3,55.5,3,TRUE,Non Active Adult,95757,Elk Grove,Sacramento,6067,"Sacramento-Roseville-Folsom, CA",40900,CA,Elk Grove Unified School District,Zehnder Ranch Elementary,8,Elizabeth Pinkerton Middle School,8,Cosumnes Oaks High School,10,Laguna / Elk Grove,38.3823,-121.38747
aAfPc000001fCsuKAE,Bloom at Sunridge Park,TRI Pointe Homes,"TRI Pointe Homes, Inc.",Active,,,Detached,Single-Family,6300,,60x105,5/17/2025,,55,6,49,4,11/18/2025,0.98,1.33,0.83,,2430,3375,2990,636490,743375,706285,12/13/2025,6,,Closing Cost w/ Preferred Lender,,30000,Closing Cost w/ Preferred Lender,,10000,Flat,0,,,1.06,,,(916) 844-4379 / 916-241-,https://www.tripointehomes.com/ca/sacramento/bloom-at-sunridge-park/,,202F5124-FC59-4EF1-A4A1-29E47A680449,2025Q3,16,0,6,0,0,0,0,0,39,0,9,5,2,0,0,29.3,,,TRUE,Non Active Adult,95742,Rancho Cordova,Sacramento,6067,"Sacramento-Roseville-Folsom, CA",40900,CA,Elk Grove Unified School District,Sunrise Elementary School,7,Katherine L. Albiani Middle School,8,Pleasant Grove High School,9,Rancho Cordova,38.55723,-121.21837
aAfPc000001fffDKAQ,Freedom at Liberty,Woodside Homes,,Active,,,Detached,Single-Family,3825,,45x85,,,92,,92,3,9/2/2025,,,,,1933,2427,2232,550990,593990,576990,10/18/2025,,,,,,,,,,,,,,,,(877) 590-4395,https://www.woodsidehomes.com/findmyhome/northern-california/lincoln/lincoln,,D6608495-2DF3-4A0C-A676-D37C507E2D98,2025Q3,14,0,6,0,0,0,0,0,78,0,6,5,3,0,0,66.9,,,TRUE,Non Active Adult,95648,Lincoln,Placer,6061,"Sacramento-Roseville-Folsom, CA",40900,CA,Western Placer Unified School District,Scott M. Leaman,6,Twelve Bridges Middle School,8,Twelve Bridges High School,7,Lincoln,38.86343,-121.32766
aAfPc000001fe5mKAA,Camellia Place,Century Communities,"Century Communities, Inc.",Active,,,Detached,Single-Family,,,,,,53,,53,,12/10/2025,,,,,1742,1999,1885,579990,599990,590323.33,12/9/2025,,,,,,,,,,,,,,,,(925) 218-2575,https://www.centurycommunities.com/find-your-new-home/california/northern-california-metro/sacramento/camellia-place/,,783D4DED-0E69-4A1D-918B-BFF7960C86FC,2025Q3,0,0,0,0,53,0,0,0,0,0,0,0,0,0,53,,,,TRUE,Non Active Adult,95758,Elk Grove,Sacramento,6067,"Sacramento-Roseville-Folsom, CA",40900,CA,Elk Grove Unified School District,Irene B. West Elementary School,5,"Edward Harris, Jr. Middle School",6,Monterey Trail High School,7,Laguna / Elk Grove,38.44847,-121.41747
aAfPc000001gsmbKAA,Cedar Grove at Summerfield,Lennar,,Active,,,Detached,Single-Family,,,,,,,,,6,11/18/2025,,,,,2018,2476,2286,654870,703170,686370,11/18/2025,,,,,,,,,,,,,,,,(916) 304-9711,https://www.lennar.com/new-homes/california/sacramento/galt/cedar-grove-at-summerfield,,,,,,,,,,,,,,,,,,,,,,TRUE,Non Active Adult,95632,Galt,Sacramento,6067,"Sacramento-Roseville-Folsom, CA",40900,CA,Galt Joint Union Elementary School District,Marengo Ranch Elementary School,5,Mccaffrey Middle School,6,Liberty Ranch High School,8,South Sacramento County,38.29343,-121.28235
aAfPc000001gsufKAA,Cedar Glen at Summerfield,Lennar,,Active,,,Detached,Single-Family,,,,,,,,,7,11/18/2025,,,,,2673,3308,2907,748131,830773,785350.4,11/18/2025,,,,,,,,,,,,,,,,(916) 304-9711,https://www.lennar.com/new-homes/california/sacramento/galt/cedar-glen-at-summerfield,,,,,,,,,,,,,,,,,,,,,,TRUE,Non Active Adult,95632,Galt,Sacramento,6067,"Sacramento-Roseville-Folsom, CA",40900,CA,Galt Joint Union Elementary School District,Marengo Ranch Elementary School,5,Mccaffrey Middle School,6,Liberty Ranch High School,8,South Sacramento County,38.29343,-121.28235
aAfPc000001iSTdKAM,Liberty/Legacy,Meritage Homes,,Active,,,Detached,Single-Family,4250,,50x85,8/16/2025,,104,6,98,6,10/24/2025,2.62,,,,2484,3173,2820,649000,712011,688333.67,12/5/2025,,,,,,,,,,,,,,,,(916) 864-9359,https://www.meritagehomes.com/state/ca/sacramento/legacy-at-liberty?utm_medium=listings&utm_source=bdx&utm_campaign=sacramento,,973CB542-972B-429D-8F13-44EA46ECCF65,2025Q3,21,0,6,0,0,0,0,0,83,0,11,7,3,0,0,47.4,,,TRUE,Non Active Adult,,Lincoln,Placer,6061,"Sacramento-Roseville-Folsom, CA",40900,CA,Western Placer Unified School District,Scott M. Leaman,6,Twelve Bridges Middle School,8,Twelve Bridges High School,7,Lincoln,38.86085,-121.33284
aAfPc000001iwm9KAA,Seasons at Cypress,Richmond American Homes,,Active,,,Detached,Single-Family,4700,,47x100,8/2/2025,,157,9,148,7,12/4/2025,2.18,3,,,1720,2910,2374,549388,687575,618387.8,12/11/2025,,60000,Closing Cost w/ Preferred Lender,,60000,Closing Cost w/ Preferred Lender,3,,Base Price,0,,,1.06,,,(279) 888-7951,https://www.richmondamerican.com/c/36520000?ch=online&ls=inventory-site&ta=bdx&td=link&utm_source=bdx&utm_medium=inventory-site&utm_campaign=nca-sac-community,,F3B4208B-5564-4F40-9987-44289155EBCF,2025Q3,25,0,2,0,0,0,106,0,26,0,23,0,2,0,106,12.5,,,TRUE,Non Active Adult,95742,Rancho Cordova,Sacramento,6067,"Sacramento-Roseville-Folsom, CA",40900,CA,Elk Grove Unified School District,Sunrise Elementary School,7,Katherine L. Albiani Middle School,8,Pleasant Grove High School,9,Rancho Cordova,38.54829,-121.19156
aAfPc000001m9OpKAI,Valley Vista,Keusder Homes Inc.,,Active,,,Detached,Single-Family,3627,,31x117,8/17/2024,,133,21,112,6,10/20/2025,1.47,0.67,1.17,1.5,1315,1539,1432,464990,667990,546590,10/20/2025,,20000,Other,,20000,Other,3,,Base Price,0,,,1.1,,,(916) 579-6398,https://keusderhomes.com/communities/valley-vista/,,20A88ACA-1B50-4570-B9A9-6C5EA7387425,2025Q3,10,20,7,3,0,0,0,0,94,0,15,4,0,20,0,112.8,11.4,2.4,TRUE,Non Active Adult,95838,Sacramento,Sacramento,6067,"Sacramento-Roseville-Folsom, CA",40900,CA,Twin Rivers Unified School District,Del Paso Heights Elementary School,4,Rio Tierra Junior High School,2,Grant Union High School,4,Antelope,38.63751,-121.46906
aAfPc000001ndu5KAA,Calabria II at Antelope North,Lennar,,Active,,,Detached,Single-Family,4950,,45x110,,,85,0,85,4,12/9/2025,,,,,1233,1870,1550,538740,587740,563740,12/9/2025,,,,,,,,,,,,,,,,(916) 304-9711,https://www.lennar.com/new-homes/california/sacramento/antelope/calabria-ii-at-antelope-north,,C773A82A-54E9-4ACD-9F2B-B89FC5A0BFCF,2025Q3,0,0,0,0,0,0,60,0,25,0,0,0,0,0,60,,,,TRUE,Non Active Adult,95747,Roseville,Placer,6061,"Sacramento-Roseville-Folsom, CA",40900,CA,Center Joint Unified School District,,,Wilson C. Riles Middle School,5,Center High,7,Roseville,38.75706,-121.39038
aAfPc000001ndhCKAQ,Windsor at Antelope North,Lennar,,Active,,,Detached,Single-Family,4950,,45x110,10/27/2025,,86,0,86,4,12/1/2025,,,,,1765,2179,1975,587740,635740,613990,12/1/2025,,,,,,,,,,,,,,,,(916) 304-9711,https://www.lennar.com/new-homes/california/sacramento/antelope/windsor-at-antelope-north,,4F4FBFBE-FD54-4AF1-BF7B-488451934C60,2025Q3,0,0,0,0,0,0,25,0,61,0,0,0,0,0,25,,,,TRUE,Non Active Adult,95747,Roseville,Placer,6061,"Sacramento-Roseville-Folsom, CA",40900,CA,Center Joint Unified School District,,,Wilson C. Riles Middle School,5,Center High,7,Roseville,38.75706,-121.39038
aAfPc000001njs6KAA,Belvedere,Next Generation LLC,,Active,,,Attached,Townhomes,,,,9/6/2025,,18,3,15,5,11/17/2025,1.25,,,,1987,2540,2355,664990,819990,766656.67,11/17/2025,,20000,Closing Cost w/ Preferred Lender,,20000,Closing Cost w/ Preferred Lender,2,,Base Price,345,,,1.5,,Townhomes,916-580-6398,https://nextnewhomes.com/belvedere-historic-roseville/,,E1919D6F-3CB9-473D-A6BF-2F0B81D38DD8,2025Q3,0,3,0,0,0,0,0,0,0,0,0,14,1,3,0,,60,56,TRUE,Non Active Adult,95678,Roseville,Placer,6061,"Sacramento-Roseville-Folsom, CA",40900,CA,Roseville City Elementary School District,Bradford Woodbridge Fundamental Elementa...,4,George A. Buljan Middle School,4,Roseville High School,8,Roseville,38.75297,-121.28495
aAf3x000001QYqLCAW,Aurora Heights at Twelve Bridges,KB Home,,Active,Twelve Bridges,"Placer Holdings, Inc.",Detached,Single-Family,1855,35,35x53,11/30/2023,,214,105,109,4,12/4/2025,4.3,2.33,4.67,5,1373,1803,1612,437990,487990,467139.17,12/9/2025,,5000,Closing Cost w/ Preferred Lender,,5000,Closing Cost w/ Preferred Lender,2,,Base Price,162,,,1.06,,,(916) 295-6010,https://www.kbhome.com/new-homes-sacramento/aurora-heights-at-twelve-bridges,3425,3DFCC9E7-3D0C-4AE2-8B5D-9FC34831BF75,2025Q3,53,58,15,12,0,0,0,0,110,0,21,4,3,76,0,24.9,5.8,0.8,TRUE,Non Active Adult,95648,Lincoln,Placer,6061,"Sacramento-Roseville-Folsom, CA",40900,CA,Western Placer Unified School District,Twelve Bridges Elementary School,7,Twelve Bridges Middle School,8,Twelve Bridges High School,7,Lincoln,38.85841,-121.29385
aAf3x000001QYeSCAW,Velare at Twelve Bridges,LGI Homes,,Active,Twelve Bridges,"Placer Holdings, Inc.",Detached,Single-Family,6000,,60x100,8/26/2023,,160,125,35,,12/11/2025,4.49,6.33,5.33,3.67,1223,1802,1512,464900,589900,517300,12/11/2025,,,Closing Cost w/ Preferred Lender,,,Closing Cost w/ Preferred Lender,,,Base Price,99,,,,"1.9 total tax rate, mello roos included in this amount",,(866) 890-8024,https://www.lgihomes.com/california/sacramento/twelve-bridges,3425,FC351387-0468-4CE0-A658-5ADD7A5728D5,2025Q3,17,30,1,2,0,0,0,0,37,0,0,21,0,102,0,26.1,8.4,8.4,TRUE,Non Active Adult,95648,Lincoln,Placer,6061,"Sacramento-Roseville-Folsom, CA",40900,CA,Western Placer Unified School District,Twelve Bridges Elementary School,7,Twelve Bridges Middle School,8,Twelve Bridges High School,7,Lincoln,38.85544,-121.288
aAfPc0000009yEfKAI,Millau/Twelve Bridges,Century Communities,"Century Communities, Inc.",Active,Twelve Bridges,"Placer Holdings, Inc.",Detached,Single-Family,2600,40,40x65,3/29/2024,,105,52,53,6,11/6/2025,2.67,3.33,3,2.92,1518,2151,1830,513990,607990,565242.5,12/3/2025,,,Other,,10000,Closing Cost w/ Preferred Lender,,15000,Flat,0,,,,,,(530) 902-7341,https://www.centurycommunities.com/find-your-new-home/california/northern-california-metro/lincoln/twelve-bridges/millau-collection/,3425,A71D7CB5-A902-490A-A577-EB16AE3309FD,2025Q3,28,42,15,7,0,0,0,0,40,0,15,6,2,42,0,17.1,6.6,1.7,TRUE,Non Active Adult,95648,Lincoln,Placer,6061,"Sacramento-Roseville-Folsom, CA",40900,CA,Western Placer Unified School District,Twelve Bridges Elementary School,7,Twelve Bridges Middle School,8,Twelve Bridges High School,7,Lincoln,38.8559,-121.29072
aAfPc0000009y8DKAQ,Rialto/Twelve Bridges,Century Communities,"Century Communities, Inc.",Active,Twelve Bridges,"Placer Holdings, Inc.",Detached,Single-Family,2860,44,44x65,3/29/2024,,79,55,24,7,11/6/2025,2.82,2.33,3.83,3.42,1118,2431,2047,525000,634990,603594,12/3/2025,,,Other,,10000,Closing Cost w/ Preferred Lender,,15000,Flat,0,,,,,,(530) 902-7341,https://www.centurycommunities.com/find-your-new-home/california/northern-california-metro/lincoln/twelve-bridges/rialto-collection/,3425,A2D10920-3D2B-40B5-973B-2FB79C8F18B8,2025Q3,34,43,16,9,0,0,0,0,10,0,18,6,2,43,0,3.5,7.3,1.7,TRUE,Non Active Adult,95648,Lincoln,Placer,6061,"Sacramento-Roseville-Folsom, CA",40900,CA,Western Placer Unified School District,Twelve Bridges Elementary School,7,Twelve Bridges Middle School,8,Twelve Bridges High School,7,Lincoln,38.8559,-121.29072
aAfPc000000SC6rKAG,Mountaingate at Bickford,TRI Pointe Homes,"TRI Pointe Homes, Inc.",Active,Bickford Ranch,Westland Capital Partners,Detached,Single-Family,6500,,,8/3/2024,,65,14,51,2,12/5/2025,0.86,2,1.17,1.08,2887,3743,3264,829000,981726,886242,12/13/2025,,,Other,,,Other,,12000,Flat,139.7,,,1.86,,,(916) 260-2006,https://www.tripointehomes.com/ca/sacramento/mountaingate-at-bickford/,3490,7190C32C-4724-4999-A74A-07FF1F20645E,2025Q3,5,4,0,1,0,0,0,0,42,0,3,14,2,4,0,100.8,57,42,TRUE,Non Active Adult,95648,Lincoln,Placer,6061,"Sacramento-Roseville-Folsom, CA",40900,CA,Loomis Union Elementary School District,,,,,Del Oro High School,10,Auburn / Granite Bay,38.8696,-121.22283
aAfPc000000G0fBKAS,Ridgeline at Bickford,Toll Brothers,,Active,Bickford Ranch,Westland Capital Partners,Detached,Single-Family,10625,,85x125,5/17/2024,,107,39,68,7,10/29/2025,2.21,2,2.83,2.58,3153,4095,3625,1050995,1204995,1135245,10/29/2025,3.49,,Closing Cost w/ Preferred Lender,,5000,Closing Cost w/ Preferred Lender,,,Flat,231.37,,,1.8,mello roos?,,(844) 849-5263,https://www.tollbrothers.com/luxury-homes-for-sale/California/Ridgeline-at-Bickford-by-Toll-Brothers,3490,86F1B63D-0545-4F28-8B79-090DAB07F206,2025Q3,33,22,0,6,0,0,0,0,66,0,13,5,2,22,0,24,10.9,2.7,TRUE,Non Active Adult,95648,Lincoln,Placer,6061,"Sacramento-Roseville-Folsom, CA",40900,CA,Western Placer Unified School District,Carlin C. Coppin Elementary School,5,Glen Edwards Middle School,5,Del Oro High School; Lincoln High School,10; 6,Lincoln,38.87517,-121.23784
aAf3x000001QDzACAW,Trilogy Bickford Ranch,Shea Homes,,Active,Bickford Ranch,Westland Capital Partners,Detached,Single-Family,6000,,65'x105',8/1/2023,,196,65,131,13,12/8/2025,2.28,2.33,1.83,2.58,1448,2850,2118,477999,1220999,728943.44,12/8/2025,,,No Incentives Confirmed,,,No Incentives Confirmed,3,,Base Price,500,,,,,Active Adult,(279) 348-7400 / (209) 50,https://www.sheahomes.com//new-homes/california/sacramento/lincoln/trilogy-bickford-ranch,3490,1D2EC817-34D5-45C3-9C7A-E457E20158BD,2025Q3,23,35,6,5,0,0,0,0,106,0,7,30,5,49,0,55.3,14.4,10.3,TRUE,Active Adult,95648,Lincoln,Placer,6061,"Sacramento-Roseville-Folsom, CA",40900,CA,Loomis Union Elementary School District,,,,,Del Oro High School,10,Auburn / Granite Bay,38.87523,-121.2359
aAf3x000001YeklCAC,Regency at Folsom Ranch/Redwood,Toll Brothers,,Active,Folsom Ranch,"New Home Co., Westland Capital Partners",Detached,Single-Family,5250,50,50x105,10/2/2021,,168,139,29,1,12/4/2025,2.75,2,2.83,3.17,1542,1596,1567,659995,683995,669661.67,12/4/2025,,7500,Closing Cost w/ Preferred Lender,,7500,Closing Cost w/ Preferred Lender,,12500,Flat,265,,,1.44,,Active Adult,(844) 790-5263,https://www.tollbrothers.com/luxury-homes-for-sale/California/Regency-at-Folsom-Ranch/Redwood-Collection,3497,189BF0C8-DA40-4D54-ADD9-1332F4DC88C3,2025Q3,31,54,0,7,0,0,0,0,24,0,2,15,3,124,0,9.3,4.4,3.3,TRUE,Active Adult,95630,Folsom,Sacramento,6067,"Sacramento-Roseville-Folsom, CA",40900,CA,Folsom-Cordova Unified School District,Mangini Ranch Elementary,8,Folsom Middle School,8,Folsom High School,10,Folsom,38.6272,-121.11691
aAf3x000001YekqCAC,Regency at Folsom Ranch/Mendocino,Toll Brothers,,Active,Folsom Ranch,"New Home Co., Westland Capital Partners",Detached,Single-Family,5250,50,50x105,10/2/2021,,162,101,61,3,10/8/2025,2.07,1.67,1.67,5.42,,1925,1486,714995,794995,750797,12/10/2025,,7500,Closing Cost w/ Preferred Lender,,7500,Closing Cost w/ Preferred Lender,,12500,Flat,265,,,1.44,,Active Adult,.,https://www.tollbrothers.com/luxury-homes-for-sale/California/Regency-at-Folsom-Ranch/Mendocino-Collection,3497,FBE43AB3-E915-4906-A3D7-62EBE7EEAB36,2025Q3,29,25,2,7,0,0,0,0,31,0,13,11,3,104,0,12.8,13,5.3,TRUE,Active Adult,95630,Folsom,Sacramento,6067,"Sacramento-Roseville-Folsom, CA",40900,CA,Folsom-Cordova Unified School District,Mangini Ranch Elementary,8,Folsom Middle School,8,Folsom High School,10,Folsom,38.62299,-121.1207
aAf3x000001YekvCAC,Regency at Folsom Ranch/Tahoe,Toll Brothers,,Active,Folsom Ranch,"New Home Co., Westland Capital Partners",Detached,Single-Family,5250,50,50x105,10/2/2021,,145,85,60,1,12/4/2025,1.68,1.33,0.83,1.75,2316,2441,2371,890995,905995,897661.67,12/4/2025,,7500,Closing Cost w/ Preferred Lender,,7500,Closing Cost w/ Preferred Lender,,12500,Flat,265,,,1.44,,Active Adult,(844) 790-5263,https://www.tollbrothers.com/luxury-homes-for-sale/California/Regency-at-Folsom-Ranch/Tahoe-Collection,3497,E9728EC1-A2D5-4FF8-8F11-45DE745A94A5,2025Q3,25,25,1,9,0,0,0,0,21,0,5,10,3,106,0,10.1,8.6,4.8,TRUE,Active Adult,95630,Folsom,Sacramento,6067,"Sacramento-Roseville-Folsom, CA",40900,CA,Folsom-Cordova Unified School District,Mangini Ranch Elementary,8,Folsom Middle School,8,Folsom High School,10,Folsom,38.62195,-121.12091
aAf3x000001Yel0CAC,Regency at Folsom Ranch/Shasta,Toll Brothers,,Active,Folsom Ranch,"New Home Co., Westland Capital Partners",Detached,Single-Family,5250,50,50x105,10/2/2021,,184,157,27,5,12/4/2025,3.1,4.33,7.17,8,2012,2148,2096,772995,797995,785661.67,12/4/2025,,7500,Closing Cost w/ Preferred Lender,,7500,Closing Cost w/ Preferred Lender,,12500,Flat,265,,,1.44,,Active Adult,(844) 790-5263,https://www.tollbrothers.com/luxury-homes-for-sale/California/Regency-at-Folsom-Ranch/Shasta-Collection,3497,BE883F0D-080E-4F8F-991A-0E077F4D2A51,2025Q3,25,28,0,7,0,0,0,0,43,0,12,6,3,120,0,20.6,9,2.6,TRUE,Active Adult,95630,Folsom,Sacramento,6067,"Sacramento-Roseville-Folsom, CA",40900,CA,Folsom-Cordova Unified School District,Mangini Ranch Elementary,8,Folsom Middle School,8,Folsom High School,10,Folsom,38.62498,-121.11764
aAf3x000000UNRxCAO,Regency at Folsom Ranch/Sequoia,Toll Brothers,,Active,Folsom Ranch,"New Home Co., Westland Capital Partners",Attached,Townhomes,,,,10/2/2021,,171,108,63,4,12/4/2025,2.13,2.33,2.33,4.25,1398,1446,1421,555995,570995,564328.33,12/4/2025,,7500,Closing Cost w/ Preferred Lender,,7500,Closing Cost w/ Preferred Lender,,12500,Flat,265,,,1.44,,Active Adult; Townhomes,(844) 790-5263,https://www.tollbrothers.com/luxury-homes-for-sale/California/Regency-at-Folsom-Ranch/Sequoia-Collection,3497,A3C291E0-0913-4267-9892-40C67FAD864B,2025Q3,40,21,0,9,0,0,0,0,35,0,24,8,3,101,0,10.5,20,4.6,TRUE,Active Adult,95630,Folsom,Sacramento,6067,"Sacramento-Roseville-Folsom, CA",40900,CA,Folsom-Cordova Unified School District,Mangini Ranch Elementary,8,Folsom Middle School,8,Folsom High School,10,Folsom,38.62131,-121.11864
aAfPc000001a5aFKAQ,Sendero at Folsom Ranch,TRI Pointe Homes,"TRI Pointe Homes, Inc.",Active,Folsom Ranch,"New Home Co., Westland Capital Partners",Detached,Single-Family,,,,4/5/2025,,160,14,146,6,11/15/2025,1.88,2,1.83,,1566,1870,1690,522430,631216,579548.67,11/21/2025,3.75,,Other,6,,Closing Cost w/ Preferred Lender,,10000,Flat,343,,,1.23,,Detached Condo,(916) 200-8215 / 916 699-,https://www.tripointehomes.com/ca/sacramento/sendero-at-folsom-ranch/,3497,1EC822C2-9EC0-40DD-9480-FE4D762A1F5E,2025Q3,36,7,14,7,0,0,0,0,124,0,24,2,3,7,0,41.3,49.7,3.4,TRUE,Non Active Adult,95630,Folsom,Sacramento,6067,"Sacramento-Roseville-Folsom, CA",40900,CA,Folsom-Cordova Unified School District,Mangini Ranch Elementary,8,Folsom Middle School,8,Folsom High School,10,Folsom,38.62484,-121.10789
aAfPc000001XcfRKAS,Shawood at Folsom Ranch,Shawood Communities,,Active,Folsom Ranch,"New Home Co., Westland Capital Partners",Detached,Single-Family,10625,,85x125,4/26/2025,,41,6,35,2,11/12/2025,0.9,1.33,1,,2960,4346,3733,1320990,1594990,1451490,11/12/2025,,10000,Closing Cost w/ Preferred Lender,,10000,Closing Cost w/ Preferred Lender,2,,Final Price,169,,,1.24,,,(916) 938-1037,https://shawood.com/community/folsom/,3497,E369DFE1-7CD0-41D6-80F2-625971F29241,2025Q3,9,1,0,1,0,0,0,0,32,0,4,2,2,1,0,42.7,96,24,TRUE,Non Active Adult,95630,Folsom,Sacramento,6067,"Sacramento-Roseville-Folsom, CA",40900,CA,Folsom-Cordova Unified School District,,,Folsom Middle School,8,Folsom High School,10,Folsom,38.64214,-121.10362
aAfPc000000AkWGKA0,Rockcress II at Folsom Ranch,Lennar,,Active,Folsom Ranch,"New Home Co., Westland Capital Partners",Detached,Single-Family,3375,45,45x75,11/7/2023,,115,114,1,,12/3/2025,4.53,0.67,1.83,3.92,1632,2024,1853,678990,810507,746156.75,8/23/2025,,,No Incentives Confirmed,,,No Incentives Confirmed,,,Other,0,,,1.25,,,(916) 549-2364,https://www.lennar.com/new-homes/california/sacramento/folsom/rockcress-ii-at-folsom-ranch,3497,95A46C1A-52D2-4F0E-8238-1E5CBD226ACB,2025Q3,47,57,0,12,0,0,0,0,1,0,12,0,4,98,0,0.3,3.4,0,TRUE,Non Active Adult,95630,Folsom,Sacramento,6067,"Sacramento-Roseville-Folsom, CA",40900,CA,Folsom-Cordova Unified School District,Mangini Ranch Elementary,8,Folsom Middle School,8,Folsom High School,10,Folsom,38.62759,-121.09631
aAf3x000001QfKXCA0,Esquire at Folsom Ranch,KB Home,,Active,Folsom Ranch,"New Home Co., Westland Capital Partners",Detached,Single-Family,4725,,45x105,3/2/2024,,153,95,58,4,11/24/2025,4.52,3.67,2.83,4.83,1652,2777,2204,653990,785990,709656.67,11/24/2025,,5000,Closing Cost w/ Preferred Lender,,5000,Closing Cost w/ Preferred Lender,2,,Final Price,0,,,1.79,,,916-272-1325,https://www.kbhome.com/new-homes-sacramento/esquire-at-folsom-ranch,3497,844773D6-48A1-4F44-9D1F-927328BE67DC,2025Q3,66,62,19,13,0,0,0,0,55,0,26,3,2,67,0,10,6,0.6,TRUE,Non Active Adult,95630,Folsom,Sacramento,6067,"Sacramento-Roseville-Folsom, CA",40900,CA,Folsom-Cordova Unified School District,,,Folsom Middle School,8,Folsom High School,10,Folsom,38.63851,-121.10663
aAf3x000001QOlNCAW,Preserve at Folsom Ranch/Oak Trails,Toll Brothers,,Active,Folsom Ranch,"New Home Co., Westland Capital Partners",Detached,Single-Family,4700,,47x100,9/2/2023,,100,47,53,5,11/7/2025,1.78,1.67,1.33,1.67,2655,3369,3017,799995,935995,878245,11/7/2025,,7500,Closing Cost w/ Preferred Lender,,7500,Closing Cost w/ Preferred Lender,,15000,Flat,121,,,1.79,,,(844) 790-5263,https://www.tollbrothers.com/luxury-homes-for-sale/California/Preserve-at-Folsom-Ranch/Oak-Trails,3497,1817C61B-8E23-4535-85DF-47C24ACA9532,2025Q3,23,27,1,3,0,0,0,0,37,0,18,5,2,38,0,19.3,11.1,2.2,TRUE,Non Active Adult,95630,Folsom,Sacramento,6067,"Sacramento-Roseville-Folsom, CA",40900,CA,Folsom-Cordova Unified School District,Mangini Ranch Elementary,8,Folsom Middle School,8,Folsom High School,10,Folsom,38.62228,-121.13376
aAf3x000001QOmLCAW,Preserve at Folsom Ranch/Heritage Trails,Toll Brothers,,Active,Folsom Ranch,"New Home Co., Westland Capital Partners",Detached,Single-Family,6600,,60x100,9/2/2023,,110,66,44,3,11/7/2025,2.49,0.33,1,1.92,2539,3788,3366,1032995,1177995,1118495,11/7/2025,,7500,Closing Cost w/ Preferred Lender,,7500,Closing Cost w/ Preferred Lender,,15000,Flat,121,,,1.74,,,(844) 790-5263,https://www.tollbrothers.com/luxury-homes-for-sale/California/Preserve-at-Folsom-Ranch/Heritage-Trails,3497,B8D5FD45-9576-4D48-992D-3B058F49C6C8,2025Q3,36,41,8,8,0,0,0,0,31,0,22,4,2,51,0,10.3,8.2,1.2,TRUE,Non Active Adult,95630,Folsom,Sacramento,6067,"Sacramento-Roseville-Folsom, CA",40900,CA,Folsom-Cordova Unified School District,Mangini Ranch Elementary,8,Folsom Middle School,8,Folsom High School,10,Folsom,38.62204,-121.13144
aAf3x000001WjJgCAK,Excelsior Village at Sierra Vista,JMC Homes,,Active,Sierra Vista (CA),,Detached,Single-Family,6600,,60x110,4/26/2022,,80,76,4,,11/25/2025,1.75,1.67,1.33,1.75,2201,3822,2954,754990,1149990,902132.86,11/25/2025,4.99,,Other,,10000,Closing Cost w/ Preferred Lender,2,,Base Price,97,,,1.17,,,(916) 724-4371,https://www.jmchomes.com/communities/excelsior-village-sierra-vista,3498,8D321FAF-63C3-48B2-B132-8757C331D441,2025Q3,8,29,0,7,0,0,0,0,0,0,0,5,3,72,0,0,3.3,2.1,TRUE,Non Active Adult,95747,Roseville,Placer,6061,"Sacramento-Roseville-Folsom, CA",40900,CA,Center Joint Unified School District,,,Wilson C. Riles Middle School,5,Center High,7,Roseville,38.75641,-121.35906
aAf3x000001QegpCAC,Kindred at Sierra Vista,Anthem United,,Active,Sierra Vista (CA),,Detached,Single-Family,3500,,,10/7/2023,,159,86,73,,11/4/2025,3.41,1,1.83,2.92,1840,3272,2379,585990,797490,684775.71,11/4/2025,,30000,Closing Cost w/ Preferred Lender,,5000,Closing Cost,2,,Base Price,0,,,1.15,,,(916) 462-6884,https://anthemproperties.com/property/kindred-at-sierra-vista/,3498,2B97D102-C0CE-428E-B88E-A16C585FBBDD,2025Q3,46,47,11,11,0,0,0,0,63,0,19,6,5,66,0,16.4,7.7,1.5,TRUE,Non Active Adult,95747,Roseville,Placer,6061,"Sacramento-Roseville-Folsom, CA",40900,CA,Center Joint Unified School District,,,Wilson C. Riles Middle School,5,Center High,7,Roseville,38.75903,-121.375
aAfPc0000009Z4zKAE,Inspiration Village at Sierra Vista,JMC Homes,,Active,Sierra Vista (CA),,Detached,Single-Family,4275,,45x95,11/17/2023,,103,97,6,,11/25/2025,3.95,2.67,2.67,3.17,1343,2054,1683,593990,664990,625990,11/25/2025,4.99,,Other,,10000,Closing Cost w/ Preferred Lender,2,,Base Price,135,,,1.17,,,(916) 724-4358,https://www.jmchomes.com/communities/roseville/inspiration-village-at-sierra-vista,3498,C30413E7-5FE1-4439-9E65-DCD356CA53DB,2025Q3,24,50,0,14,0,0,0,0,1,0,0,6,4,92,0,0.5,2.4,1.4,TRUE,Non Active Adult,95747,Roseville,Placer,6061,"Sacramento-Roseville-Folsom, CA",40900,CA,Center Joint Unified School District,,,Wilson C. Riles Middle School,5,Center High,7,Roseville,38.75846,-121.37203
aAfPc000001jgCDKAY,Highline Village at Sierra Vista,JMC Homes,,Active,Sierra Vista (CA),,Detached,Single-Family,4500,,45x100,8/8/2025,,95,3,92,,11/25/2025,0.83,0.67,,,1203,1503,1363,539990,589990,569990,11/25/2025,4.99,,Other,,10000,Closing Cost w/ Preferred Lender,2,,Base Price,198,,,1.16,,,(916) 724-4391,https://www.jmchomes.com/communities/roseville/highline-village-at-sierra-vista,3498,BBABB800-675F-4506-92DA-68CCCB5422C7,2025Q3,23,0,10,0,0,0,0,0,72,0,10,10,3,0,0,37.6,,,TRUE,Non Active Adult,95747,Roseville,Placer,6061,"Sacramento-Roseville-Folsom, CA",40900,CA,Center Joint Unified School District,,,Wilson C. Riles Middle School,5,Center High,7,Roseville,38.76533,-121.37409
aAf2T000000sh8eSAA,Sentinel VIllage at Sierra Vista,JMC Homes,,Active,Sierra Vista (CA),,Detached,Single-Family,5720,55,55x104,3/13/2020,,247,226,21,,11/25/2025,3.27,1.33,1.33,2,1754,2178,1961,669990,749990,706656.67,11/25/2025,4.99,,Other,,10000,Closing Cost w/ Preferred Lender,2,,Base Price,0,,,1.17,Mello Roos  $220.00 per month.,,(916) 724-4390,https://www.jmchomes.com/communities/sentinel-village-sierra-vista,3498,21222F1C-6E62-4738-B070-153166122A36,2025Q3,31,30,5,7,0,0,0,0,0,0,9,12,3,223,0,0,9.6,4.8,TRUE,Non Active Adult,95747,Roseville,Placer,6061,"Sacramento-Roseville-Folsom, CA",40900,CA,Center Joint Unified School District,,,Wilson C. Riles Middle School,5,Center High,7,Roseville,38.75922,-121.36419
aAfPc000001hzELKAY,Orion at Soliare,Taylor Morrison,,Active,Solaire,"Sierra Vista Landowners Group, Westpark Communities",Detached,Single-Family,,,,,,53,,53,3,11/18/2025,,,,,1996,2265,2132,599999,629999,614999,11/18/2025,,,,,,,,,,,,,,,,(916) 634-0975,https://www.taylormorrison.com/ca/sacramento/roseville/orion-at-solaire,3526,08D00711-2427-4A71-8E7E-4519E4D4F017,2025Q3,0,0,0,0,0,0,0,0,0,53,0,0,0,0,53,,,,TRUE,Non Active Adult,95747,Roseville,Placer,6061,"Sacramento-Roseville-Folsom, CA",40900,CA,Roseville City Elementary School District,,,Barbara Chilton Middle School,7,West Park High,8,Roseville,38.77513,-121.38566
aAf3x000001WpXJCA0,Solaire/Camellia,Pulte Homes,PulteGroup Inc.,Active,Solaire,"Sierra Vista Landowners Group, Westpark Communities",Detached,Single-Family,6300,,,12/23/2023,,67,61,6,,10/23/2025,2.74,1.33,1.17,2,2584,3404,3049,712990,812990,769656.67,9/12/2025,,,Other,,,Other,2.5,,Base Price,0,,,1,,,(916) 510-0398,https://www.pulte.com/homes/california/bay-area/roseville/camellia-at-solaire-211020,3526,9F5FFF2C-5343-4824-9C92-83B3D4168853,2025Q3,38,49,6,9,0,0,0,0,2,0,9,1,4,51,0,0.6,3.4,0.2,TRUE,Non Active Adult,95747,Roseville,Placer,6061,"Sacramento-Roseville-Folsom, CA",40900,CA,Center Joint Unified School District,,,Wilson C. Riles Middle School,5,Center High,7,Roseville,38.76491,-121.38041
aAf3x000001WpXKCA0,Solaire/Jasmine,Pulte Homes,PulteGroup Inc.,Active,Solaire,"Sierra Vista Landowners Group, Westpark Communities",Detached,Single-Family,5300,,,1/6/2024,,107,76,31,2,10/24/2025,3.48,2.67,2.33,2.5,1788,3013,2561,609990,714990,673990,10/24/2025,,,Other,,,Other,2.5,,Base Price,0,,,1,,,(916) 510-0470,https://www.pulte.com/homes/california/bay-area/roseville/jasmine-at-solaire-211021,3526,72257455-CF94-429A-9001-5694B0A41EC6,2025Q3,41,50,11,9,0,0,0,0,39,0,13,3,0,52,0,11.4,3.8,0.7,TRUE,Non Active Adult,95747,Roseville,Placer,6061,"Sacramento-Roseville-Folsom, CA",40900,CA,Center Joint Unified School District,,,Wilson C. Riles Middle School,5,Center High,7,Roseville,38.76215,-121.38148
aAf3x000001Qep6CAC,Pinnacle at Solaire,Beazer Homes,,Active,Solaire,"Sierra Vista Landowners Group, Westpark Communities",Detached,Single-Family,3825,45,45x85,1/2/2024,,120,57,63,3,11/10/2025,2.53,2.67,2.5,2.75,1564,2724,2170,542990,647990,595990,12/7/2025,,15000,Closing Cost w/ Preferred Lender,,15000,Closing Cost w/ Preferred Lender,2,,Final Price,0,,,1.15,,,(916) 303-7507,https://www.beazer.com/sacramento-CA/roseville/pinnacle-at-solaire,3526,14ECE314-8BB2-4F77-973E-9374EA923B69,2025Q3,24,35,4,8,0,0,0,0,57,0,4,4,3,52,0,28.5,3.8,1.4,TRUE,Non Active Adult,95747,Roseville,Placer,6061,"Sacramento-Roseville-Folsom, CA",40900,CA,Center Joint Unified School District,,,Wilson C. Riles Middle School,5,Center High,7,Roseville,38.76519,-121.39146
aAf3x000001QedFCAS,Vibrance at Solaire,TRI Pointe Homes,"TRI Pointe Homes, Inc.",Active,Solaire,"Sierra Vista Landowners Group, Westpark Communities",Detached,Single-Family,3600,45,45x80,1/20/2024,,88,85,3,2,11/23/2025,3.8,2,2.5,3.83,2023,2393,2212,622088,698362,659164,11/23/2025,3.88,,Other,,,No Incentives Confirmed,,12000,Flat,0,,,1.09,,,(916) 907-2372,https://www.tripointehomes.com/ca/sacramento/vibrance-at-solaire/,3526,58FAE221-3627-4CA5-896A-505B22B71313,2025Q3,40,47,3,6,0,0,0,0,0,0,9,3,3,73,0,0,3.8,0.8,TRUE,Non Active Adult,95747,Roseville,Placer,6061,"Sacramento-Roseville-Folsom, CA",40900,CA,Roseville City Elementary School District,,,Barbara Chilton Middle School,7,West Park High,8,Roseville,38.76686,-121.38821
aAf3x000001Who0CAC,Wrenwood at Whitney Ranch,JMC Homes,,Active,Whitney Ranch,"Sunset Ranchos Investors, LLC",Detached,Single-Family,4830,,,5/1/2022,,173,171,2,,11/25/2025,3.95,2.33,3.5,5.25,1441,2580,1950,639990,829990,739990,11/25/2025,4.99,,Other,,,No Incentives Confirmed,2,,Base Price,79,,,1.1,,,(916) 724-4386,https://www.jmchomes.com/communities/rocklin/wrenwood-at-whitney-ranch,4562,45FB4CBD-3576-41AC-921D-B59A0EE68433,2025Q3,41,73,0,13,0,0,0,0,0,0,0,0,0,173,0,0,0,0,TRUE,Non Active Adult,95648,Lincoln,Placer,6061,"Sacramento-Roseville-Folsom, CA",40900,CA,Western Placer Unified School District,Twelve Bridges Elementary School,7,Twelve Bridges Middle School,8,Twelve Bridges High School,7,Lincoln,38.84029,-121.25917
aAf3x000001Who5CAC,Edgefield Place at Whitney Ranch,JMC Homes,,Active,Whitney Ranch,"Sunset Ranchos Investors, LLC",Detached,Single-Family,10450,,55x190,5/1/2022,,136,133,3,,11/25/2025,3.07,2,2.83,3.17,1962,3303,2782,834990,1229990,883116.25,11/25/2025,4.99,,Other,,10000,Closing Cost w/ Preferred Lender,2,,Base Price,79,,,1.1,,,(916) 724-4378,https://www.jmchomes.com/communities/edgefield-place-whitney-ranch,4562,DCDF7DEE-C1C6-4BB8-AC1E-CA912C5CAECF,2025Q3,40,50,0,10,0,0,0,0,0,0,9,12,3,112,0,0,5.8,2.9,TRUE,Non Active Adult,95765,Rocklin,Placer,6061,"Sacramento-Roseville-Folsom, CA",40900,CA,Rocklin Unified School District,Valley View Elementary School,8,Granite Oaks Middle School,7,Whitney High School,9,Rocklin,38.83871,-121.25613
aAf3x000001WhoACAS,Tribute Pointe at Whitney Ranch,JMC Homes,,Active,Whitney Ranch,"Sunset Ranchos Investors, LLC",Detached,Single-Family,6825,,65x105,5/1/2022,,99,66,33,,11/25/2025,1.52,3,1.67,2,2201,4001,3096,999990,1449990,1238878.89,11/25/2025,4.99,,Other,,10000,Closing Cost w/ Preferred Lender,2,,Base Price,79,,,1.1,,,(916) 724-4389,https://www.jmchomes.com/communities/tribute-pointe-whitney-ranch,4562,D6C417F6-A9CD-41EC-8C85-2450324EA486,2025Q3,24,23,6,6,0,0,0,0,20,0,12,7,3,57,0,10,11.5,3.7,TRUE,Non Active Adult,95765,Rocklin,Placer,6061,"Sacramento-Roseville-Folsom, CA",40900,CA,Rocklin Unified School District,Valley View Elementary School,8,Granite Oaks Middle School,7,Whitney High School,9,Rocklin,38.83685,-121.25632
aAfPc000001TMT5KAO,Finale at Whitney Ranch,Anthem United,,Active,Whitney Ranch,"Sunset Ranchos Investors, LLC",Detached,Single-Family,110625,,85x125,3/22/2025,,60,7,53,,11/2/2025,0.94,0.67,0.67,,3216,4088,3733,1129000,1240000,1199333.33,11/2/2025,,40000,Other,,,No Incentives Confirmed,2,,Base Price,82,,,1.09,Mello Roos per Month,,(916) 462-6710,https://anthemproperties.com/property/whitney-ranch/,4562,5005EE31-3050-4CCA-900C-99242573059E,2025Q3,19,3,2,3,0,0,0,0,41,0,10,3,3,3,0,25.9,64,12,TRUE,Non Active Adult,95765,Rocklin,Placer,6061,"Sacramento-Roseville-Folsom, CA",40900,CA,Rocklin Unified School District,Valley View Elementary School,8,Granite Oaks Middle School,7,Whitney High School,9,Rocklin,38.83311,-121.2678
aAfPc0000019gAjKAI,Westwind at Whitney Ranch,JMC Homes,,Active,Whitney Ranch,"Sunset Ranchos Investors, LLC",Detached,Single-Family,4000,,,9/6/2024,,43,42,1,,11/25/2025,2.84,0,0.5,2.08,1203,2054,1573,549990,689990,629990,11/25/2025,4.99,,Other,,,No Incentives Confirmed,2,,Base Price,82,,,1.1,,,(916) 724-4397,https://www.jmchomes.com/communities/rocklin/westwind-at-whitney-ranch,4562,629060FA-CFE7-4CF6-827A-9879D5CDDF11,2025Q3,23,32,0,1,0,0,0,0,0,0,0,8,3,32,0,0,4.1,3,TRUE,Non Active Adult,95765,Rocklin,Placer,6061,"Sacramento-Roseville-Folsom, CA",40900,CA,Rocklin Unified School District,Sunset Ranch Elementary School,7,Granite Oaks Middle School,7,Whitney High School,9,Rocklin,38.82685,-121.28622
aAfPc000001FL20KAG,Westhaven at Whitney Ranch,KB Home,,Active,Whitney Ranch,"Sunset Ranchos Investors, LLC",Detached,Single-Family,2200,,44x50,2/15/2025,,88,17,71,9,11/4/2025,1.95,2.67,1.83,,1570,1882,1699,499160,535990,514058,11/4/2025,,,Closing Cost w/ Preferred Lender,,,No Incentives Confirmed,2,,Base Price,180,,,1.87,,,(916) 295-1960,https://www.kbhome.com/new-homes-sacramento/westhaven-at-whitney-ranch?utm_source=bdx&utm_medium=listing&utm_division=Sacramento&utm_community=Westhaven%20at%20Whitney%20Ranch,4562,7C335A13-862B-4DEE-A1D8-E3FAB87A9214,2025Q3,23,5,0,5,0,0,0,0,65,0,0,16,2,5,0,33.9,43.2,38.4,TRUE,Non Active Adult,95765,Rocklin,Placer,6061,"Sacramento-Roseville-Folsom, CA",40900,CA,Rocklin Unified School District,Sunset Ranch Elementary School,7,Granite Oaks Middle School,7,Whitney High School,9,Rocklin,38.82907,-121.28832
aAf3x000001YgO2CAK,Sagebrook at Fiddyment Farm,JMC Homes,,Active,Fiddyment Farm,Wells Fargo Bank,Detached,Single-Family,5775,55,55x105,4/25/2021,,165,162,3,,11/24/2025,2.91,3,2,4.25,1962,3110,2339,729990,979990,837490,11/24/2025,4.99,,Closing Cost w/ Preferred Lender,,10000,Closing Cost w/ Preferred Lender,2,,Base Price,0,,,0.92,,,(916) 724-4395,https://www.jmchomes.com/communities/sagebrook-fiddyment-farm,4723,66CDA9CB-0F75-41B1-8B32-AB853918CEBC,2025Q3,24,30,0,0,0,0,0,0,0,0,0,14,3,148,0,0,6.8,5.6,TRUE,Non Active Adult,95747,Roseville,Placer,6061,"Sacramento-Roseville-Folsom, CA",40900,CA,Roseville City Elementary School District,Fiddyment Farm,6,Robert C. Cooley Middle School,7,West Park High,8,Roseville,38.80458,-121.36941
aAfPc000001gIUoKAM,Rio Del Oro/Coloma,Elliott Homes,,Active,Rio del Oro,"Easton Development Company, LLC",Detached,Single-Family,3600,,45x80,4/19/2025,,132,15,117,17,10/14/2025,2.54,4.33,2.33,,1262,1794,1536,476950,546950,511700,10/14/2025,,,Other,,,No Incentives Confirmed,1,,Base Price,25,,,1.25,,,(916) 936-6147,https://www.elliotthomes.com/communities/california/sacramento/coloma-at-rio-del-oro?utm_source=bdx&utm_medium=feed&utm_campaign=bdx&utm_content=coloma-at-rio-del-oro,4993,70A65E62-D7D0-47D8-8C3E-5371766382BB,2025Q3,41,11,20,6,0,0,0,0,92,0,20,6,4,11,0,26.9,32.7,6.5,TRUE,Non Active Adult,95742,Rancho Cordova,Sacramento,6067,"Sacramento-Roseville-Folsom, CA",40900,CA,Folsom-Cordova Unified School District,Navigator Elementary School,5,W. E. Mitchell Middle School,5,Cordova High School,5,Rancho Cordova,38.59101,-121.25233
aAf3x000001WjtfCAC,Rio Del Oro/Sutter,Elliott Homes,,Active,Rio del Oro,"Easton Development Company, LLC",Detached,Single-Family,8572,40,40x125,6/15/2022,,122,42,80,33,10/14/2025,1.04,0,0.5,1,1566,2353,1896,626950,728950,663450,10/14/2025,,25000,Closing Cost w/ Preferred Lender,,,No Incentives Confirmed,2,,Base Price,25,,,1.34,,,(916) 994-0928,https://www.elliotthomes.com/communities/california/sacramento/sutter-at-rio-del-oro?utm_source=bdx&utm_medium=feed&utm_campaign=bdx&utm_content=sutter-at-rio-del-oro,4993,230263E3-9BA7-409F-B2BD-39B674A4F91D,2025Q3,26,15,7,0,0,0,0,0,41,0,26,7,4,44,0,18.9,29.6,5.6,TRUE,Non Active Adult,95742,Rancho Cordova,Sacramento,6067,"Sacramento-Roseville-Folsom, CA",40900,CA,Folsom-Cordova Unified School District,Navigator Elementary School,5,W. E. Mitchell Middle School,5,Cordova High School,5,Rancho Cordova,38.59075,-121.25232
aAf3x000001WjtgCAC,Rio Del Oro/Placer,Elliott Homes,,Active,Rio del Oro,"Easton Development Company, LLC",Detached,Single-Family,6961,,,7/16/2022,,105,63,42,16,10/13/2025,1.6,1.33,2.83,1.83,2130,3127,2607,727950,907950,814700,10/13/2025,,20000,Other,,,Other,2,,Base Price,25,,,1.34,,,(916) 994-0927,https://www.elliotthomes.com/communities/california/sacramento/placer-at-rio-del-oro?utm_source=bdx&utm_medium=feed&utm_campaign=bdx&utm_content=placer-at-rio-del-oro,4993,E029E436-78CF-4EA0-8F8D-5F37A242946D,2025Q3,30,17,12,6,0,0,0,0,16,0,19,11,4,55,0,6.4,24,7.8,TRUE,Non Active Adult,95742,Rancho Cordova,Sacramento,6067,"Sacramento-Roseville-Folsom, CA",40900,CA,Folsom-Cordova Unified School District,Navigator Elementary School,5,W. E. Mitchell Middle School,5,Cordova High School,5,Rancho Cordova,38.59116,-121.2503
aAf3x000001QMbSCAW,Palo Verde at Cypress,Woodside Homes,,Active,Z_Sunridge Park,,Detached,Single-Family,4763,,,3/18/2023,,92,76,16,2,10/28/2025,2.4,2,1.5,1.92,1665,2349,1982,539990,618990,575490,10/28/2025,4.99,,Other,,,No Incentives Confirmed,2,,Base Price,0,,,1.84,,,(916) 358-0385,https://www.woodsidehomes.com/findmyhome/northern-california/rancho-cordova/palo-verde,5304,83EE9599-B331-4EBF-B5BC-17B48BCA1B3D,2025Q3,20,27,0,7,0,0,0,0,8,0,2,8,2,72,0,4.8,5.3,3.6,TRUE,Non Active Adult,95742,Rancho Cordova,Sacramento,6067,"Sacramento-Roseville-Folsom, CA",40900,CA,Elk Grove Unified School District,Sunrise Elementary School,7,Katherine L. Albiani Middle School,8,Pleasant Grove High School,9,Rancho Cordova,38.55542,-121.18936
aAf3x000001QEyQCAW,Northlake/Watersyde,Lennar,,Active,Northlake,"Integral Communities, Lennar",Detached,Single-Family,5000,50,50x100,1/24/2021,,277,202,75,7,12/3/2025,3.43,6.67,6,5.25,2309,2966,2644,698063,850678,766045.6,12/3/2025,4.99,,Other,,27000,Closing Cost w/ Preferred Lender,,,Other,100,,,1.16,Mello Roos $256.00 per month.,,(916) 299-6002 / 916-462-,https://www.lennar.com/new-homes/california/sacramento/sacramento/watersyde-at-northlake,5492,F781ED6B-3C3E-4FFA-9CD4-D58984DD70FD,2025Q3,32,41,7,14,0,0,0,0,80,0,17,6,5,168,0,30,8.2,1.8,TRUE,Non Active Adult,95835,Sacramento,Sacramento,6067,"Sacramento-Roseville-Folsom, CA",40900,CA,Twin Rivers Unified School District,Regency Park Elementary School,7,Rio Linda Preparatory Academy; Norwood Junior High School,5; 5,,,Natomas,38.67423,-121.54771
aAf3x000001QGPBCA4,Northlake/Lakelet,Lennar,,Active,Northlake,"Integral Communities, Lennar",Detached,Single-Family,3690,41,41x90,1/24/2021,,307,194,113,6,12/3/2025,3.29,3.33,3.5,4.83,2103,2419,2220,595990,692990,631847.14,12/3/2025,,,No Incentives Confirmed,,27000,Closing Cost w/ Preferred Lender,,,Other,100,,,1.16,"Mello Roos $235.00 per month. Approximate special assessment fees $2,820",,(916) 299-6002 / 916-462-,https://www.lennar.com/new-homes/california/sacramento/sacramento/lakelet-at-northlake,5492,0A863FFD-486B-40D8-9F85-184D5732093D,2025Q3,37,34,16,3,0,0,0,0,109,0,16,5,3,174,0,35.4,8.5,1.8,TRUE,Non Active Adult,95835,Sacramento,Sacramento,6067,"Sacramento-Roseville-Folsom, CA",40900,CA,Twin Rivers Unified School District,Regency Park Elementary School,7,Rio Linda Preparatory Academy; Norwood Junior High School,5; 5,,,Natomas,38.68737,-121.55224
aAf3x000001QGPGCA4,Northlake/Drifton,Lennar,,Active,Northlake,"Integral Communities, Lennar",Detached,Single-Family,5500,55,55x100,4/1/2021,,236,153,83,9,12/3/2025,2.7,0.67,0.5,1.75,2282,3425,3119,681990,944863,821931,12/3/2025,4.99,,Other,,27000,Closing Cost w/ Preferred Lender,,,Other,100,,,1.16,"Mello Roos 308.00 per month. Approximate special assessment fees $3,696",,(916) 299-6002 / 916-462-,https://www.lennar.com/new-homes/california/sacramento/sacramento/drifton-at-northlake,5492,D78673B2-3278-404D-8030-F746656ECA00,2025Q3,40,18,9,6,0,0,49,0,15,0,19,3,4,148,49,4.5,17.3,2,TRUE,Non Active Adult,95835,Sacramento,Sacramento,6067,"Sacramento-Roseville-Folsom, CA",40900,CA,Twin Rivers Unified School District,Regency Park Elementary School,7,Rio Linda Preparatory Academy; Norwood Junior High School,5; 5,,,Natomas,38.68737,-121.55224
aAf3x000001QGOwCAO,Northlake/Crestvue,Lennar,,Active,Northlake,"Integral Communities, Lennar",Detached,Single-Family,5500,55,55x100,1/24/2021,,236,149,87,11,12/3/2025,2.53,2.67,3,2.92,1789,3178,2430,594990,831934,710971.5,12/3/2025,4.99,,Other,,27000,Closing Cost w/ Preferred Lender,,,Other,100,,,1.16,,,(916) 299-6002 / 916-462-,https://www.lennar.com/new-homes/california/sacramento/sacramento/northlake,5492,CEECC27E-8846-43B6-A2C6-504FC36BEC9D,2025Q3,34,43,16,11,0,0,0,48,22,0,17,3,5,141,48,7.8,7,0.8,TRUE,Non Active Adult,95835,Sacramento,Sacramento,6067,"Sacramento-Roseville-Folsom, CA",40900,CA,Twin Rivers Unified School District,Regency Park Elementary School,7,Rio Linda Preparatory Academy; Norwood Junior High School,5; 5,,,Natomas,38.68303,-121.55023
aAf3x000001QGP1CAO,Northlake/Wavmor,Lennar,,Active,Northlake,"Integral Communities, Lennar",Detached,Single-Family,4500,45,45x100,1/24/2021,,320,178,142,5,12/3/2025,3.02,2.33,3,2.25,2127,2786,2479,645990,746990,689740,12/3/2025,4.99,,Other,,70000,Closing Cost w/ Preferred Lender,,,Other,100,,,1.16,,,(916) 299-6002 / 916-462-,https://www.lennar.com/new-homes/california/sacramento/sacramento/wavmor-at-northlake,5492,0B6F6E6F-B943-4074-99DA-00BE3570621A,2025Q3,41,19,9,13,0,0,0,0,129,0,14,5,4,168,0,37.8,14.5,3.2,TRUE,Non Active Adult,95835,Sacramento,Sacramento,6067,"Sacramento-Roseville-Folsom, CA",40900,CA,Twin Rivers Unified School District,Regency Park Elementary School,7,Rio Linda Preparatory Academy; Norwood Junior High School,5; 5,,,Natomas,38.68737,-121.55224
aAf3x000001QGOSCA4,Northlake/Shor,Lennar,,Active,Northlake,"Integral Communities, Lennar",Detached,Single-Family,2870,41,41x70,1/24/2021,,337,191,146,6,12/3/2025,3.24,3,2.83,3.08,1765,2190,1973,538990,653990,594418.57,12/3/2025,4.99,,Other,,27000,Closing Cost w/ Preferred Lender,,,Other,100,,,1.16,Mello Roos $210.00 per month,,(916) 299-6002 / 916-462-,https://www.lennar.com/new-homes/california/sacramento/sacramento/shor-at-northlake,5492,49F54082-F895-4985-B96B-19447016E346,2025Q3,37,36,4,9,0,0,0,115,21,0,16,5,4,176,115,6.8,8.3,1.7,TRUE,Non Active Adult,95835,Sacramento,Sacramento,6067,"Sacramento-Roseville-Folsom, CA",40900,CA,Twin Rivers Unified School District,Regency Park Elementary School,7,Rio Linda Preparatory Academy; Norwood Junior High School,5; 5,,,Natomas,38.68306,-121.55019
aAf3x000001QGOhCAO,Northlake/Bleau,Lennar,,Active,Northlake,"Integral Communities, Lennar",Detached,Single-Family,5000,50,50x100,1/24/2021,,343,239,104,7,12/3/2025,4.06,0.67,0.67,2.17,2143,3460,2813,675990,999999,869279.57,12/3/2025,,,No Incentives Confirmed,,27000,Closing Cost w/ Preferred Lender,,,Other,100,,,1.16,"Mello Roos $292.00 per month. Approximate special assessment fees $3,504",,(916) 299-6002 / 916-462-,https://www.lennar.com/new-homes/california/sacramento/sacramento/bleau-at-northlake,5492,24ADFAFA-6C75-4D6E-9AEC-253506107E09,2025Q3,17,44,5,0,0,0,70,0,35,0,5,0,0,236,70,24.7,1.4,0,TRUE,Non Active Adult,95835,Sacramento,Sacramento,6067,"Sacramento-Roseville-Folsom, CA",40900,CA,Twin Rivers Unified School District,Regency Park Elementary School,7,Rio Linda Preparatory Academy; Norwood Junior High School,5; 5,,,Natomas,38.68737,-121.55224
aAf3x000001QiVrCAK,Dragonfly at Winding Creek/Express,D.R. Horton,"D.R. Horton, Inc.",Active,Winding Creek,Anthem United,Detached,Single-Family,2800,35,35X80,11/6/2023,,154,131,23,3,12/8/2025,5.17,5,7,5.75,1567,1631,1604,527490,534490,353993.33,12/8/2025,,7500,Closing Cost w/ Preferred Lender,,7500,Closing Cost w/ Preferred Lender,2,,Base Price,0,,,1.06,,,(916) 742-2361,https://www.drhorton.com/california/sacramento/roseville/dragonfly-ii-at-winding-creek,5513,11F7824E-145E-4039-BD69-D1DDA469D1C2,2025Q3,63,66,10,18,0,0,0,0,22,0,12,5,2,113,0,4.2,3.5,0.9,TRUE,Non Active Adult,95747,Roseville,Placer,6061,"Sacramento-Roseville-Folsom, CA",40900,CA,Roseville City Elementary School District,,,Robert C. Cooley Middle School,7,West Park High,8,Roseville,38.80288,-121.38525
aAf3x000001QZEKCA4,Wildflower at Winding Creek,Woodside Homes,,Active,Winding Creek,Anthem United,Detached,Single-Family,7400,,,12/9/2023,,97,72,25,,10/24/2025,3.16,2,2,2.67,2330,3217,2875,762990,851990,816990,10/24/2025,,5000,Closing Cost w/ Preferred Lender,,5000,Closing Cost w/ Preferred Lender,2,,Base Price,0,,,1.71,,,(877) 590-4458,https://www.woodsidehomes.com/findmyhome/northern-california/roseville/wildflower-at-winding-creek,5513,5581CB5D-864D-44C3-9488-A41E8B46A528,2025Q3,38,41,9,12,0,0,0,0,17,0,16,2,2,60,0,5.4,5.9,0.6,TRUE,Non Active Adult,95678,Roseville,Placer,6061,"Sacramento-Roseville-Folsom, CA",40900,CA,Roseville City Elementary School District,,,Robert C. Cooley Middle School,7,West Park High,8,Roseville,38.79986,-121.38063
aAfPc000001Xch3KAC,Juniper at Winding Creek,TRI Pointe Homes,"TRI Pointe Homes, Inc.",Active,Winding Creek,Anthem United,Detached,Single-Family,5500,,50x110,2/24/2025,,74,18,56,6,11/4/2025,2.14,2,2.5,,2870,3542,3203,765183,870539,831544.67,12/11/2025,3.88,,Closing Cost w/ Preferred Lender,,,Closing Cost w/ Preferred Lender,,15000,Flat,0,,,1.07,,,(916) 537-6238,https://www.tripointehomes.com/ca/sacramento/juniper-at-winding-creek/?index=production_neighborhoods&objectID=neighborhood%23196745&queryID=aa836b50ea43f8703f0b96b14ebe616b&position=1,5513,4DFA4762-5D87-4B2B-9C6F-EEA5065A1A2C,2025Q3,30,6,8,6,0,0,0,0,44,0,15,7,2,6,0,17.6,48,14,TRUE,Non Active Adult,95747,Roseville,Placer,6061,"Sacramento-Roseville-Folsom, CA",40900,CA,Roseville City Elementary School District,,,Robert C. Cooley Middle School,7,West Park High,8,Roseville,38.80316,-121.37998
aAfPc000001Yf8EKAS,Willow at Winding Creek,Beazer Homes,,Active,Winding Creek,Anthem United,Detached,Single-Family,5175,,45x115,5/17/2025,,80,21,59,1,11/11/2025,3.55,4,3.17,,1564,2724,2215,556990,704990,635490,12/7/2025,,,No Incentives Confirmed,4,,Closing Cost w/ Preferred Lender,2,,Final Price,0,,,1.07,,,(916) 409-6177,https://www.beazer.com/sacramento-CA/roseville/willow-at-winding-creek,5513,E21023E7-484A-45E9-9BEE-713494C7AACC,2025Q3,19,5,4,5,0,0,0,0,61,0,7,5,2,5,0,38.5,33.6,12,TRUE,Non Active Adult,95747,Roseville,Placer,6061,"Sacramento-Roseville-Folsom, CA",40900,CA,Roseville City Elementary School District,,,Robert C. Cooley Middle School,7,West Park High,8,Roseville,38.8039,-121.3829
aAf3x000001WWujCAG,Montrose at The Ranch,K. Hovnanian Homes,,Active,The Ranch,K. Hovnanian Homes,Detached,Single-Family,3825,45,45x85,1/15/2022,,113,113,0,,12/14/2025,2.38,2,2,2.92,2226,2628,2428,555990,650970,600037.5,12/14/2025,,,No Incentives Confirmed,,,No Incentives Confirmed,3,,Base Price,50,,,1.75,Mello roos included in 1.75 tax rate,,(888) 802-1243,https://www.khov.com/find-new-homes/california/rancho-cordova/95742/k-hovnanian-homes/montrose-at-the-ranch?ref=BHI,5580,304F85EC-A5DC-4BE4-BCBC-1C9DC13C9EEB,2025Q3,24,34,0,2,0,0,0,0,0,0,0,4,0,109,0,0,1.4,1.4,TRUE,Non Active Adult,95742,Rancho Cordova,Sacramento,6067,"Sacramento-Roseville-Folsom, CA",40900,CA,Elk Grove Unified School District,Sunrise Elementary School,7,Katherine L. Albiani Middle School,8,Pleasant Grove High School,9,Rancho Cordova,38.55006,-121.22322
aAf3x000001WfJJCA0,Paseo at The Ranch,K. Hovnanian Homes,,Active,The Ranch,K. Hovnanian Homes,Detached,Single-Family,2120,,,10/28/2022,,130,129,1,1,12/14/2025,3.4,2.33,4.5,3.83,1727,2028,1879,479990,539990,505490,12/14/2025,3.75,,Other,3.75,,Other,3,,Base Price,50,,,1.75,,,(916) 237-9080,https://www.khov.com/find-new-homes/california/rancho-cordova/95742/k-hovnanian-homes/paseo-at-the-ranch?ref=BHI,5580,50F5A7C8-C6E4-4FAC-8E99-4426563755E9,2025Q3,41,47,1,16,0,0,0,0,2,0,5,7,2,114,0,0.6,3.6,1.8,TRUE,Non Active Adult,95742,Rancho Cordova,Sacramento,6067,"Sacramento-Roseville-Folsom, CA",40900,CA,Elk Grove Unified School District,Sunrise Elementary School,7,Katherine L. Albiani Middle School,8,Pleasant Grove High School,9,Rancho Cordova,38.55032,-121.22383
aAf3x000001QQAECA4,Canyon at The Ranch,K. Hovnanian Homes,,Active,The Ranch,K. Hovnanian Homes,Detached,Single-Family,5200,,105x67,6/17/2023,,114,80,34,6,12/1/2025,2.68,1.33,1.5,2.25,2080,2752,2285,615990,670990,482242.5,12/1/2025,2.99,,Other,,,Other,2,,Base Price,40,,,1.05,,,(916) 237-9080,https://www.khov.com/new-construction-homes/california/rancho-cordova/canyon-at-the-ranch/,5580,ACCBA00D-1406-43C1-AAB6-C82E6D4DA1AD,2025Q3,33,38,6,5,0,0,0,0,27,0,7,3,2,75,0,9.8,3.8,0.9,TRUE,Non Active Adult,95742,Rancho Cordova,Sacramento,6067,"Sacramento-Roseville-Folsom, CA",40900,CA,Elk Grove Unified School District,Sunrise Elementary School,7,Katherine L. Albiani Middle School,8,Pleasant Grove High School,9,Rancho Cordova,38.5505,-121.22391
aAfPc0000015AMLKA2,Season at the Ranch/Autumn,K. Hovnanian Homes,,Active,The Ranch,K. Hovnanian Homes,Detached,Single-Family,6300,,60x105,12/7/2024,,156,14,142,,10/24/2025,1.31,2,1.67,,2264,2916,2581,651390,840000,717817.5,10/24/2025,,30000,Closing Cost w/ Preferred Lender,,30000,Closing Cost w/ Preferred Lender,2,,Base Price,300,,,1.85,,,(888) 261-1056,https://www.khov.com/find-new-homes/california/rancho-cordova/95742/four-seasons/k.-hovnanian's-four-seasons-at-the-ranch,5580,ED331EA9-E6CF-4AB8-8A0C-A17F2B4B4FC3,2025Q3,18,11,0,8,0,0,117,0,15,0,1,10,2,11,117,10,14.2,10.9,TRUE,Non Active Adult,95742,Rancho Cordova,Sacramento,6067,"Sacramento-Roseville-Folsom, CA",40900,CA,Elk Grove Unified School District,Sunrise Elementary School,7,Katherine L. Albiani Middle School,8,Pleasant Grove High School,9,Rancho Cordova,38.54358,-121.21169
aAfPc0000015ANxKAM,Season at the Ranch/Spring,K. Hovnanian Homes,,Active,The Ranch,K. Hovnanian Homes,Detached,Single-Family,4840,,44x110,12/7/2024,,195,10,185,,10/24/2025,0.94,1.33,1,,1670,1978,1802,524310,549290,539663.33,10/24/2025,,30000,Closing Cost w/ Preferred Lender,,30000,Closing Cost w/ Preferred Lender,2,,Base Price,300,,,1.85,,,(888) 261-1056,https://www.khov.com/find-new-homes/california/rancho-cordova/95742/four-seasons/k.-hovnanian's-four-seasons-at-the-ranch,5580,F260A10E-2AFD-4F80-BFAA-756365FB399A,2025Q3,16,6,1,3,137,0,0,0,35,0,2,12,3,6,137,26.3,34,24,TRUE,Non Active Adult,95742,Rancho Cordova,Sacramento,6067,"Sacramento-Roseville-Folsom, CA",40900,CA,Elk Grove Unified School District,Sunrise Elementary School,7,Katherine L. Albiani Middle School,8,Pleasant Grove High School,9,Rancho Cordova,38.54358,-121.21169
aAfPc0000015ASnKAM,Season at the Ranch/Summer,K. Hovnanian Homes,,Active,The Ranch,K. Hovnanian Homes,Detached,Single-Family,3819,,57x67,12/7/2024,,209,13,196,,10/24/2025,1.22,0.67,1,,1771,2076,1940,550890,569990,563623.33,10/24/2025,,30000,Closing Cost w/ Preferred Lender,,30000,Closing Cost w/ Preferred Lender,2,,Base Price,300,,,1.85,,,(888) 261-1056,https://www.khov.com/find-new-homes/california/rancho-cordova/95742/four-seasons/k.-hovnanian's-four-seasons-at-the-ranch,5580,DF8EF796-AD1D-43E2-8CF4-09AEEC5D1221,2025Q3,17,9,2,5,158,0,0,0,28,0,2,10,2,9,158,19.8,18.7,13.3,TRUE,Non Active Adult,95742,Rancho Cordova,Sacramento,6067,"Sacramento-Roseville-Folsom, CA",40900,CA,Elk Grove Unified School District,Sunrise Elementary School,7,Katherine L. Albiani Middle School,8,Pleasant Grove High School,9,Rancho Cordova,38.54358,-121.21169
aAfPc0000015AUPKA2,Season at the Ranch/Winter,K. Hovnanian Homes,,Active,The Ranch,K. Hovnanian Homes,Detached,Single-Family,3808,,56x68,12/7/2024,,145,10,135,,10/24/2025,0.94,0.67,0.67,,1307,1701,1472,439990,489050,469488.5,10/24/2025,,30000,Closing Cost w/ Preferred Lender,,30000,Closing Cost w/ Preferred Lender,2,,Base Price,300,,,1.85,,,(888) 261-1056,https://www.khov.com/find-new-homes/california/rancho-cordova/95742/four-seasons/k.-hovnanian's-four-seasons-at-the-ranch,5580,0A6F0AFF-2627-43D4-AA9D-22BC36CB036C,2025Q3,22,6,0,1,90,0,0,0,29,0,2,14,4,6,90,15.8,40,28,TRUE,Non Active Adult,95742,Rancho Cordova,Sacramento,6067,"Sacramento-Roseville-Folsom, CA",40900,CA,Elk Grove Unified School District,Sunrise Elementary School,7,Katherine L. Albiani Middle School,8,Pleasant Grove High School,9,Rancho Cordova,38.54358,-121.21169
aAfPc000001JsLtKAK,Silverbrook at The Ranch,K. Hovnanian Homes,,Active,The Ranch,K. Hovnanian Homes,Detached,Single-Family,3500,,35X100,11/16/2024,,102,22,80,,11/21/2025,1.79,2,1.67,1.67,1850,2150,2022,529990,577030,545250,11/21/2025,,,Other,,,Other,2,,Base Price,40,,,,,,(530) 290-1697,https://www.khov.com/find-new-homes/california/rancho-cordova/95742/k-hovnanian-homes/silverbrook-at-the-ranch,5580,6538BCDD-389D-4AC6-B99A-D901080EBCB2,2025Q3,29,17,5,3,33,0,0,0,38,0,8,4,2,17,33,15.7,9.9,2.8,TRUE,Non Active Adult,95742,Rancho Cordova,Sacramento,6067,"Sacramento-Roseville-Folsom, CA",40900,CA,Elk Grove Unified School District,Sunrise Elementary School,7,Katherine L. Albiani Middle School,8,Pleasant Grove High School,9,Rancho Cordova,38.54987,-121.22408
aAfPc000001HHIUKA4,Reserve at The Ranch,K. Hovnanian Homes,,Active,The Ranch,K. Hovnanian Homes,Detached,Single-Family,7000,,70X100,11/16/2024,,89,12,77,6,11/21/2025,0.98,1.33,1.17,0.83,2399,3383,2928,745990,800990,766656.67,11/18/2025,,,Other,,,Other,2,,Base Price,40,,,,,,(530) 290-1697,https://www.khov.com/find-new-homes/california/rancho-cordova/95742/k-hovnanian-homes/reserve-at-the-ranch?ref=BHI&utm_source=newhomesource&utm_medium=referral&utm_term=nocal&utm_content=ReserveatTheRanch,5580,427BF429-26E5-4477-964E-4BB66FDA41DA,2025Q3,16,5,2,5,0,0,0,0,69,0,2,9,2,5,0,51.8,31.2,21.6,TRUE,Non Active Adult,95742,Rancho Cordova,Sacramento,6067,"Sacramento-Roseville-Folsom, CA",40900,CA,Elk Grove Unified School District,Sunrise Elementary School,7,Katherine L. Albiani Middle School,8,Pleasant Grove High School,9,Rancho Cordova,38.54982,-121.22406
aAfPc000001d9u5KAA,Cambridge at Placer One,KB Home,,Active,Placer One,"Taylor Builders, LLC",Detached,Single-Family,4500,,45x100,,,52,,52,,11/18/2025,,,,,1552,2390,1979,590990,700990,485242.5,12/9/2025,,,,,,,,,,,,,,,,(916) 272-1325,https://www.kbhome.com/new-homes-sacramento/cambridge-at-placer-one,5717,4D986FA8-C520-488A-BC6D-4BE6C5DFBA50,2025Q3,2,0,0,0,0,0,0,0,50,0,2,0,0,0,0,300,,,TRUE,Non Active Adult,,Lincoln,Placer,6061,"Sacramento-Roseville-Folsom, CA",40900,CA,Western Placer Unified School District,Scott M. Leaman,6,Twelve Bridges Middle School,8,Twelve Bridges High School,7,Roseville,38.82919,-121.33136
aAfPc000001gcMrKAI,Deerfield at Placer One,JMC Homes,,Active,Placer One,"Taylor Builders, LLC",Detached,Single-Family,7200,,60x120,9/12/2025,,90,0,90,,11/25/2025,,,,,2042,3184,2573,699990,899990,797490,11/25/2025,,,No Incentives Confirmed,,10000,Closing Cost w/ Preferred Lender,2,,Base Price,0,,,1.07,,,(916) 724-4395 x 4308,https://www.jmchomes.com/communities/roseville/deerfield-at-placer-one,5717,C8B1C332-829F-497B-B4A3-22BDE42A446A,2025Q3,10,0,6,0,0,0,0,0,80,0,10,0,0,0,0,96,,,TRUE,Non Active Adult,95747,Roseville,Placer,6061,"Sacramento-Roseville-Folsom, CA",40900,CA,Roseville City Elementary School District,,,George A. Buljan Middle School,4,West Park High,8,Roseville,38.8117,-121.35046
aAfPc000001gcQ5KAI,Parkfield at Placer One,JMC Homes,,Active,Placer One,"Taylor Builders, LLC",Detached,Single-Family,7200,,60x120,9/12/2025,,97,4,93,,11/25/2025,1.63,,,,1709,2872,2180,619990,829990,712490,11/25/2025,4.99,,Other,,10000,Closing Cost w/ Preferred Lender,2,,Base Price,0,,,1.07,,,(916) 724-4307,https://www.jmchomes.com/communities/roseville/parkfield-at-placer-one,5717,0F9B2963-5D92-409A-B411-3B20B75BB92B,2025Q3,12,0,8,0,0,0,0,0,85,0,12,0,0,0,0,85,,,TRUE,Non Active Adult,95747,Roseville,Placer,6061,"Sacramento-Roseville-Folsom, CA",40900,CA,Roseville City Elementary School District,,,George A. Buljan Middle School,4,West Park High,8,Roseville,38.8117,-121.35046
aAfPc000001gcRhKAI,Northfield at Placer One,JMC Homes,,Active,Placer One,"Taylor Builders, LLC",Detached,Single-Family,7200,,60x120,9/12/2025,,111,5,106,,11/25/2025,2.03,,,,1501,1503,1502,559990,569990,563323.33,11/25/2025,,,No Incentives Confirmed,,10000,Closing Cost w/ Preferred Lender,2,,Base Price,0,,,1.07,,,(916) 724-4393,https://www.jmchomes.com/communities/roseville/northfield-at-placer-one,5717,5F01E640-68B4-48AF-BBEE-DF6FC0939338,2025Q3,13,0,10,0,0,0,0,0,98,0,10,0,3,0,0,90.5,,,TRUE,Non Active Adult,95747,Roseville,Placer,6061,"Sacramento-Roseville-Folsom, CA",40900,CA,Roseville City Elementary School District,,,George A. Buljan Middle School,4,West Park High,8,Roseville,38.8117,-121.35046
aAfPc000001gbtpKAA,Glenfield at Placer One,JMC Homes,,Active,Placer One,"Taylor Builders, LLC",Detached,Single-Family,7200,,60x120,9/12/2025,,168,8,160,,11/25/2025,3.25,,,,1249,1251,1250,499900,509900,503233.33,11/25/2025,4.99,,Other,,10000,Closing Cost w/ Preferred Lender,2,,Base Price,0,,,1.07,,,(916) 724-4329 / 916-724-,https://www.jmchomes.com/communities/roseville/glenfield-at-placer-one,5717,22520E81-0AEB-4DA9-A1B0-CEFE8523E64B,2025Q3,11,0,8,0,0,0,0,0,157,0,8,0,3,0,0,171.3,,,TRUE,Non Active Adult,95747,Roseville,Placer,6061,"Sacramento-Roseville-Folsom, CA",40900,CA,Roseville City Elementary School District,,,George A. Buljan Middle School,4,West Park High,8,Roseville,38.8117,-121.35046
aAfPc000001jj8TKAQ,Bristol at Placer One,KB Home,,Active,Placer One,"Taylor Builders, LLC",Detached,Single-Family,,,,,,39,,39,,12/2/2025,,,,,2321,2829,2555,746990,805990,773990,12/2/2025,,,,,,,,,,,,,,,,(916) 272-1325,https://www.kbhome.com/new-homes-sacramento/bristol-at-placer-one,5717,57F6FAD4-3A52-4FA0-8F9B-8FD8B885D48C,2025Q3,0,0,0,0,0,0,0,0,39,0,0,0,0,0,0,,,,TRUE,Non Active Adult,95747,Roseville,Placer,6061,"Sacramento-Roseville-Folsom, CA",40900,CA,Roseville City Elementary School District,Diamond Creek Elementary School,7,George A. Buljan Middle School,4,West Park High,8,Roseville,38.8153,-121.3231
aAfPc000001bYjmKAE,Tesoro At Amoruso Ranch,Brookfield Residential,,Active,Amoruso Ranch,Brookfield Residential,Detached,Single-Family,5500,,55x100,3/23/2025,,73,11,62,9,9/26/2025,1.77,1.33,1.67,,2339,4066,3234,689990,979690,839004,12/11/2025,,10000,Closing Cost w/ Preferred Lender,,10000,Closing Cost w/ Preferred Lender,2,,Base Price,0,,,,,,916-823-8823,https://www.brookfieldresidential.com/new-homes/california/sacramento-area/roseville/amoruso/tesoro,5766,01D4AC3D-48D4-489B-A20C-3280527F0C9E,2025Q3,27,4,13,4,0,0,0,0,47,0,13,7,3,4,0,20.9,69,21,TRUE,Non Active Adult,95747,Roseville,Placer,6061,"Sacramento-Roseville-Folsom, CA",40900,CA,Roseville City Elementary School District,,,George A. Buljan Middle School,4,West Park High,8,Roseville,38.8164,-121.3867
aAfPc000001bYjnKAE,Allora At Amoruso Ranch,Brookfield Residential,,Active,Amoruso Ranch,Brookfield Residential,Detached,Single-Family,5500,,55x100,3/29/2025,,83,7,76,7,9/26/2025,1.16,1,1,,1840,2674,2251,594990,746244,657563,12/13/2025,,10000,Closing Cost w/ Preferred Lender,,10000,Closing Cost w/ Preferred Lender,2,,Base Price,0,,,,,,(916) 823-8823,https://www.brookfieldresidential.com/new-homes/california/sacramento-area/roseville/amoruso/allora,5766,E7778238-2E7C-4AD7-8CC2-7BA4B033BD73,2025Q3,27,1,11,1,0,0,0,0,56,0,16,7,3,1,0,24.9,312,84,TRUE,Non Active Adult,95747,Roseville,Placer,6061,"Sacramento-Roseville-Folsom, CA",40900,CA,Roseville City Elementary School District,,,George A. Buljan Middle School,4,West Park High,8,Roseville,38.8164,-121.3867
aAfPc000001BRlxKAG,Seasons at Amoruso Ranch,Richmond American Homes,,Active,Amoruso Ranch,Brookfield Residential,Detached,Single-Family,6000,,60x100,12/21/2024,,75,35,40,8,11/10/2025,3.25,2.33,2.83,,2070,3040,2537,665950,739990,699316.25,12/4/2025,3.99,,Other,2,,Closing Cost w/ Preferred Lender,,15000,Flat,0,,,1.71,,,(916) 730-6064,https://www.richmondamerican.com/c/34020000?ch=online&ls=inventory-site&ta=bdx&td=link&utm_source=bdx&utm_medium=inventory-site&utm_campaign=nca-sac-community,5766,91A0F6DA-7AB5-437E-A100-505F02C87EB2,2025Q3,51,25,12,11,0,0,0,0,14,0,27,7,2,25,0,3.3,17.3,3.4,TRUE,Non Active Adult,95747,Roseville,Placer,6061,"Sacramento-Roseville-Folsom, CA",40900,CA,Roseville City Elementary School District,,,George A. Buljan Middle School,4,West Park High,8,Roseville,38.81448,-121.38604
aAfPc000001BRlyKAG,Tapestry at Amoruso Ranch,Richmond American Homes,,Active,Amoruso Ranch,Brookfield Residential,Detached,Single-Family,10500,,,1/26/2025,,63,34,29,10,11/10/2025,3.55,2.33,2.67,,2490,3960,3182,763950,910375,822449.6,12/13/2025,4.88,,Other,2,,Closing Cost w/ Preferred Lender,,15000,Flat,0,,,1.17,,,(916) 416-2479,https://www.richmondamerican.com/c/34010000?ch=online&ls=inventory-site&ta=bdx&td=link&utm_source=bdx&utm_medium=inventory-site&utm_campaign=nca-sac-community,5766,FC174D72-BB87-4C33-B472-15D47A9E5566,2025Q3,47,24,11,10,0,0,0,0,8,0,18,11,2,24,0,2,15.5,5.5,TRUE,Non Active Adult,95747,Roseville,Placer,6061,"Sacramento-Roseville-Folsom, CA",40900,CA,Roseville City Elementary School District,,,George A. Buljan Middle School,4,West Park High,8,Roseville,38.81396,-121.38624
aAfPc000000R5WfKAK,Milazzo at Amoruso Ranch/Express,D.R. Horton,"D.R. Horton, Inc.",Active,Amoruso Ranch,Brookfield Residential,Detached,Single-Family,3200,,40x80,5/11/2024,,192,93,99,4,9/29/2025,5.53,5.67,5.83,6.58,1378,1874,1619,516490,580490,550990,12/5/2025,4.99,,Other,,7500,Closing Cost w/ Preferred Lender,2,,Base Price,0,,,1.07,,,(916) 223-5343,https://www.drhorton.com/california/sacramento/roseville/milazzo-at-amoruso-ranch,5766,4D2A0EB7-E093-45D0-A49F-70F717A7DE61,2025Q3,56,89,12,17,0,0,0,0,85,0,0,18,2,89,0,18.2,2.7,2.4,TRUE,Non Active Adult,95747,Roseville,Placer,6061,"Sacramento-Roseville-Folsom, CA",40900,CA,Roseville City Elementary School District,,,George A. Buljan Middle School,4,West Park High,8,Roseville,38.81112,-121.38662
aAfPc000000R5bVKAS,Aviara at Amoruso Ranch/Express,D.R. Horton,"D.R. Horton, Inc.",Active,Amoruso Ranch,Brookfield Residential,Detached,Single-Family,5000,50,50x100,5/11/2024,,151,106,45,3,12/5/2025,5.57,7.67,7.17,6.42,1825,2617,2322,626490,709490,657990,12/5/2025,3.88,,Other,,7500,Closing Cost w/ Preferred Lender,2,,Base Price,0,,,1.07,,,(916) 770-7738,https://www.drhorton.com/california/sacramento/roseville/aviara-at-amoruso-ranch,5766,BC1CD3DC-11E5-4079-878B-B1E03125DB25,2025Q3,62,74,14,24,0,0,0,0,44,0,15,5,2,83,0,8.5,3.6,0.8,TRUE,Non Active Adult,95747,Roseville,Placer,6061,"Sacramento-Roseville-Folsom, CA",40900,CA,Roseville City Elementary School District,,,George A. Buljan Middle School,4,West Park High,8,Roseville,38.81112,-121.38662
