Project Universal ID,Project Name,Builders,Parent Builder,Status,Master Plan Name,Master Plan Developer Name,Plan Name,Bedrooms,Bathrooms,Floors,Garages,Unit Size,List Price,Last Update Date,Plan Universal ID,Active Adult,ZIP Code,City,County,County Code,CBSA,CBSA Code,State,School District,School Attendance Zone (Elementary),School Ratings (Elementary),School Attendance Zone (Middle),School Ratings (Middle),School Attendance Zone (High),School Ratings (High),Boundary Names,Latitude,Longitude
aAfPc000001bYjnKAE,Allora At Amoruso Ranch,Brookfield Residential,,Active,Amoruso Ranch,Brookfield Residential,Residence 1,3,3,1,2,1840,594990,9/27/2025,aAaPc000000gFdlKAE,Non Active Adult,95747,Roseville,Placer,6061,"Sacramento-Roseville-Folsom, CA",40900,CA,Roseville City Elementary School District,,,George A. Buljan Middle School,4,West Park High,8,Roseville,38.8164,-121.3867
aAfPc000001VtAvKAK,Arbor Ranch/Villas,Risewell Homes,,Active,,,Plan 3001,3,2.5,2,2,1447,584225,11/10/2025,aAaPc000000dAQyKAM,Non Active Adult,95757,Elk Grove,Sacramento,6067,"Sacramento-Roseville-Folsom, CA",40900,CA,Elk Grove Unified School District,Zehnder Ranch Elementary,8,Elizabeth Pinkerton Middle School,8,Cosumnes Oaks High School,10,Laguna / Elk Grove,38.38393,-121.4083
aAfPc000001VtAvKAK,Arbor Ranch/Villas,Risewell Homes,,Active,,,Plan 3002,3,2.5,2,2,1680,607970,11/25/2025,aAaPc000000dAQzKAM,Non Active Adult,95757,Elk Grove,Sacramento,6067,"Sacramento-Roseville-Folsom, CA",40900,CA,Elk Grove Unified School District,Zehnder Ranch Elementary,8,Elizabeth Pinkerton Middle School,8,Cosumnes Oaks High School,10,Laguna / Elk Grove,38.38393,-121.4083
aAfPc000001VtAvKAK,Arbor Ranch/Villas,Risewell Homes,,Active,,,Plan 3003,3,2.5,2,2,1978,650870,11/10/2025,aAaPc000000dAR0KAM,Non Active Adult,95757,Elk Grove,Sacramento,6067,"Sacramento-Roseville-Folsom, CA",40900,CA,Elk Grove Unified School District,Zehnder Ranch Elementary,8,Elizabeth Pinkerton Middle School,8,Cosumnes Oaks High School,10,Laguna / Elk Grove,38.38393,-121.4083
aAfPc000001bYjnKAE,Allora At Amoruso Ranch,Brookfield Residential,,Active,Amoruso Ranch,Brookfield Residential,Residence 3,4,3,2,2,2309,649990,12/13/2025,aAaPc000000di8WKAQ,Non Active Adult,95747,Roseville,Placer,6061,"Sacramento-Roseville-Folsom, CA",40900,CA,Roseville City Elementary School District,,,George A. Buljan Middle School,4,West Park High,8,Roseville,38.8164,-121.3867
aAfPc000001bYjnKAE,Allora At Amoruso Ranch,Brookfield Residential,,Active,Amoruso Ranch,Brookfield Residential,Residence 2,4,3,2,2,2184,639028,12/11/2025,aAaPc000000di8YKAQ,Non Active Adult,95747,Roseville,Placer,6061,"Sacramento-Roseville-Folsom, CA",40900,CA,Roseville City Elementary School District,,,George A. Buljan Middle School,4,West Park High,8,Roseville,38.8164,-121.3867
aAfPc000001b4c7KAA,Tegan Estates,Riverland Homes,,Active,,,Residence 1845,3,2,1,2,1845,599900,9/6/2025,aAaPc000000ZdEFKA0,Non Active Adult,95758,Elk Grove,Sacramento,6067,"Sacramento-Roseville-Folsom, CA",40900,CA,Elk Grove Unified School District,Marion Mix Elementary,6,Harriet G. Eddy Middle School,4,Laguna Creek High School,7,Laguna / Elk Grove,38.42681,-121.44731
aAfPc000001b4c7KAA,Tegan Estates,Riverland Homes,,Active,,,Residence 1850,3,2.5,2,2,1850,630790,12/11/2025,aAaPc000000ZdEGKA0,Non Active Adult,95758,Elk Grove,Sacramento,6067,"Sacramento-Roseville-Folsom, CA",40900,CA,Elk Grove Unified School District,Marion Mix Elementary,6,Harriet G. Eddy Middle School,4,Laguna Creek High School,7,Laguna / Elk Grove,38.42681,-121.44731
aAfPc000001b4c7KAA,Tegan Estates,Riverland Homes,,Active,,,Residence 1960,4,2,1,2,1960,652900,12/11/2025,aAaPc000000ZdEHKA0,Non Active Adult,95758,Elk Grove,Sacramento,6067,"Sacramento-Roseville-Folsom, CA",40900,CA,Elk Grove Unified School District,Marion Mix Elementary,6,Harriet G. Eddy Middle School,4,Laguna Creek High School,7,Laguna / Elk Grove,38.42681,-121.44731
aAfPc000001b4c7KAA,Tegan Estates,Riverland Homes,,Active,,,Residence 2125,4,3.5,2,3,2125,687427,12/11/2025,aAaPc000000ZdEIKA0,Non Active Adult,95758,Elk Grove,Sacramento,6067,"Sacramento-Roseville-Folsom, CA",40900,CA,Elk Grove Unified School District,Marion Mix Elementary,6,Harriet G. Eddy Middle School,4,Laguna Creek High School,7,Laguna / Elk Grove,38.42681,-121.44731
aAf3x000001QQAECA4,Canyon at The Ranch,K. Hovnanian Homes,,Active,The Ranch,K. Hovnanian Homes,Fayetteville,3,3,2,2,2349,615990,12/1/2025,aAaPc000000T9MPKA0,Non Active Adult,95742,Rancho Cordova,Sacramento,6067,"Sacramento-Roseville-Folsom, CA",40900,CA,Elk Grove Unified School District,Sunrise Elementary School,7,Katherine L. Albiani Middle School,8,Pleasant Grove High School,9,Rancho Cordova,38.5505,-121.22391
aAf3x000001QQAECA4,Canyon at The Ranch,K. Hovnanian Homes,,Active,The Ranch,K. Hovnanian Homes,Macon,4,3,2,3,2752,670990,12/1/2025,aAaPc000000T9MQKA0,Non Active Adult,95742,Rancho Cordova,Sacramento,6067,"Sacramento-Roseville-Folsom, CA",40900,CA,Elk Grove Unified School District,Sunrise Elementary School,7,Katherine L. Albiani Middle School,8,Pleasant Grove High School,9,Rancho Cordova,38.5505,-121.22391
aAf3x000001QQAECA4,Canyon at The Ranch,K. Hovnanian Homes,,Active,The Ranch,K. Hovnanian Homes,Pasadena,4,3,1,2,2080,644990,12/1/2025,aAaPc000000T9MRKA0,Non Active Adult,95742,Rancho Cordova,Sacramento,6067,"Sacramento-Roseville-Folsom, CA",40900,CA,Elk Grove Unified School District,Sunrise Elementary School,7,Katherine L. Albiani Middle School,8,Pleasant Grove High School,9,Rancho Cordova,38.5505,-121.22391
aAf3x000001QQAECA4,Canyon at The Ranch,K. Hovnanian Homes,,Active,The Ranch,K. Hovnanian Homes,Pasadena ESP,4,3,1,2,2080,659990,12/1/2025,aAaPc000000T9MSKA0,Non Active Adult,95742,Rancho Cordova,Sacramento,6067,"Sacramento-Roseville-Folsom, CA",40900,CA,Elk Grove Unified School District,Sunrise Elementary School,7,Katherine L. Albiani Middle School,8,Pleasant Grove High School,9,Rancho Cordova,38.5505,-121.22391
aAf3x000001QQAECA4,Canyon at The Ranch,K. Hovnanian Homes,,Active,The Ranch,K. Hovnanian Homes,Santa Rosa II,3,2.5,1,2,2095,649990,12/1/2025,aAaPc000000T9MTKA0,Non Active Adult,95742,Rancho Cordova,Sacramento,6067,"Sacramento-Roseville-Folsom, CA",40900,CA,Elk Grove Unified School District,Sunrise Elementary School,7,Katherine L. Albiani Middle School,8,Pleasant Grove High School,9,Rancho Cordova,38.5505,-121.22391
aAf2T000001MawrSAC,Heritage at Gum Ranch,Elliott Homes,,Active,,,8459 Wattle Way,3,2,0,0,,851950,11/26/2025,aAaPc000000wg3zKAA,Non Active Adult,95628,Fair Oaks,Sacramento,6067,"Sacramento-Roseville-Folsom, CA",40900,CA,San Juan Unified School District,Northridge Elementary School,5,Andrew Carnegie Middle School,6,Bella Vista High School,8,Carmichael / Fair Oaks,38.66956,-121.24863
aAf3x000001WcPNCA0,Esplanade at Madeira Ranch,Taylor Morrison,,Active,,,Raven Plan,2,2.5,1,3,2268,724999,12/8/2025,aAaPc000000wwZQKAY,Active Adult,95842,Elk Grove,Sacramento,6067,"Sacramento-Roseville-Folsom, CA",40900,CA,Elk Grove Unified School District,Zehnder Ranch Elementary,8,Elizabeth Pinkerton Middle School,8,Cosumnes Oaks High School,10,Laguna / Elk Grove,38.38459,-121.3915
aAf3x000001WcPNCA0,Esplanade at Madeira Ranch,Taylor Morrison,,Active,,,Redwood Plan,2,2,1,2,1522,514999,12/8/2025,aAaPc000000wwZRKAY,Active Adult,95842,Elk Grove,Sacramento,6067,"Sacramento-Roseville-Folsom, CA",40900,CA,Elk Grove Unified School District,Zehnder Ranch Elementary,8,Elizabeth Pinkerton Middle School,8,Cosumnes Oaks High School,10,Laguna / Elk Grove,38.38459,-121.3915
aAf3x000001WpHGCA0,FOUR40 West,BlackPine Communities,,Active,,,Plan 1,3,3,3,1,1456,584990,11/5/2025,aAaPc000000nOkLKAU,Non Active Adult,95818,Sacramento,Sacramento,6067,"Sacramento-Roseville-Folsom, CA",40900,CA,Sacramento City Unified School District,William Land Elementary School,8,Miwok Middle,7,C. K. Mcclatchy High School,6,Pocket / Land Park,38.56598,-121.50571
aAf3x000001WpHGCA0,FOUR40 West,BlackPine Communities,,Active,,,Plan 2,3,3,3,2,1935,671990,11/5/2025,aAaPc000000nOlxKAE,Non Active Adult,95818,Sacramento,Sacramento,6067,"Sacramento-Roseville-Folsom, CA",40900,CA,Sacramento City Unified School District,William Land Elementary School,8,Miwok Middle,7,C. K. Mcclatchy High School,6,Pocket / Land Park,38.56598,-121.50571
aAf3x000001WpHGCA0,FOUR40 West,BlackPine Communities,,Active,,,Plan 1E,3,3,3,1,1511,597990,11/5/2025,aAaPc000000nOnZKAU,Non Active Adult,95818,Sacramento,Sacramento,6067,"Sacramento-Roseville-Folsom, CA",40900,CA,Sacramento City Unified School District,William Land Elementary School,8,Miwok Middle,7,C. K. Mcclatchy High School,6,Pocket / Land Park,38.56598,-121.50571
aAf3x000001WpHGCA0,FOUR40 West,BlackPine Communities,,Active,,,Plan 2E,3,3,3,2,1989,674990,11/5/2025,aAaPc000000nOpBKAU,Non Active Adult,95818,Sacramento,Sacramento,6067,"Sacramento-Roseville-Folsom, CA",40900,CA,Sacramento City Unified School District,William Land Elementary School,8,Miwok Middle,7,C. K. Mcclatchy High School,6,Pocket / Land Park,38.56598,-121.50571
aAf3x000001YiPDCA0,Revival,Tim Lewis Communities,,Active,,,Residence 3,4,2.5,2,2,1733,579900,12/1/2025,aAa3x000000UYS3CAO,Non Active Adult,95776,Woodland,Yolo,6113,"Sacramento-Roseville-Folsom, CA",40900,CA,Woodland Joint Unified School District,Spring Lake Elementary,8,Douglass Middle School,5,Pioneer High School,6,Davis / Woodland,38.64487,-121.74485
aAf3x000001WqQHCA0,Trailside at The Rivers,Century Communities,"Century Communities, Inc.",Active,,,Plan 1,3,2.5,2,2,1910,560990,12/6/2025,aAa3x000000UqF7CAK,Non Active Adult,95691,West Sacramento,Yolo,6113,"Sacramento-Roseville-Folsom, CA",40900,CA,,Westfield Village Elementary School; Westmore Oaks Elementary School,3; 3,Westfield Village Elementary School; Westmore Oaks Elementary School,3; 3,River City High School,7,West Sacramento,38.58046,-121.53023
aAf3x000001WqQHCA0,Trailside at The Rivers,Century Communities,"Century Communities, Inc.",Active,,,Plan 2,4,3,2,2,2146,595990,12/6/2025,aAa3x000000UqFCCA0,Non Active Adult,95691,West Sacramento,Yolo,6113,"Sacramento-Roseville-Folsom, CA",40900,CA,,Westfield Village Elementary School; Westmore Oaks Elementary School,3; 3,Westfield Village Elementary School; Westmore Oaks Elementary School,3; 3,River City High School,7,West Sacramento,38.58046,-121.53023
aAf3x000001WqQHCA0,Trailside at The Rivers,Century Communities,"Century Communities, Inc.",Active,,,Plan 3,4,3,2,2,2355,611990,12/6/2025,aAa3x000000UqFHCA0,Non Active Adult,95691,West Sacramento,Yolo,6113,"Sacramento-Roseville-Folsom, CA",40900,CA,,Westfield Village Elementary School; Westmore Oaks Elementary School,3; 3,Westfield Village Elementary School; Westmore Oaks Elementary School,3; 3,River City High School,7,West Sacramento,38.58046,-121.53023
aAf3x000001WdcmCAC,Wildhawk North/Bluestone,Taylor Morrison,,Active,,,Delia Plan 1,3,2.5,2,2,1556,519999,12/8/2025,aAa3x000000YMmaCAG,Non Active Adult,95829,Sacramento,Sacramento,6067,"Sacramento-Roseville-Folsom, CA",40900,CA,Elk Grove Unified School District,Sierra-Enterprise Elementary School,6,Katherine L. Albiani Middle School,8,Pleasant Grove High School,9,Florin / Vineyard,38.4819,-121.31615
aAf3x000001WdcmCAC,Wildhawk North/Bluestone,Taylor Morrison,,Active,,,Hunter Plan 2,3,2.5,2,2,1685,526999,12/8/2025,aAa3x000000YMmcCAG,Non Active Adult,95829,Sacramento,Sacramento,6067,"Sacramento-Roseville-Folsom, CA",40900,CA,Elk Grove Unified School District,Sierra-Enterprise Elementary School,6,Katherine L. Albiani Middle School,8,Pleasant Grove High School,9,Florin / Vineyard,38.4819,-121.31615
aAf3x000001WdcmCAC,Wildhawk North/Bluestone,Taylor Morrison,,Active,,,Isle Plan 3,3,2.5,2,2,1778,536999,12/8/2025,aAa3x000000YMmdCAG,Non Active Adult,95829,Sacramento,Sacramento,6067,"Sacramento-Roseville-Folsom, CA",40900,CA,Elk Grove Unified School District,Sierra-Enterprise Elementary School,6,Katherine L. Albiani Middle School,8,Pleasant Grove High School,9,Florin / Vineyard,38.4819,-121.31615
aAf3x000001WdcmCAC,Wildhawk North/Bluestone,Taylor Morrison,,Active,,,Rainier Plan 4,3,2.5,2,2,1730,538999,12/8/2025,aAa3x000000YMmiCAG,Non Active Adult,95829,Sacramento,Sacramento,6067,"Sacramento-Roseville-Folsom, CA",40900,CA,Elk Grove Unified School District,Sierra-Enterprise Elementary School,6,Katherine L. Albiani Middle School,8,Pleasant Grove High School,9,Florin / Vineyard,38.4819,-121.31615
aAf3x000001QIrHCAW,Canyon Creek,Fieldstone Communities,,Active,,,Residence 2,3,3.5,2,3,3281,1189990,12/5/2025,aAa3x000000YPeCCAW,Non Active Adult,95603,Auburn,Placer,6061,"Sacramento-Roseville-Folsom, CA",40900,CA,Auburn Union Elementary School District,Skyridge Elementary School,5,EV Cain Middle,4,Placer High School,8,Auburn / Granite Bay,38.87977,-121.06903
aAf3x000001QIrHCAW,Canyon Creek,Fieldstone Communities,,Active,,,Residence 3,3,3.5,1,2,2890,1099900,12/5/2025,aAa3x000000YPeDCAW,Non Active Adult,95603,Auburn,Placer,6061,"Sacramento-Roseville-Folsom, CA",40900,CA,Auburn Union Elementary School District,Skyridge Elementary School,5,EV Cain Middle,4,Placer High School,8,Auburn / Granite Bay,38.87977,-121.06903
aAf3x000001Wr7DCAS,Wildhawk South/Anchor,Taylor Morrison,,Active,,,Clove Plan 13,3,2.5,1,2,2262,617999,12/8/2025,aAa3x000000ZjdvCAC,Non Active Adult,95829,Sacramento,Sacramento,6067,"Sacramento-Roseville-Folsom, CA",40900,CA,Elk Grove Unified School District,Arnold Adreani Elementary School; Sierra-Enterprise Elementary School,8; 6,Katherine L. Albiani Middle School,8,Pleasant Grove High School,9,Florin / Vineyard,38.4816,-121.32237
aAf3x000001Wr7DCAS,Wildhawk South/Anchor,Taylor Morrison,,Active,,,Lara Plan 14,3,2.5,2,2,2555,635999,12/8/2025,aAa3x000000ZjdwCAC,Non Active Adult,95829,Sacramento,Sacramento,6067,"Sacramento-Roseville-Folsom, CA",40900,CA,Elk Grove Unified School District,Arnold Adreani Elementary School; Sierra-Enterprise Elementary School,8; 6,Katherine L. Albiani Middle School,8,Pleasant Grove High School,9,Florin / Vineyard,38.4816,-121.32237
aAf3x000001Wr7DCAS,Wildhawk South/Anchor,Taylor Morrison,,Active,,,Maren Plan 15,3,2.5,2,2,2664,645999,12/8/2025,aAa3x000000ZjdxCAC,Non Active Adult,95829,Sacramento,Sacramento,6067,"Sacramento-Roseville-Folsom, CA",40900,CA,Elk Grove Unified School District,Arnold Adreani Elementary School; Sierra-Enterprise Elementary School,8; 6,Katherine L. Albiani Middle School,8,Pleasant Grove High School,9,Florin / Vineyard,38.4816,-121.32237
aAf3x000001Wr7DCAS,Wildhawk South/Anchor,Taylor Morrison,,Active,,,Zale Plan 16,3,2.5,2,2,2921,670999,12/8/2025,aAa3x000000ZjdyCAC,Non Active Adult,95829,Sacramento,Sacramento,6067,"Sacramento-Roseville-Folsom, CA",40900,CA,Elk Grove Unified School District,Arnold Adreani Elementary School; Sierra-Enterprise Elementary School,8; 6,Katherine L. Albiani Middle School,8,Pleasant Grove High School,9,Florin / Vineyard,38.4816,-121.32237
aAf3x000001YjnTCAS,Heritage Placer Vineyards/Lazio,Lennar,,Active,,,Residence 1903,2,2,1,2,1903,585845,12/1/2025,aAa3x000000gxxtCAA,Active Adult,95747,Roseville,Placer,6061,"Sacramento-Roseville-Folsom, CA",40900,CA,Center Joint Unified School District,,,Wilson C. Riles Middle School,5,Center High,7,Roseville,38.74553,-121.3674
aAf3x000001YjnTCAS,Heritage Placer Vineyards/Lazio,Lennar,,Active,,,Residence 2014,2,2.5,1,2,2014,551990,12/1/2025,aAa3x000000gxxuCAA,Active Adult,95747,Roseville,Placer,6061,"Sacramento-Roseville-Folsom, CA",40900,CA,Center Joint Unified School District,,,Wilson C. Riles Middle School,5,Center High,7,Roseville,38.74553,-121.3674
aAf3x000001YjnTCAS,Heritage Placer Vineyards/Lazio,Lennar,,Active,,,Residence 2246,3,3,1,2,2246,608700,12/1/2025,aAa3x000000gxxwCAA,Active Adult,95747,Roseville,Placer,6061,"Sacramento-Roseville-Folsom, CA",40900,CA,Center Joint Unified School District,,,Wilson C. Riles Middle School,5,Center High,7,Roseville,38.74553,-121.3674
aAf3x000001YjnTCAS,Heritage Placer Vineyards/Lazio,Lennar,,Active,,,Residence 2079,2,2.5,1,2,2079,585367,12/1/2025,aAa3x000000gxzdCAA,Active Adult,95747,Roseville,Placer,6061,"Sacramento-Roseville-Folsom, CA",40900,CA,Center Joint Unified School District,,,Wilson C. Riles Middle School,5,Center High,7,Roseville,38.74553,-121.3674
aAf3x000001YjnTCAS,Heritage Placer Vineyards/Lazio,Lennar,,Active,,,Residence 2423,3,2.5,1,2,2423,621262,12/1/2025,aAa3x000000gxzfCAA,Active Adult,95747,Roseville,Placer,6061,"Sacramento-Roseville-Folsom, CA",40900,CA,Center Joint Unified School District,,,Wilson C. Riles Middle School,5,Center High,7,Roseville,38.74553,-121.3674
aAfPc0000009YX7KAM,Heritage Carson Creek/Mosaic,Lennar,,Active,,,Opal 1497,2,2.5,0,2,1497,533122,12/1/2025,aAaPc0000001PNlKAM,Active Adult,95762,El Dorado Hills,El Dorado,6017,"Sacramento-Roseville-Folsom, CA",40900,CA,Latrobe School District,Latrobe Elementary School; Miller's Hill School,10; 7,Oak Ridge High School; Miller's Hill School,10; 7,Oak Ridge High School,10,El Dorado Hills,38.62148,-121.06762
aAfPc0000009YX7KAM,Heritage Carson Creek/Mosaic,Lennar,,Active,,,Emerald/ 1712,2,2.5,0,2,1712,565897,12/1/2025,aAaPc0000001PPNKA2,Active Adult,95762,El Dorado Hills,El Dorado,6017,"Sacramento-Roseville-Folsom, CA",40900,CA,Latrobe School District,Latrobe Elementary School; Miller's Hill School,10; 7,Oak Ridge High School; Miller's Hill School,10; 7,Oak Ridge High School,10,El Dorado Hills,38.62148,-121.06762
aAfPc0000009YX7KAM,Heritage Carson Creek/Mosaic,Lennar,,Active,,,Diamond/1779,3,3,0,2,1779,584560,12/1/2025,aAaPc0000001PQzKAM,Active Adult,95762,El Dorado Hills,El Dorado,6017,"Sacramento-Roseville-Folsom, CA",40900,CA,Latrobe School District,Latrobe Elementary School; Miller's Hill School,10; 7,Oak Ridge High School; Miller's Hill School,10; 7,Oak Ridge High School,10,El Dorado Hills,38.62148,-121.06762
aAfPc0000009YX7KAM,Heritage Carson Creek/Mosaic,Lennar,,Active,,,Amethyst/ 1634,3,2.5,0,0,1634,548943,12/1/2025,aAaPc0000001PUDKA2,Active Adult,95762,El Dorado Hills,El Dorado,6017,"Sacramento-Roseville-Folsom, CA",40900,CA,Latrobe School District,Latrobe Elementary School; Miller's Hill School,10; 7,Oak Ridge High School; Miller's Hill School,10; 7,Oak Ridge High School,10,El Dorado Hills,38.62148,-121.06762
aAf3x000001WpXKCA0,Solaire/Jasmine,Pulte Homes,PulteGroup Inc.,Active,Solaire,"Sierra Vista Landowners Group, Westpark Communities",Plan 1,4,2.5,2,2,2819,694990,10/24/2025,aAaPc0000006QxnKAE,Non Active Adult,95747,Roseville,Placer,6061,"Sacramento-Roseville-Folsom, CA",40900,CA,Center Joint Unified School District,,,Wilson C. Riles Middle School,5,Center High,7,Roseville,38.76215,-121.38148
aAf3x000001WpXKCA0,Solaire/Jasmine,Pulte Homes,PulteGroup Inc.,Active,Solaire,"Sierra Vista Landowners Group, Westpark Communities",Plan 2,4,3.5,2,2,2994,709990,10/24/2025,aAaPc0000006QxoKAE,Non Active Adult,95747,Roseville,Placer,6061,"Sacramento-Roseville-Folsom, CA",40900,CA,Center Joint Unified School District,,,Wilson C. Riles Middle School,5,Center High,7,Roseville,38.76215,-121.38148
aAf3x000001WpXKCA0,Solaire/Jasmine,Pulte Homes,PulteGroup Inc.,Active,Solaire,"Sierra Vista Landowners Group, Westpark Communities",Plan 3,5,3.5,2,2,3013,714990,10/24/2025,aAaPc0000006QxpKAE,Non Active Adult,95747,Roseville,Placer,6061,"Sacramento-Roseville-Folsom, CA",40900,CA,Center Joint Unified School District,,,Wilson C. Riles Middle School,5,Center High,7,Roseville,38.76215,-121.38148
aAfPc000000SC6rKAG,Mountaingate at Bickford,TRI Pointe Homes,"TRI Pointe Homes, Inc.",Active,Bickford Ranch,Westland Capital Partners,Plan 1,4,3,2,2,2887,981726,12/6/2025,aAaPc000000CUG3KAO,Non Active Adult,95648,Lincoln,Placer,6061,"Sacramento-Roseville-Folsom, CA",40900,CA,Loomis Union Elementary School District,,,,,Del Oro High School,10,Auburn / Granite Bay,38.8696,-121.22283
aAfPc000000SC6rKAG,Mountaingate at Bickford,TRI Pointe Homes,"TRI Pointe Homes, Inc.",Active,Bickford Ranch,Westland Capital Partners,Plan 3,5,3.5,2,2,3743,848000,12/13/2025,aAaPc000000CUG4KAO,Non Active Adult,95648,Lincoln,Placer,6061,"Sacramento-Roseville-Folsom, CA",40900,CA,Loomis Union Elementary School District,,,,,Del Oro High School,10,Auburn / Granite Bay,38.8696,-121.22283
aAfPc000000SC6rKAG,Mountaingate at Bickford,TRI Pointe Homes,"TRI Pointe Homes, Inc.",Active,Bickford Ranch,Westland Capital Partners,Plan 2,4,3.5,2,2,3163,829000,12/6/2025,aAaPc000000CUG5KAO,Non Active Adult,95648,Lincoln,Placer,6061,"Sacramento-Roseville-Folsom, CA",40900,CA,Loomis Union Elementary School District,,,,,Del Oro High School,10,Auburn / Granite Bay,38.8696,-121.22283
aAf3x000001WpXKCA0,Solaire/Jasmine,Pulte Homes,PulteGroup Inc.,Active,Solaire,"Sierra Vista Landowners Group, Westpark Communities",Plan 4,3,2,1,2,1788,609990,10/24/2025,aAaPc000000KNTCKA4,Non Active Adult,95747,Roseville,Placer,6061,"Sacramento-Roseville-Folsom, CA",40900,CA,Center Joint Unified School District,,,Wilson C. Riles Middle School,5,Center High,7,Roseville,38.76215,-121.38148
aAf3x000001WpXKCA0,Solaire/Jasmine,Pulte Homes,PulteGroup Inc.,Active,Solaire,"Sierra Vista Landowners Group, Westpark Communities",Plan 5,4,3,2,2,2194,639990,10/24/2025,aAaPc000000KNTDKA4,Non Active Adult,95747,Roseville,Placer,6061,"Sacramento-Roseville-Folsom, CA",40900,CA,Center Joint Unified School District,,,Wilson C. Riles Middle School,5,Center High,7,Roseville,38.76215,-121.38148
aAfPc0000019LJUKA2,Towns at Greenwood,Lennar,,Active,,,Residence 1629,4,2.5,2,2,1629,463990,11/9/2025,aAaPc000000Ku9dKAC,Non Active Adult,95632,Galt,Sacramento,6067,"Sacramento-Roseville-Folsom, CA",40900,CA,Galt Joint Union Elementary School District,Lake Canyon Elementary School,6,Mccaffrey Middle School,6,Liberty Ranch High School,8,South Sacramento County,38.28953,-121.29854
aAfPc0000019LJUKA2,Towns at Greenwood,Lennar,,Active,,,Residence 1636,4,2.5,2,2,1636,484990,11/9/2025,aAaPc000000Ku9eKAC,Non Active Adult,95632,Galt,Sacramento,6067,"Sacramento-Roseville-Folsom, CA",40900,CA,Galt Joint Union Elementary School District,Lake Canyon Elementary School,6,Mccaffrey Middle School,6,Liberty Ranch High School,8,South Sacramento County,38.28953,-121.29854
aAfPc0000019LJUKA2,Towns at Greenwood,Lennar,,Active,,,Residence 2072,5,3.5,3,2,2072,514990,11/9/2025,aAaPc000000Ku9fKAC,Non Active Adult,95632,Galt,Sacramento,6067,"Sacramento-Roseville-Folsom, CA",40900,CA,Galt Joint Union Elementary School District,Lake Canyon Elementary School,6,Mccaffrey Middle School,6,Liberty Ranch High School,8,South Sacramento County,38.28953,-121.29854
aAfPc0000019LJUKA2,Towns at Greenwood,Lennar,,Active,,,Residence 1328,3,2.5,2,2,1328,440990,11/9/2025,aAaPc000000Ku9gKAC,Non Active Adult,95632,Galt,Sacramento,6067,"Sacramento-Roseville-Folsom, CA",40900,CA,Galt Joint Union Elementary School District,Lake Canyon Elementary School,6,Mccaffrey Middle School,6,Liberty Ranch High School,8,South Sacramento County,38.28953,-121.29854
aAf3x000001QDzACAW,Trilogy Bickford Ranch,Shea Homes,,Active,Bickford Ranch,Westland Capital Partners,Perspective,3,2.5,0,3,2332,711999,12/8/2025,aAaPc000000NCprKAG,Active Adult,95648,Lincoln,Placer,6061,"Sacramento-Roseville-Folsom, CA",40900,CA,Loomis Union Elementary School District,,,,,Del Oro High School,10,Auburn / Granite Bay,38.87523,-121.2359
aAf3x000001QDzACAW,Trilogy Bickford Ranch,Shea Homes,,Active,Bickford Ranch,Westland Capital Partners,Proclaim,3,2.5,0,2,2141,681999,12/8/2025,aAaPc000000NCpsKAG,Active Adult,95648,Lincoln,Placer,6061,"Sacramento-Roseville-Folsom, CA",40900,CA,Loomis Union Elementary School District,,,,,Del Oro High School,10,Auburn / Granite Bay,38.87523,-121.2359
aAf3x000001QDzACAW,Trilogy Bickford Ranch,Shea Homes,,Active,Bickford Ranch,Westland Capital Partners,Venture,2,2.5,0,2,2048,597999,12/8/2025,aAaPc000000NCptKAG,Active Adult,95648,Lincoln,Placer,6061,"Sacramento-Roseville-Folsom, CA",40900,CA,Loomis Union Elementary School District,,,,,Del Oro High School,10,Auburn / Granite Bay,38.87523,-121.2359
aAf3x000001QDzACAW,Trilogy Bickford Ranch,Shea Homes,,Active,Bickford Ranch,Westland Capital Partners,Unite,2,2,0,2,1448,477999,12/8/2025,aAaPc000000NCpuKAG,Active Adult,95648,Lincoln,Placer,6061,"Sacramento-Roseville-Folsom, CA",40900,CA,Loomis Union Elementary School District,,,,,Del Oro High School,10,Auburn / Granite Bay,38.87523,-121.2359
aAf3x000001QDzACAW,Trilogy Bickford Ranch,Shea Homes,,Active,Bickford Ranch,Westland Capital Partners,Discover,2,2.5,0,2,2207,634999,12/8/2025,aAaPc000000NCpvKAG,Active Adult,95648,Lincoln,Placer,6061,"Sacramento-Roseville-Folsom, CA",40900,CA,Loomis Union Elementary School District,,,,,Del Oro High School,10,Auburn / Granite Bay,38.87523,-121.2359
aAf3x000001QDzACAW,Trilogy Bickford Ranch,Shea Homes,,Active,Bickford Ranch,Westland Capital Partners,Explore,2,2.5,0,2,1868,562999,12/8/2025,aAaPc000000NCpwKAG,Active Adult,95648,Lincoln,Placer,6061,"Sacramento-Roseville-Folsom, CA",40900,CA,Loomis Union Elementary School District,,,,,Del Oro High School,10,Auburn / Granite Bay,38.87523,-121.2359
aAf3x000001QDzACAW,Trilogy Bickford Ranch,Shea Homes,,Active,Bickford Ranch,Westland Capital Partners,Vertex,3,3.5,0,3,2546,1172999,12/8/2025,aAaPc000000NCpxKAG,Active Adult,95648,Lincoln,Placer,6061,"Sacramento-Roseville-Folsom, CA",40900,CA,Loomis Union Elementary School District,,,,,Del Oro High School,10,Auburn / Granite Bay,38.87523,-121.2359
aAf3x000001QDzACAW,Trilogy Bickford Ranch,Shea Homes,,Active,Bickford Ranch,Westland Capital Partners,Pinnacle,3,3.5,0,3,2850,1220999,12/8/2025,aAaPc000000NCpyKAG,Active Adult,95648,Lincoln,Placer,6061,"Sacramento-Roseville-Folsom, CA",40900,CA,Loomis Union Elementary School District,,,,,Del Oro High School,10,Auburn / Granite Bay,38.87523,-121.2359
aAf3x000001QDzACAW,Trilogy Bickford Ranch,Shea Homes,,Active,Bickford Ranch,Westland Capital Partners,Affirm,2,2,0,2,1622,498499,12/8/2025,aAaPc000000NCpzKAG,Active Adult,95648,Lincoln,Placer,6061,"Sacramento-Roseville-Folsom, CA",40900,CA,Loomis Union Elementary School District,,,,,Del Oro High School,10,Auburn / Granite Bay,38.87523,-121.2359
aAfPc000001CpkfKAC,Bretton Woods/Greenway,DeNova Homes,,Active,,,Greenway - Residence 1,2,2,1,2,1564,830000,11/26/2025,aAaPc000000OA0aKAG,Active Adult,95616,Davis,Yolo,6113,"Sacramento-Roseville-Folsom, CA",40900,CA,Davis Joint Unified School District,Robert E. Willett Elementary School,8,Ralph Waldo Emerson Junior High School,8,Davis Senior High School,10,Davis / Woodland,38.56468,-121.77479
aAfPc000001CpkfKAC,Bretton Woods/Greenway,DeNova Homes,,Active,,,Greenway - Residence 2,2,2,1,2,1711,875000,11/26/2025,aAaPc000000OA0bKAG,Active Adult,95616,Davis,Yolo,6113,"Sacramento-Roseville-Folsom, CA",40900,CA,Davis Joint Unified School District,Robert E. Willett Elementary School,8,Ralph Waldo Emerson Junior High School,8,Davis Senior High School,10,Davis / Woodland,38.56468,-121.77479
aAfPc000001CpkfKAC,Bretton Woods/Greenway,DeNova Homes,,Active,,,Greenway - Residence 3,2,2.5,1,2,1772,899000,11/26/2025,aAaPc000000OA0cKAG,Active Adult,95616,Davis,Yolo,6113,"Sacramento-Roseville-Folsom, CA",40900,CA,Davis Joint Unified School District,Robert E. Willett Elementary School,8,Ralph Waldo Emerson Junior High School,8,Davis Senior High School,10,Davis / Woodland,38.56468,-121.77479
aAfPc0000015AUPKA2,Season at the Ranch/Winter,K. Hovnanian Homes,,Active,The Ranch,K. Hovnanian Homes,Eagle,2,2,1,2,1307,439990,10/24/2025,aAaPc000000Z2N7KAK,Non Active Adult,95742,Rancho Cordova,Sacramento,6067,"Sacramento-Roseville-Folsom, CA",40900,CA,Elk Grove Unified School District,Sunrise Elementary School,7,Katherine L. Albiani Middle School,8,Pleasant Grove High School,9,Rancho Cordova,38.54358,-121.21169
aAfPc0000015AUPKA2,Season at the Ranch/Winter,K. Hovnanian Homes,,Active,The Ranch,K. Hovnanian Homes,Finch,2,2,1,2,1440,474931,10/24/2025,aAaPc000000Z2OjKAK,Non Active Adult,95742,Rancho Cordova,Sacramento,6067,"Sacramento-Roseville-Folsom, CA",40900,CA,Elk Grove Unified School District,Sunrise Elementary School,7,Katherine L. Albiani Middle School,8,Pleasant Grove High School,9,Rancho Cordova,38.54358,-121.21169
aAfPc0000015AUPKA2,Season at the Ranch/Winter,K. Hovnanian Homes,,Active,The Ranch,K. Hovnanian Homes,Falcon,2,2,1,2,1442,473983,10/24/2025,aAaPc000000Z2QLKA0,Non Active Adult,95742,Rancho Cordova,Sacramento,6067,"Sacramento-Roseville-Folsom, CA",40900,CA,Elk Grove Unified School District,Sunrise Elementary School,7,Katherine L. Albiani Middle School,8,Pleasant Grove High School,9,Rancho Cordova,38.54358,-121.21169
aAfPc0000015AUPKA2,Season at the Ranch/Winter,K. Hovnanian Homes,,Active,The Ranch,K. Hovnanian Homes,Raven,2,2.5,1,2,1701,489050,10/24/2025,aAaPc000000Z2RxKAK,Non Active Adult,95742,Rancho Cordova,Sacramento,6067,"Sacramento-Roseville-Folsom, CA",40900,CA,Elk Grove Unified School District,Sunrise Elementary School,7,Katherine L. Albiani Middle School,8,Pleasant Grove High School,9,Rancho Cordova,38.54358,-121.21169
aAf3x000001WqQHCA0,Trailside at The Rivers,Century Communities,"Century Communities, Inc.",Active,,,Plan 4,4,2.5,0,2,2557,633990,12/6/2025,aAaPc000000YhmJKAS,Non Active Adult,95691,West Sacramento,Yolo,6113,"Sacramento-Roseville-Folsom, CA",40900,CA,,Westfield Village Elementary School; Westmore Oaks Elementary School,3; 3,Westfield Village Elementary School; Westmore Oaks Elementary School,3; 3,River City High School,7,West Sacramento,38.58046,-121.53023
aAfPc000001ct7uKAA,Rushmore at Liberty Ranch,Meritage Homes,,Active,,,Residence 3,4,3,2,2,2484,671048,10/31/2025,aAaPc000000cKo3KAE,Non Active Adult,95632,Galt,Sacramento,6067,"Sacramento-Roseville-Folsom, CA",40900,CA,Galt Joint Union Elementary School District,Marengo Ranch Elementary School,5,Mccaffrey Middle School,6,Liberty Ranch High School,8,South Sacramento County,38.28052,-121.27939
aAfPc000001HHIUKA4,Reserve at The Ranch,K. Hovnanian Homes,,Active,The Ranch,K. Hovnanian Homes,Belfast ESP,4,3,1,3,2399,752990,11/22/2025,aAaPc000000UytMKAS,Non Active Adult,95742,Rancho Cordova,Sacramento,6067,"Sacramento-Roseville-Folsom, CA",40900,CA,Elk Grove Unified School District,Sunrise Elementary School,7,Katherine L. Albiani Middle School,8,Pleasant Grove High School,9,Rancho Cordova,38.54982,-121.22406
aAfPc000001HHIUKA4,Reserve at The Ranch,K. Hovnanian Homes,,Active,The Ranch,K. Hovnanian Homes,Limerick,4,3,2,3,3003,745990,11/22/2025,aAaPc000000UytOKAS,Non Active Adult,95742,Rancho Cordova,Sacramento,6067,"Sacramento-Roseville-Folsom, CA",40900,CA,Elk Grove Unified School District,Sunrise Elementary School,7,Katherine L. Albiani Middle School,8,Pleasant Grove High School,9,Rancho Cordova,38.54982,-121.22406
aAfPc000001gcMrKAI,Deerfield at Placer One,JMC Homes,,Active,Placer One,"Taylor Builders, LLC",Plan 2042,3,2,1,3,2042,699990,11/25/2025,aAaPc000000gW1tKAE,Non Active Adult,95747,Roseville,Placer,6061,"Sacramento-Roseville-Folsom, CA",40900,CA,Roseville City Elementary School District,,,George A. Buljan Middle School,4,West Park High,8,Roseville,38.8117,-121.35046
aAfPc000001gcMrKAI,Deerfield at Placer One,JMC Homes,,Active,Placer One,"Taylor Builders, LLC",Plan 2243,2,3,1,3,2243,739990,11/25/2025,aAaPc000000gW3VKAU,Non Active Adult,95747,Roseville,Placer,6061,"Sacramento-Roseville-Folsom, CA",40900,CA,Roseville City Elementary School District,,,George A. Buljan Middle School,4,West Park High,8,Roseville,38.8117,-121.35046
aAfPc000001gcMrKAI,Deerfield at Placer One,JMC Homes,,Active,Placer One,"Taylor Builders, LLC",Plan 3184,5,4,2,3,3184,899990,11/25/2025,aAaPc000000gW57KAE,Non Active Adult,95747,Roseville,Placer,6061,"Sacramento-Roseville-Folsom, CA",40900,CA,Roseville City Elementary School District,,,George A. Buljan Middle School,4,West Park High,8,Roseville,38.8117,-121.35046
aAfPc000001gcMrKAI,Deerfield at Placer One,JMC Homes,,Active,Placer One,"Taylor Builders, LLC",Plan 2825,4,3,2,3,2825,849990,11/25/2025,aAaPc000000gW6jKAE,Non Active Adult,95747,Roseville,Placer,6061,"Sacramento-Roseville-Folsom, CA",40900,CA,Roseville City Elementary School District,,,George A. Buljan Middle School,4,West Park High,8,Roseville,38.8117,-121.35046
aAfPc000001gcRhKAI,Northfield at Placer One,JMC Homes,,Active,Placer One,"Taylor Builders, LLC",Plan: 1501,3,2,1,2,1501,559990,11/25/2025,aAaPc000000gfLJKAY,Non Active Adult,95747,Roseville,Placer,6061,"Sacramento-Roseville-Folsom, CA",40900,CA,Roseville City Elementary School District,,,George A. Buljan Middle School,4,West Park High,8,Roseville,38.8117,-121.35046
aAfPc000001gcRhKAI,Northfield at Placer One,JMC Homes,,Active,Placer One,"Taylor Builders, LLC",Plan: 1502,3,2,1,2,1502,559990,11/25/2025,aAaPc000000gfMvKAI,Non Active Adult,95747,Roseville,Placer,6061,"Sacramento-Roseville-Folsom, CA",40900,CA,Roseville City Elementary School District,,,George A. Buljan Middle School,4,West Park High,8,Roseville,38.8117,-121.35046
aAfPc000001gcRhKAI,Northfield at Placer One,JMC Homes,,Active,Placer One,"Taylor Builders, LLC",Plan: 1503,4,3,1,2,1503,569990,11/25/2025,aAaPc000000gfMwKAI,Non Active Adult,95747,Roseville,Placer,6061,"Sacramento-Roseville-Folsom, CA",40900,CA,Roseville City Elementary School District,,,George A. Buljan Middle School,4,West Park High,8,Roseville,38.8117,-121.35046
aAfPc000001ct7uKAA,Rushmore at Liberty Ranch,Meritage Homes,,Active,,,Residence 4,5,3,2,3,2805,699000,11/27/2025,aAaPc000000dANoKAM,Non Active Adult,95632,Galt,Sacramento,6067,"Sacramento-Roseville-Folsom, CA",40900,CA,Galt Joint Union Elementary School District,Marengo Ranch Elementary School,5,Mccaffrey Middle School,6,Liberty Ranch High School,8,South Sacramento County,38.28052,-121.27939
aAfPc000001ct7uKAA,Rushmore at Liberty Ranch,Meritage Homes,,Active,,,Residence 2,4,3,1,2,,605990,10/13/2025,aAaPc000000dANpKAM,Non Active Adult,95632,Galt,Sacramento,6067,"Sacramento-Roseville-Folsom, CA",40900,CA,Galt Joint Union Elementary School District,Marengo Ranch Elementary School,5,Mccaffrey Middle School,6,Liberty Ranch High School,8,South Sacramento County,38.28052,-121.27939
aAfPc000001ct7uKAA,Rushmore at Liberty Ranch,Meritage Homes,,Active,,,Residence 1,4,2.5,1,2,2030,631076,10/13/2025,aAaPc000000dANqKAM,Non Active Adult,95632,Galt,Sacramento,6067,"Sacramento-Roseville-Folsom, CA",40900,CA,Galt Joint Union Elementary School District,Marengo Ranch Elementary School,5,Mccaffrey Middle School,6,Liberty Ranch High School,8,South Sacramento County,38.28052,-121.27939
aAfPc000001fe5mKAA,Camellia Place,Century Communities,"Century Communities, Inc.",Active,,,Plan 1 - 1742,3,3,2,2,1742,579990,12/10/2025,aAaPc000000pRe5KAE,Non Active Adult,95758,Elk Grove,Sacramento,6067,"Sacramento-Roseville-Folsom, CA",40900,CA,Elk Grove Unified School District,Irene B. West Elementary School,5,"Edward Harris, Jr. Middle School",6,Monterey Trail High School,7,Laguna / Elk Grove,38.44847,-121.41747
aAfPc000001fe5mKAA,Camellia Place,Century Communities,"Century Communities, Inc.",Active,,,Plan 2 - 1916,4,3,2,2,1916,590990,12/10/2025,aAaPc000000pRfhKAE,Non Active Adult,95758,Elk Grove,Sacramento,6067,"Sacramento-Roseville-Folsom, CA",40900,CA,Elk Grove Unified School District,Irene B. West Elementary School,5,"Edward Harris, Jr. Middle School",6,Monterey Trail High School,7,Laguna / Elk Grove,38.44847,-121.41747
aAfPc000001fe5mKAA,Camellia Place,Century Communities,"Century Communities, Inc.",Active,,,Plan 3 - 1999,3,3,2,2,1999,599990,12/10/2025,aAaPc000000pRhJKAU,Non Active Adult,95758,Elk Grove,Sacramento,6067,"Sacramento-Roseville-Folsom, CA",40900,CA,Elk Grove Unified School District,Irene B. West Elementary School,5,"Edward Harris, Jr. Middle School",6,Monterey Trail High School,7,Laguna / Elk Grove,38.44847,-121.41747
aAfPc000001AKcvKAG,Asheville at East Village,Meritage Homes,,Active,,,Residence 3,5,3,2,2,2419,661805,12/9/2025,aAaPc000000kC1oKAE,Non Active Adult,95835,Sacramento,Sacramento,6067,"Sacramento-Roseville-Folsom, CA",40900,CA,Twin Rivers Unified School District,Robla Elementary School; Robla Preschool,5; 0,Rio Linda Preparatory Academy; Norwood Junior High School,5; 5,Robla Preschool,0,Natomas,38.67017,-121.49095
aAfPc000001AKcvKAG,Asheville at East Village,Meritage Homes,,Active,,,Residence 2,4,3,2,2,2168,636964,12/1/2025,aAaPc000000kC1pKAE,Non Active Adult,95835,Sacramento,Sacramento,6067,"Sacramento-Roseville-Folsom, CA",40900,CA,Twin Rivers Unified School District,Robla Elementary School; Robla Preschool,5; 0,Rio Linda Preparatory Academy; Norwood Junior High School,5; 5,Robla Preschool,0,Natomas,38.67017,-121.49095
aAfPc000001AKcvKAG,Asheville at East Village,Meritage Homes,,Active,,,Residence 1,4,3,2,2,2020,599000,12/9/2025,aAaPc000000kC1qKAE,Non Active Adult,95835,Sacramento,Sacramento,6067,"Sacramento-Roseville-Folsom, CA",40900,CA,Twin Rivers Unified School District,Robla Elementary School; Robla Preschool,5; 0,Rio Linda Preparatory Academy; Norwood Junior High School,5; 5,Robla Preschool,0,Natomas,38.67017,-121.49095
aAf2T000001MawrSAC,Heritage at Gum Ranch,Elliott Homes,,Active,,,Clover,4,3.5,1,3,2664,865950,11/26/2025,aAa2T000000iU87SAE,Non Active Adult,95628,Fair Oaks,Sacramento,6067,"Sacramento-Roseville-Folsom, CA",40900,CA,San Juan Unified School District,Northridge Elementary School,5,Andrew Carnegie Middle School,6,Bella Vista High School,8,Carmichael / Fair Oaks,38.66956,-121.24863
aAf2T000001MawrSAC,Heritage at Gum Ranch,Elliott Homes,,Active,,,Lucerne,4,3.5,1,3,2513,839950,11/26/2025,aAa2T000000iUHhSAM,Non Active Adult,95628,Fair Oaks,Sacramento,6067,"Sacramento-Roseville-Folsom, CA",40900,CA,San Juan Unified School District,Northridge Elementary School,5,Andrew Carnegie Middle School,6,Bella Vista High School,8,Carmichael / Fair Oaks,38.66956,-121.24863
aAf3x000001Who5CAC,Edgefield Place at Whitney Ranch,JMC Homes,,Active,Whitney Ranch,"Sunset Ranchos Investors, LLC",Plan 2042,3,2,1,3,2042,854990,11/25/2025,aAa3x000000URfLCAW,Non Active Adult,95765,Rocklin,Placer,6061,"Sacramento-Roseville-Folsom, CA",40900,CA,Rocklin Unified School District,Valley View Elementary School,8,Granite Oaks Middle School,7,Whitney High School,9,Rocklin,38.83871,-121.25613
aAf3x000001Who5CAC,Edgefield Place at Whitney Ranch,JMC Homes,,Active,Whitney Ranch,"Sunset Ranchos Investors, LLC",Plan 1962,3,2,1,3,1962,834990,11/25/2025,aAa3x000000URfaCAG,Non Active Adult,95765,Rocklin,Placer,6061,"Sacramento-Roseville-Folsom, CA",40900,CA,Rocklin Unified School District,Valley View Elementary School,8,Granite Oaks Middle School,7,Whitney High School,9,Rocklin,38.83871,-121.25613
aAf3x000001Who5CAC,Edgefield Place at Whitney Ranch,JMC Homes,,Active,Whitney Ranch,"Sunset Ranchos Investors, LLC",Plan 2243,4,3,1,3,2243,949990,11/25/2025,aAa3x000000YMsACAW,Non Active Adult,95765,Rocklin,Placer,6061,"Sacramento-Roseville-Folsom, CA",40900,CA,Rocklin Unified School District,Valley View Elementary School,8,Granite Oaks Middle School,7,Whitney High School,9,Rocklin,38.83871,-121.25613
aAf3x000001Who5CAC,Edgefield Place at Whitney Ranch,JMC Homes,,Active,Whitney Ranch,"Sunset Ranchos Investors, LLC",Plan 3184,5,4,2,3,3184,1084990,11/25/2025,aAa3x000000YMsBCAW,Non Active Adult,95765,Rocklin,Placer,6061,"Sacramento-Roseville-Folsom, CA",40900,CA,Rocklin Unified School District,Valley View Elementary School,8,Granite Oaks Middle School,7,Whitney High School,9,Rocklin,38.83871,-121.25613
aAf3x000001QHe8CAG,Wildhawk North/Oakbridge,Taylor Morrison,,Active,,,Mae Plan 6,3,2.5,2,2,2002,561999,12/8/2025,aAa3x000000YYbTCAW,Non Active Adult,95829,Sacramento,Sacramento,6067,"Sacramento-Roseville-Folsom, CA",40900,CA,Elk Grove Unified School District,Sierra-Enterprise Elementary School,6,Katherine L. Albiani Middle School,8,Pleasant Grove High School,9,Florin / Vineyard,38.4819,-121.31615
aAf3x000001QHe8CAG,Wildhawk North/Oakbridge,Taylor Morrison,,Active,,,Piper Plan 7,4,3.5,2,2,2125,580999,12/8/2025,aAa3x000000YYbYCAW,Non Active Adult,95829,Sacramento,Sacramento,6067,"Sacramento-Roseville-Folsom, CA",40900,CA,Elk Grove Unified School District,Sierra-Enterprise Elementary School,6,Katherine L. Albiani Middle School,8,Pleasant Grove High School,9,Florin / Vineyard,38.4819,-121.31615
aAf3x000001QHe8CAG,Wildhawk North/Oakbridge,Taylor Morrison,,Active,,,Vale Plan 8,4,3.5,2,2,2248,598999,12/8/2025,aAa3x000000YYbdCAG,Non Active Adult,95829,Sacramento,Sacramento,6067,"Sacramento-Roseville-Folsom, CA",40900,CA,Elk Grove Unified School District,Sierra-Enterprise Elementary School,6,Katherine L. Albiani Middle School,8,Pleasant Grove High School,9,Florin / Vineyard,38.4819,-121.31615
aAf3x000001WqBqCAK,Coronado at Delta Shores,Signature Homes,,Active,,,The Mariposa,5,3,2,2,2500,679380,11/30/2025,aAa3x000000Zl0ICAS,Non Active Adult,95832,Sacramento,Sacramento,6067,"Sacramento-Roseville-Folsom, CA",40900,CA,Sacramento City Unified School District,John H. Still School,4,John H. Still School,4,Luther Burbank High School,4,Pocket / Land Park,38.45937,-121.48678
aAf3x000001WqBqCAK,Coronado at Delta Shores,Signature Homes,,Active,,,The Yara,4,3.5,2,2,2871,705355,11/30/2025,aAa3x000000Zl0KCAS,Non Active Adult,95832,Sacramento,Sacramento,6067,"Sacramento-Roseville-Folsom, CA",40900,CA,Sacramento City Unified School District,John H. Still School,4,John H. Still School,4,Luther Burbank High School,4,Pocket / Land Park,38.45937,-121.48678
aAf3x000001Who5CAC,Edgefield Place at Whitney Ranch,JMC Homes,,Active,Whitney Ranch,"Sunset Ranchos Investors, LLC",Plan 3232,5,4.5,2,3,3232,1229990,11/25/2025,aAa3x000000Zqh5CAC,Non Active Adult,95765,Rocklin,Placer,6061,"Sacramento-Roseville-Folsom, CA",40900,CA,Rocklin Unified School District,Valley View Elementary School,8,Granite Oaks Middle School,7,Whitney High School,9,Rocklin,38.83871,-121.25613
aAf3x000001WcPNCA0,Esplanade at Madeira Ranch,Taylor Morrison,,Active,,,Plan 1 Lake,2,2,1,2,1785,559999,12/8/2025,aAaPc0000003S61KAE,Active Adult,95842,Elk Grove,Sacramento,6067,"Sacramento-Roseville-Folsom, CA",40900,CA,Elk Grove Unified School District,Zehnder Ranch Elementary,8,Elizabeth Pinkerton Middle School,8,Cosumnes Oaks High School,10,Laguna / Elk Grove,38.38459,-121.3915
aAf3x000001WcPNCA0,Esplanade at Madeira Ranch,Taylor Morrison,,Active,,,Plan 10 Meadow,3,3.5,1,3,2979,824999,12/8/2025,aAaPc0000003S62KAE,Active Adult,95842,Elk Grove,Sacramento,6067,"Sacramento-Roseville-Folsom, CA",40900,CA,Elk Grove Unified School District,Zehnder Ranch Elementary,8,Elizabeth Pinkerton Middle School,8,Cosumnes Oaks High School,10,Laguna / Elk Grove,38.38459,-121.3915
aAf3x000001WcPNCA0,Esplanade at Madeira Ranch,Taylor Morrison,,Active,,,Plan 2 Reed,3,2.5,1,2,1958,599999,12/8/2025,aAaPc0000003S63KAE,Active Adult,95842,Elk Grove,Sacramento,6067,"Sacramento-Roseville-Folsom, CA",40900,CA,Elk Grove Unified School District,Zehnder Ranch Elementary,8,Elizabeth Pinkerton Middle School,8,Cosumnes Oaks High School,10,Laguna / Elk Grove,38.38459,-121.3915
aAf3x000001WcPNCA0,Esplanade at Madeira Ranch,Taylor Morrison,,Active,,,Plan 3 Willow,2,2.5,1,2,1644,539999,12/8/2025,aAaPc0000003S64KAE,Active Adult,95842,Elk Grove,Sacramento,6067,"Sacramento-Roseville-Folsom, CA",40900,CA,Elk Grove Unified School District,Zehnder Ranch Elementary,8,Elizabeth Pinkerton Middle School,8,Cosumnes Oaks High School,10,Laguna / Elk Grove,38.38459,-121.3915
aAf3x000001WcPNCA0,Esplanade at Madeira Ranch,Taylor Morrison,,Active,,,Plan 4 Heron,4,3,1,2,2321,679999,12/8/2025,aAaPc0000003S65KAE,Active Adult,95842,Elk Grove,Sacramento,6067,"Sacramento-Roseville-Folsom, CA",40900,CA,Elk Grove Unified School District,Zehnder Ranch Elementary,8,Elizabeth Pinkerton Middle School,8,Cosumnes Oaks High School,10,Laguna / Elk Grove,38.38459,-121.3915
aAf3x000001WcPNCA0,Esplanade at Madeira Ranch,Taylor Morrison,,Active,,,Plan 5 Goldeneye,2,2.5,1,2,2143,649999,12/8/2025,aAaPc0000003S66KAE,Active Adult,95842,Elk Grove,Sacramento,6067,"Sacramento-Roseville-Folsom, CA",40900,CA,Elk Grove Unified School District,Zehnder Ranch Elementary,8,Elizabeth Pinkerton Middle School,8,Cosumnes Oaks High School,10,Laguna / Elk Grove,38.38459,-121.3915
aAf3x000001WcPNCA0,Esplanade at Madeira Ranch,Taylor Morrison,,Active,,,Plan 6 Mallard,2,2.5,1,2,2266,669999,12/8/2025,aAaPc0000003S67KAE,Active Adult,95842,Elk Grove,Sacramento,6067,"Sacramento-Roseville-Folsom, CA",40900,CA,Elk Grove Unified School District,Zehnder Ranch Elementary,8,Elizabeth Pinkerton Middle School,8,Cosumnes Oaks High School,10,Laguna / Elk Grove,38.38459,-121.3915
aAf3x000001WcPNCA0,Esplanade at Madeira Ranch,Taylor Morrison,,Active,,,Plan 7 Basin,2,2.5,1,3,2521,749999,12/8/2025,aAaPc0000003S68KAE,Active Adult,95842,Elk Grove,Sacramento,6067,"Sacramento-Roseville-Folsom, CA",40900,CA,Elk Grove Unified School District,Zehnder Ranch Elementary,8,Elizabeth Pinkerton Middle School,8,Cosumnes Oaks High School,10,Laguna / Elk Grove,38.38459,-121.3915
aAf3x000001WcPNCA0,Esplanade at Madeira Ranch,Taylor Morrison,,Active,,,Plan 8 Glacier,2,2.5,1,3,2647,769999,12/8/2025,aAaPc0000003S69KAE,Active Adult,95842,Elk Grove,Sacramento,6067,"Sacramento-Roseville-Folsom, CA",40900,CA,Elk Grove Unified School District,Zehnder Ranch Elementary,8,Elizabeth Pinkerton Middle School,8,Cosumnes Oaks High School,10,Laguna / Elk Grove,38.38459,-121.3915
aAf3x000001WcPNCA0,Esplanade at Madeira Ranch,Taylor Morrison,,Active,,,Plan 9 Harbor,2,3,1,3,2816,799999,12/8/2025,aAaPc0000003S6AKAU,Active Adult,95842,Elk Grove,Sacramento,6067,"Sacramento-Roseville-Folsom, CA",40900,CA,Elk Grove Unified School District,Zehnder Ranch Elementary,8,Elizabeth Pinkerton Middle School,8,Cosumnes Oaks High School,10,Laguna / Elk Grove,38.38459,-121.3915
aAf2T000001MawrSAC,Heritage at Gum Ranch,Elliott Homes,,Active,,,Brome,3,2,1,3,2430,811950,11/26/2025,aAaPc000000HmPRKA0,Non Active Adult,95628,Fair Oaks,Sacramento,6067,"Sacramento-Roseville-Folsom, CA",40900,CA,San Juan Unified School District,Northridge Elementary School,5,Andrew Carnegie Middle School,6,Bella Vista High School,8,Carmichael / Fair Oaks,38.66956,-121.24863
aAf2T000001MawrSAC,Heritage at Gum Ranch,Elliott Homes,,Active,,,Juniper,4,2,1,3,2201,772950,11/26/2025,aAaPc000000Un4RKAS,Non Active Adult,95628,Fair Oaks,Sacramento,6067,"Sacramento-Roseville-Folsom, CA",40900,CA,San Juan Unified School District,Northridge Elementary School,5,Andrew Carnegie Middle School,6,Bella Vista High School,8,Carmichael / Fair Oaks,38.66956,-121.24863
aAf3x000001Wi8XCAS,Long Meadow,Risewell Homes,,Active,,,Plan 3,4,3,2,2,2486,737200,11/5/2025,aAa3x000000ZsTZCA0,Non Active Adult,95624,Elk Grove,Sacramento,6067,"Sacramento-Roseville-Folsom, CA",40900,CA,Elk Grove Unified School District,Roy Herburger Elementary School,6,"Edward Harris, Jr. Middle School",6,Monterey Trail High School,7,Laguna / Elk Grove,38.43898,-121.39172
aAf3x000001Wi8XCAS,Long Meadow,Risewell Homes,,Active,,,Plan 4,4,3,2,2,2769,690000,12/11/2025,aAa3x000000ZsTaCAK,Non Active Adult,95624,Elk Grove,Sacramento,6067,"Sacramento-Roseville-Folsom, CA",40900,CA,Elk Grove Unified School District,Roy Herburger Elementary School,6,"Edward Harris, Jr. Middle School",6,Monterey Trail High School,7,Laguna / Elk Grove,38.43898,-121.39172
aAf3x000001Yel0CAC,Regency at Folsom Ranch/Shasta,Toll Brothers,,Active,Folsom Ranch,"New Home Co., Westland Capital Partners",Caldwell,2,2.5,1,2,2012,772995,12/4/2025,aAa3x000000gqObCAI,Active Adult,95630,Folsom,Sacramento,6067,"Sacramento-Roseville-Folsom, CA",40900,CA,Folsom-Cordova Unified School District,Mangini Ranch Elementary,8,Folsom Middle School,8,Folsom High School,10,Folsom,38.62498,-121.11764
aAf3x000001Yel0CAC,Regency at Folsom Ranch/Shasta,Toll Brothers,,Active,Folsom Ranch,"New Home Co., Westland Capital Partners",Whitney,2,2.5,1,2,2148,797995,12/4/2025,aAa3x000000gqOlCAI,Active Adult,95630,Folsom,Sacramento,6067,"Sacramento-Roseville-Folsom, CA",40900,CA,Folsom-Cordova Unified School District,Mangini Ranch Elementary,8,Folsom Middle School,8,Folsom High School,10,Folsom,38.62498,-121.11764
aAf3x000001QMbQCAW,Sycamore at Cypress,Woodside Homes,,Active,,,Crescent,4,3.5,2,2,2578,690990,10/29/2025,aAa3x000000YjmfCAC,Non Active Adult,95742,Rancho Cordova,Sacramento,6067,"Sacramento-Roseville-Folsom, CA",40900,CA,Elk Grove Unified School District,Sunrise Elementary School,7,Katherine L. Albiani Middle School,8,Pleasant Grove High School,9,Rancho Cordova,38.54717,-121.19454
aAf3x000001WfJJCA0,Paseo at The Ranch,K. Hovnanian Homes,,Active,The Ranch,K. Hovnanian Homes,San Blas,4,3,2,2,2028,539990,12/14/2025,aAa3x000000UrhlCAC,Non Active Adult,95742,Rancho Cordova,Sacramento,6067,"Sacramento-Roseville-Folsom, CA",40900,CA,Elk Grove Unified School District,Sunrise Elementary School,7,Katherine L. Albiani Middle School,8,Pleasant Grove High School,9,Rancho Cordova,38.55032,-121.22383
aAfPc000001XC9tKAG,Laurels at Hidden Hills,Century Communities,"Century Communities, Inc.",Active,,,Plan 1 - 2236,3,2.5,1,2,2236,719990,11/22/2025,aAaPc000000gfE5KAI,Non Active Adult,95648,Lincoln,Placer,6061,"Sacramento-Roseville-Folsom, CA",40900,CA,Western Placer Unified School District,Twelve Bridges Elementary School,7,Twelve Bridges Middle School,8,Twelve Bridges High School,7,Lincoln,38.87135,-121.26154
aAfPc000001XC9tKAG,Laurels at Hidden Hills,Century Communities,"Century Communities, Inc.",Active,,,Plan 3 - 2675,4,3.5,2,2,2675,764990,11/22/2025,aAaPc000000gfE6KAI,Non Active Adult,95648,Lincoln,Placer,6061,"Sacramento-Roseville-Folsom, CA",40900,CA,Western Placer Unified School District,Twelve Bridges Elementary School,7,Twelve Bridges Middle School,8,Twelve Bridges High School,7,Lincoln,38.87135,-121.26154
aAfPc000001XC9tKAG,Laurels at Hidden Hills,Century Communities,"Century Communities, Inc.",Active,,,Plan 2 - 2488,4,3,2,2,2488,744990,11/22/2025,aAaPc000000gfE7KAI,Non Active Adult,95648,Lincoln,Placer,6061,"Sacramento-Roseville-Folsom, CA",40900,CA,Western Placer Unified School District,Twelve Bridges Elementary School,7,Twelve Bridges Middle School,8,Twelve Bridges High School,7,Lincoln,38.87135,-121.26154
aAfPc000001Yn2XKAS,Jasper,D.R. Horton,"D.R. Horton, Inc.",Active,,,Plan 1547,3,2.5,2,2,1547,482990,12/7/2025,aAaPc000000iFrNKAU,Non Active Adult,95648,Lincoln,Placer,6061,"Sacramento-Roseville-Folsom, CA",40900,CA,Western Placer Unified School District,Creekside Oaks Elementary School,3,Glen Edwards Middle School,5,Lincoln High School,6,Lincoln,38.896,-121.31249
aAfPc000001Yn2XKAS,Jasper,D.R. Horton,"D.R. Horton, Inc.",Active,,,Plan 1678,4,2.5,2,2,1678,516990,12/7/2025,aAaPc000000iFszKAE,Non Active Adult,95648,Lincoln,Placer,6061,"Sacramento-Roseville-Folsom, CA",40900,CA,Western Placer Unified School District,Creekside Oaks Elementary School,3,Glen Edwards Middle School,5,Lincoln High School,6,Lincoln,38.896,-121.31249
aAfPc000001Yn2XKAS,Jasper,D.R. Horton,"D.R. Horton, Inc.",Active,,,Plan 1811,4,2.5,2,2,1811,528990,12/7/2025,aAaPc000000iFubKAE,Non Active Adult,95648,Lincoln,Placer,6061,"Sacramento-Roseville-Folsom, CA",40900,CA,Western Placer Unified School District,Creekside Oaks Elementary School,3,Glen Edwards Middle School,5,Lincoln High School,6,Lincoln,38.896,-121.31249
aAfPc000001Yn2XKAS,Jasper,D.R. Horton,"D.R. Horton, Inc.",Active,,,Plan 2311,5,3,2,2,2311,590990,12/7/2025,aAaPc000000iFwDKAU,Non Active Adult,95648,Lincoln,Placer,6061,"Sacramento-Roseville-Folsom, CA",40900,CA,Western Placer Unified School District,Creekside Oaks Elementary School,3,Glen Edwards Middle School,5,Lincoln High School,6,Lincoln,38.896,-121.31249
aAf3x000001WWujCAG,Montrose at The Ranch,K. Hovnanian Homes,,Active,The Ranch,K. Hovnanian Homes,Boone,4,3,2,2,2382,620200,12/14/2025,aAaPc000000T9MCKA0,Non Active Adult,95742,Rancho Cordova,Sacramento,6067,"Sacramento-Roseville-Folsom, CA",40900,CA,Elk Grove Unified School District,Sunrise Elementary School,7,Katherine L. Albiani Middle School,8,Pleasant Grove High School,9,Rancho Cordova,38.55006,-121.22322
aAfPc000001JsLtKAK,Silverbrook at The Ranch,K. Hovnanian Homes,,Active,The Ranch,K. Hovnanian Homes,Del Mar,3,2.5,2,2,1850,532990,11/22/2025,aAaPc000000VkOLKA0,Non Active Adult,95742,Rancho Cordova,Sacramento,6067,"Sacramento-Roseville-Folsom, CA",40900,CA,Elk Grove Unified School District,Sunrise Elementary School,7,Katherine L. Albiani Middle School,8,Pleasant Grove High School,9,Rancho Cordova,38.54987,-121.22408
aAfPc000001JsLtKAK,Silverbrook at The Ranch,K. Hovnanian Homes,,Active,The Ranch,K. Hovnanian Homes,Hillrose,3,2.5,2,2,2007,540990,11/22/2025,aAaPc000000VkTBKA0,Non Active Adult,95742,Rancho Cordova,Sacramento,6067,"Sacramento-Roseville-Folsom, CA",40900,CA,Elk Grove Unified School District,Sunrise Elementary School,7,Katherine L. Albiani Middle School,8,Pleasant Grove High School,9,Rancho Cordova,38.54987,-121.22408
aAfPc000001JsLtKAK,Silverbrook at The Ranch,K. Hovnanian Homes,,Active,The Ranch,K. Hovnanian Homes,Madalena,3,2.5,2,2,2084,529990,11/22/2025,aAaPc000000VkUnKAK,Non Active Adult,95742,Rancho Cordova,Sacramento,6067,"Sacramento-Roseville-Folsom, CA",40900,CA,Elk Grove Unified School District,Sunrise Elementary School,7,Katherine L. Albiani Middle School,8,Pleasant Grove High School,9,Rancho Cordova,38.54987,-121.22408
aAfPc000001JsLtKAK,Silverbrook at The Ranch,K. Hovnanian Homes,,Active,The Ranch,K. Hovnanian Homes,Lamar,4,2.5,2,2,2150,577030,11/22/2025,aAaPc000000VkWPKA0,Non Active Adult,95742,Rancho Cordova,Sacramento,6067,"Sacramento-Roseville-Folsom, CA",40900,CA,Elk Grove Unified School District,Sunrise Elementary School,7,Katherine L. Albiani Middle School,8,Pleasant Grove High School,9,Rancho Cordova,38.54987,-121.22408
aAfPc000000wyyHKAQ,The Trails,Woodside Homes,,Active,,,Zephyr,5,4.5,2,3,3952,1098990,11/10/2025,aAaPc000000ON8IKAW,Non Active Adult,95630,Folsom,Sacramento,6067,"Sacramento-Roseville-Folsom, CA",40900,CA,Folsom-Cordova Unified School District,,,Folsom Middle School,8,Folsom High School,10,Folsom,38.64198,-121.10399
aAfPc000000wyyHKAQ,The Trails,Woodside Homes,,Active,,,Tahoma,4,4.5,2,3,3666,1053990,11/10/2025,aAaPc000000ON8JKAW,Non Active Adult,95630,Folsom,Sacramento,6067,"Sacramento-Roseville-Folsom, CA",40900,CA,Folsom-Cordova Unified School District,,,Folsom Middle School,8,Folsom High School,10,Folsom,38.64198,-121.10399
aAfPc000000wyyHKAQ,The Trails,Woodside Homes,,Active,,,Rubicon,4,3.5,2,3,3476,993990,11/10/2025,aAaPc000000ON8KKAW,Non Active Adult,95630,Folsom,Sacramento,6067,"Sacramento-Roseville-Folsom, CA",40900,CA,Folsom-Cordova Unified School District,,,Folsom Middle School,8,Folsom High School,10,Folsom,38.64198,-121.10399
aAfPc000000wyyHKAQ,The Trails,Woodside Homes,,Active,,,Marlette,3,3.5,1,3,2604,945990,11/10/2025,aAaPc000000ON8LKAW,Non Active Adult,95630,Folsom,Sacramento,6067,"Sacramento-Roseville-Folsom, CA",40900,CA,Folsom-Cordova Unified School District,,,Folsom Middle School,8,Folsom High School,10,Folsom,38.64198,-121.10399
aAfPc000000gBWvKAM,Skylar/Express,D.R. Horton,"D.R. Horton, Inc.",Active,,,Plan 1296 A,3,2,2,2,1296,437990,10/10/2025,aAaPc000000PI8DKAW,Non Active Adult,95834,Sacramento,Sacramento,6067,"Sacramento-Roseville-Folsom, CA",40900,CA,Twin Rivers Unified School District,Garden Valley Elementary School,7,Rio Tierra Junior High School,2,Grant Union High School,4,Natomas,38.62833,-121.4823
aAfPc000000gBWvKAM,Skylar/Express,D.R. Horton,"D.R. Horton, Inc.",Active,,,Plan 1387 A,3,2,2,2,1387,426070,10/10/2025,aAaPc000000PIBRKA4,Non Active Adult,95834,Sacramento,Sacramento,6067,"Sacramento-Roseville-Folsom, CA",40900,CA,Twin Rivers Unified School District,Garden Valley Elementary School,7,Rio Tierra Junior High School,2,Grant Union High School,4,Natomas,38.62833,-121.4823
aAfPc000000wxsXKAQ,Summerfield,Woodside Homes,,Active,,,Marigold,4,3,2,2,2312,626990,12/11/2025,aAaPc000000LsHeKAK,Non Active Adult,95747,Roseville,Placer,6061,"Sacramento-Roseville-Folsom, CA",40900,CA,Center Joint Unified School District,,,Wilson C. Riles Middle School,5,Center High,7,Roseville,38.76304,-121.36799
aAfPc000000wxsXKAQ,Summerfield,Woodside Homes,,Active,,,Lupine,3,2.5,2,2,2193,596990,12/11/2025,aAaPc000000LsHfKAK,Non Active Adult,95747,Roseville,Placer,6061,"Sacramento-Roseville-Folsom, CA",40900,CA,Center Joint Unified School District,,,Wilson C. Riles Middle School,5,Center High,7,Roseville,38.76304,-121.36799
aAfPc000000wxsXKAQ,Summerfield,Woodside Homes,,Active,,,Dahlia,4,3,2,2,1989,586990,12/11/2025,aAaPc000000LsHgKAK,Non Active Adult,95747,Roseville,Placer,6061,"Sacramento-Roseville-Folsom, CA",40900,CA,Center Joint Unified School District,,,Wilson C. Riles Middle School,5,Center High,7,Roseville,38.76304,-121.36799
aAfPc000000wxsXKAQ,Summerfield,Woodside Homes,,Active,,,Peony,3,2,1,2,1553,556990,12/11/2025,aAaPc000000LsHhKAK,Non Active Adult,95747,Roseville,Placer,6061,"Sacramento-Roseville-Folsom, CA",40900,CA,Center Joint Unified School District,,,Wilson C. Riles Middle School,5,Center High,7,Roseville,38.76304,-121.36799
aAfPc000000wxsXKAQ,Summerfield,Woodside Homes,,Active,,,Lily,3,2,1,2,1359,534990,9/27/2025,aAaPc000000LsHiKAK,Non Active Adult,95747,Roseville,Placer,6061,"Sacramento-Roseville-Folsom, CA",40900,CA,Center Joint Unified School District,,,Wilson C. Riles Middle School,5,Center High,7,Roseville,38.76304,-121.36799
aAf3x000001Qep6CAC,Pinnacle at Solaire,Beazer Homes,,Active,Solaire,"Sierra Vista Landowners Group, Westpark Communities",Plan 4,4,3,2,2,2468,622990,12/7/2025,aAaPc00000069obKAA,Non Active Adult,95747,Roseville,Placer,6061,"Sacramento-Roseville-Folsom, CA",40900,CA,Center Joint Unified School District,,,Wilson C. Riles Middle School,5,Center High,7,Roseville,38.76519,-121.39146
aAf3x000001Qep6CAC,Pinnacle at Solaire,Beazer Homes,,Active,Solaire,"Sierra Vista Landowners Group, Westpark Communities",Plan 1,3,2,1,2,1564,542990,12/7/2025,aAaPc00000069ocKAA,Non Active Adult,95747,Roseville,Placer,6061,"Sacramento-Roseville-Folsom, CA",40900,CA,Center Joint Unified School District,,,Wilson C. Riles Middle School,5,Center High,7,Roseville,38.76519,-121.39146
aAf3x000001Qep6CAC,Pinnacle at Solaire,Beazer Homes,,Active,Solaire,"Sierra Vista Landowners Group, Westpark Communities",Plan 3,3,2.5,2,1,2102,587990,12/7/2025,aAaPc00000069odKAA,Non Active Adult,95747,Roseville,Placer,6061,"Sacramento-Roseville-Folsom, CA",40900,CA,Center Joint Unified School District,,,Wilson C. Riles Middle School,5,Center High,7,Roseville,38.76519,-121.39146
aAf3x000001Qep6CAC,Pinnacle at Solaire,Beazer Homes,,Active,Solaire,"Sierra Vista Landowners Group, Westpark Communities",Plan 5,5,3.5,2,2,2724,647990,12/7/2025,aAaPc00000069oeKAA,Non Active Adult,95747,Roseville,Placer,6061,"Sacramento-Roseville-Folsom, CA",40900,CA,Center Joint Unified School District,,,Wilson C. Riles Middle School,5,Center High,7,Roseville,38.76519,-121.39146
aAf3x000001Qep6CAC,Pinnacle at Solaire,Beazer Homes,,Active,Solaire,"Sierra Vista Landowners Group, Westpark Communities",Plan 2,4,2.5,2,1,1994,577990,12/7/2025,aAaPc00000069ofKAA,Non Active Adult,95747,Roseville,Placer,6061,"Sacramento-Roseville-Folsom, CA",40900,CA,Center Joint Unified School District,,,Wilson C. Riles Middle School,5,Center High,7,Roseville,38.76519,-121.39146
aAf3x000001QZEKCA4,Wildflower at Winding Creek,Woodside Homes,,Active,Winding Creek,Anthem United,Azalea,5,4.5,2,3,3217,851990,10/25/2025,aAaPc0000001oIOKAY,Non Active Adult,95678,Roseville,Placer,6061,"Sacramento-Roseville-Folsom, CA",40900,CA,Roseville City Elementary School District,,,Robert C. Cooley Middle School,7,West Park High,8,Roseville,38.79986,-121.38063
aAf3x000001QZEKCA4,Wildflower at Winding Creek,Woodside Homes,,Active,Winding Creek,Anthem United,Zinnia,5,4.5,2,3,3041,836990,10/25/2025,aAaPc0000001oIPKAY,Non Active Adult,95678,Roseville,Placer,6061,"Sacramento-Roseville-Folsom, CA",40900,CA,Roseville City Elementary School District,,,Robert C. Cooley Middle School,7,West Park High,8,Roseville,38.79986,-121.38063
aAf3x000001QZEKCA4,Wildflower at Winding Creek,Woodside Homes,,Active,Winding Creek,Anthem United,Lilac,5,4,2,2,2915,815990,10/25/2025,aAaPc0000001oIQKAY,Non Active Adult,95678,Roseville,Placer,6061,"Sacramento-Roseville-Folsom, CA",40900,CA,Roseville City Elementary School District,,,Robert C. Cooley Middle School,7,West Park High,8,Roseville,38.79986,-121.38063
aAf3x000001QZEKCA4,Wildflower at Winding Creek,Woodside Homes,,Active,Winding Creek,Anthem United,Poppy,3,3,1,2,2330,762990,10/25/2025,aAaPc0000001oIRKAY,Non Active Adult,95678,Roseville,Placer,6061,"Sacramento-Roseville-Folsom, CA",40900,CA,Roseville City Elementary School District,,,Robert C. Cooley Middle School,7,West Park High,8,Roseville,38.79986,-121.38063
aAf3x000001QfKXCA0,Esquire at Folsom Ranch,KB Home,,Active,Folsom Ranch,"New Home Co., Westland Capital Partners",Plan 2777 Modeled,5,3.5,2,2,2777,785990,11/24/2025,aAaPc000000BiYvKAK,Non Active Adult,95630,Folsom,Sacramento,6067,"Sacramento-Roseville-Folsom, CA",40900,CA,Folsom-Cordova Unified School District,,,Folsom Middle School,8,Folsom High School,10,Folsom,38.63851,-121.10663
aAf3x000001QfKXCA0,Esquire at Folsom Ranch,KB Home,,Active,Folsom Ranch,"New Home Co., Westland Capital Partners",Plan 2528,4,2.5,2,2,2528,735990,11/24/2025,aAaPc000000BiYwKAK,Non Active Adult,95630,Folsom,Sacramento,6067,"Sacramento-Roseville-Folsom, CA",40900,CA,Folsom-Cordova Unified School District,,,Folsom Middle School,8,Folsom High School,10,Folsom,38.63851,-121.10663
aAf3x000001QfKXCA0,Esquire at Folsom Ranch,KB Home,,Active,Folsom Ranch,"New Home Co., Westland Capital Partners",Plan 2078,4,2.5,2,2,2078,694990,11/24/2025,aAaPc000000BiYxKAK,Non Active Adult,95630,Folsom,Sacramento,6067,"Sacramento-Roseville-Folsom, CA",40900,CA,Folsom-Cordova Unified School District,,,Folsom Middle School,8,Folsom High School,10,Folsom,38.63851,-121.10663
aAf3x000001QfKXCA0,Esquire at Folsom Ranch,KB Home,,Active,Folsom Ranch,"New Home Co., Westland Capital Partners",Plan 1838,3,2.5,2,2,1838,671990,11/24/2025,aAaPc000000BiYyKAK,Non Active Adult,95630,Folsom,Sacramento,6067,"Sacramento-Roseville-Folsom, CA",40900,CA,Folsom-Cordova Unified School District,,,Folsom Middle School,8,Folsom High School,10,Folsom,38.63851,-121.10663
aAf3x000001QfKXCA0,Esquire at Folsom Ranch,KB Home,,Active,Folsom Ranch,"New Home Co., Westland Capital Partners",Plan 1652 Modeled,3,2.5,2,2,1652,653990,11/24/2025,aAaPc000000BiYzKAK,Non Active Adult,95630,Folsom,Sacramento,6067,"Sacramento-Roseville-Folsom, CA",40900,CA,Folsom-Cordova Unified School District,,,Folsom Middle School,8,Folsom High School,10,Folsom,38.63851,-121.10663
aAf3x000001QfKXCA0,Esquire at Folsom Ranch,KB Home,,Active,Folsom Ranch,"New Home Co., Westland Capital Partners",Plan 2355,4,2.5,2,2,2355,714990,11/24/2025,aAaPc000000CCqIKAW,Non Active Adult,95630,Folsom,Sacramento,6067,"Sacramento-Roseville-Folsom, CA",40900,CA,Folsom-Cordova Unified School District,,,Folsom Middle School,8,Folsom High School,10,Folsom,38.63851,-121.10663
aAf3x000001WWujCAG,Montrose at The Ranch,K. Hovnanian Homes,,Active,The Ranch,K. Hovnanian Homes,Gunnison,4,3.5,2,2,2628,650970,12/14/2025,aAa3x000000U94YCAS,Non Active Adult,95742,Rancho Cordova,Sacramento,6067,"Sacramento-Roseville-Folsom, CA",40900,CA,Elk Grove Unified School District,Sunrise Elementary School,7,Katherine L. Albiani Middle School,8,Pleasant Grove High School,9,Rancho Cordova,38.55006,-121.22322
aAf3x000001Wi8XCAS,Long Meadow,Risewell Homes,,Active,,,Plan 5,4,3,2,2,2339,708230,11/5/2025,aAaPc000000sHl6KAE,Non Active Adult,95624,Elk Grove,Sacramento,6067,"Sacramento-Roseville-Folsom, CA",40900,CA,Elk Grove Unified School District,Roy Herburger Elementary School,6,"Edward Harris, Jr. Middle School",6,Monterey Trail High School,7,Laguna / Elk Grove,38.43898,-121.39172
aAf3x000001WfJJCA0,Paseo at The Ranch,K. Hovnanian Homes,,Active,The Ranch,K. Hovnanian Homes,Aruba,3,2.5,2,2,1856,505990,12/14/2025,aAaPc000000T9MKKA0,Non Active Adult,95742,Rancho Cordova,Sacramento,6067,"Sacramento-Roseville-Folsom, CA",40900,CA,Elk Grove Unified School District,Sunrise Elementary School,7,Katherine L. Albiani Middle School,8,Pleasant Grove High School,9,Rancho Cordova,38.55032,-121.22383
aAf3x000001WfJJCA0,Paseo at The Ranch,K. Hovnanian Homes,,Active,The Ranch,K. Hovnanian Homes,Cayman,3,2.5,2,2,1906,495990,12/14/2025,aAaPc000000T9MLKA0,Non Active Adult,95742,Rancho Cordova,Sacramento,6067,"Sacramento-Roseville-Folsom, CA",40900,CA,Elk Grove Unified School District,Sunrise Elementary School,7,Katherine L. Albiani Middle School,8,Pleasant Grove High School,9,Rancho Cordova,38.55032,-121.22383
aAfPc000001bmt7KAA,Cottages at Greenwood,Lennar,,Active,,,Residence 1883,3,2.5,3,2,1883,531990,11/12/2025,aAaPc000000a5HVKAY,Non Active Adult,95632,Galt,Sacramento,6067,"Sacramento-Roseville-Folsom, CA",40900,CA,Galt Joint Union Elementary School District,Lake Canyon Elementary School; Marengo Ranch Elementary School,6; 5,Mccaffrey Middle School,6,Liberty Ranch High School,8,South Sacramento County,38.28974,-121.29784
aAfPc000001bmt7KAA,Cottages at Greenwood,Lennar,,Active,,,Residence 2048,4,3.5,3,2,2048,561990,11/12/2025,aAaPc000000a5HWKAY,Non Active Adult,95632,Galt,Sacramento,6067,"Sacramento-Roseville-Folsom, CA",40900,CA,Galt Joint Union Elementary School District,Lake Canyon Elementary School; Marengo Ranch Elementary School,6; 5,Mccaffrey Middle School,6,Liberty Ranch High School,8,South Sacramento County,38.28974,-121.29784
aAfPc000001bmt7KAA,Cottages at Greenwood,Lennar,,Active,,,Residence 2065,3,3.5,3,2,2065,552990,11/12/2025,aAaPc000000a5HXKAY,Non Active Adult,95632,Galt,Sacramento,6067,"Sacramento-Roseville-Folsom, CA",40900,CA,Galt Joint Union Elementary School District,Lake Canyon Elementary School; Marengo Ranch Elementary School,6; 5,Mccaffrey Middle School,6,Liberty Ranch High School,8,South Sacramento County,38.28974,-121.29784
aAfPc000001bmt7KAA,Cottages at Greenwood,Lennar,,Active,,,Residence 2339,4,3.5,3,2,2339,588990,11/12/2025,aAaPc000000a5HYKAY,Non Active Adult,95632,Galt,Sacramento,6067,"Sacramento-Roseville-Folsom, CA",40900,CA,Galt Joint Union Elementary School District,Lake Canyon Elementary School; Marengo Ranch Elementary School,6; 5,Mccaffrey Middle School,6,Liberty Ranch High School,8,South Sacramento County,38.28974,-121.29784
aAfPc000001gsufKAA,Cedar Glen at Summerfield,Lennar,,Active,,,Residence 2673,4,3,2,3,2673,748131,11/18/2025,aAaPc000000zdzHKAQ,Non Active Adult,95632,Galt,Sacramento,6067,"Sacramento-Roseville-Folsom, CA",40900,CA,Galt Joint Union Elementary School District,Marengo Ranch Elementary School,5,Mccaffrey Middle School,6,Liberty Ranch High School,8,South Sacramento County,38.29343,-121.28235
aAfPc000001gsufKAA,Cedar Glen at Summerfield,Lennar,,Active,,,Residence 3010,5,3,2,3,3010,827812,11/18/2025,aAaPc000000zdzIKAQ,Non Active Adult,95632,Galt,Sacramento,6067,"Sacramento-Roseville-Folsom, CA",40900,CA,Galt Joint Union Elementary School District,Marengo Ranch Elementary School,5,Mccaffrey Middle School,6,Liberty Ranch High School,8,South Sacramento County,38.29343,-121.28235
aAfPc000001gsufKAA,Cedar Glen at Summerfield,Lennar,,Active,,,Residence 3308,4,3.5,2,3,3308,830773,11/18/2025,aAaPc000000zdzJKAQ,Non Active Adult,95632,Galt,Sacramento,6067,"Sacramento-Roseville-Folsom, CA",40900,CA,Galt Joint Union Elementary School District,Marengo Ranch Elementary School,5,Mccaffrey Middle School,6,Liberty Ranch High School,8,South Sacramento County,38.29343,-121.28235
aAfPc000001gsufKAA,Cedar Glen at Summerfield,Lennar,,Active,,,Residence 2788,5,3,2,3,2788,770825,11/18/2025,aAaPc000000zdzKKAQ,Non Active Adult,95632,Galt,Sacramento,6067,"Sacramento-Roseville-Folsom, CA",40900,CA,Galt Joint Union Elementary School District,Marengo Ranch Elementary School,5,Mccaffrey Middle School,6,Liberty Ranch High School,8,South Sacramento County,38.29343,-121.28235
aAfPc000001gsufKAA,Cedar Glen at Summerfield,Lennar,,Active,,,Residence 2760,4,3.5,1,2,2760,749211,11/18/2025,aAaPc000000zdzLKAQ,Non Active Adult,95632,Galt,Sacramento,6067,"Sacramento-Roseville-Folsom, CA",40900,CA,Galt Joint Union Elementary School District,Marengo Ranch Elementary School,5,Mccaffrey Middle School,6,Liberty Ranch High School,8,South Sacramento County,38.29343,-121.28235
aAfPc000001jj8TKAQ,Bristol at Placer One,KB Home,,Active,Placer One,"Taylor Builders, LLC",Plan 2515,4,2,1,2,2515,768990,12/2/2025,aAaPc0000012JkRKAU,Non Active Adult,95747,Roseville,Placer,6061,"Sacramento-Roseville-Folsom, CA",40900,CA,Roseville City Elementary School District,Diamond Creek Elementary School,7,George A. Buljan Middle School,4,West Park High,8,Roseville,38.8153,-121.3231
aAfPc000001jj8TKAQ,Bristol at Placer One,KB Home,,Active,Placer One,"Taylor Builders, LLC",Plan 2321,4,2,1,2,2321,746990,12/2/2025,aAaPc0000012JkSKAU,Non Active Adult,95747,Roseville,Placer,6061,"Sacramento-Roseville-Folsom, CA",40900,CA,Roseville City Elementary School District,Diamond Creek Elementary School,7,George A. Buljan Middle School,4,West Park High,8,Roseville,38.8153,-121.3231
aAfPc000001jj8TKAQ,Bristol at Placer One,KB Home,,Active,Placer One,"Taylor Builders, LLC",Plan 2829,5,2.5,1,2,2829,805990,12/2/2025,aAaPc0000012JkTKAU,Non Active Adult,95747,Roseville,Placer,6061,"Sacramento-Roseville-Folsom, CA",40900,CA,Roseville City Elementary School District,Diamond Creek Elementary School,7,George A. Buljan Middle School,4,West Park High,8,Roseville,38.8153,-121.3231
aAfPc000001Wbn3KAC,Dockside at Delta Shores,Meritage Homes,,Active,,,Residence 2,4,3,1,2,2488,724967,12/10/2025,aAaPc0000010fybKAA,Non Active Adult,95832,Sacramento,Sacramento,6067,"Sacramento-Roseville-Folsom, CA",40900,CA,Sacramento City Unified School District,John H. Still School,4,John H. Still School,4,Luther Burbank High School,4,Pocket / Land Park,38.46038,-121.4978
aAfPc000001Wbn3KAC,Dockside at Delta Shores,Meritage Homes,,Active,,,Residence 1,4,2.5,1,2,2339,711817,12/10/2025,aAaPc0000010fycKAA,Non Active Adult,95832,Sacramento,Sacramento,6067,"Sacramento-Roseville-Folsom, CA",40900,CA,Sacramento City Unified School District,John H. Still School,4,John H. Still School,4,Luther Burbank High School,4,Pocket / Land Park,38.46038,-121.4978
aAfPc000001Wbn3KAC,Dockside at Delta Shores,Meritage Homes,,Active,,,Residence 5,5,3.5,2,3,3127,799166,12/10/2025,aAaPc0000010fydKAA,Non Active Adult,95832,Sacramento,Sacramento,6067,"Sacramento-Roseville-Folsom, CA",40900,CA,Sacramento City Unified School District,John H. Still School,4,John H. Still School,4,Luther Burbank High School,4,Pocket / Land Park,38.46038,-121.4978
aAfPc000001Wbn3KAC,Dockside at Delta Shores,Meritage Homes,,Active,,,Residence 4,4,3,2,3,2951,793212,12/10/2025,aAaPc0000010fyeKAA,Non Active Adult,95832,Sacramento,Sacramento,6067,"Sacramento-Roseville-Folsom, CA",40900,CA,Sacramento City Unified School District,John H. Still School,4,John H. Still School,4,Luther Burbank High School,4,Pocket / Land Park,38.46038,-121.4978
aAfPc000001Wbn3KAC,Dockside at Delta Shores,Meritage Homes,,Active,,,Residence 3,4,3,2,3,2753,768724,12/10/2025,aAaPc0000010fyfKAA,Non Active Adult,95832,Sacramento,Sacramento,6067,"Sacramento-Roseville-Folsom, CA",40900,CA,Sacramento City Unified School District,John H. Still School,4,John H. Still School,4,Luther Burbank High School,4,Pocket / Land Park,38.46038,-121.4978
aAfPc000001d9u5KAA,Cambridge at Placer One,KB Home,,Active,Placer One,"Taylor Builders, LLC",Plan 2124,4,3,2,2,2124,648990,12/9/2025,aAaPc0000011H34KAE,Non Active Adult,,Lincoln,Placer,6061,"Sacramento-Roseville-Folsom, CA",40900,CA,Western Placer Unified School District,Scott M. Leaman,6,Twelve Bridges Middle School,8,Twelve Bridges High School,7,Roseville,38.82919,-121.33136
aAfPc000001d9u5KAA,Cambridge at Placer One,KB Home,,Active,Placer One,"Taylor Builders, LLC",Plan 2390 Modeled,5,3,2,2,2390,700990,12/9/2025,aAaPc0000011H35KAE,Non Active Adult,,Lincoln,Placer,6061,"Sacramento-Roseville-Folsom, CA",40900,CA,Western Placer Unified School District,Scott M. Leaman,6,Twelve Bridges Middle School,8,Twelve Bridges High School,7,Roseville,38.82919,-121.33136
aAfPc000001d9u5KAA,Cambridge at Placer One,KB Home,,Active,Placer One,"Taylor Builders, LLC",Plan 1853,4,3,2,2,1852,590990,12/9/2025,aAaPc0000011H36KAE,Non Active Adult,,Lincoln,Placer,6061,"Sacramento-Roseville-Folsom, CA",40900,CA,Western Placer Unified School District,Scott M. Leaman,6,Twelve Bridges Middle School,8,Twelve Bridges High School,7,Roseville,38.82919,-121.33136
aAfPc000001d9u5KAA,Cambridge at Placer One,KB Home,,Active,Placer One,"Taylor Builders, LLC",Plan 1552 Modeled,3,2,1,2,1552,,12/2/2025,aAaPc0000011H37KAE,Non Active Adult,,Lincoln,Placer,6061,"Sacramento-Roseville-Folsom, CA",40900,CA,Western Placer Unified School District,Scott M. Leaman,6,Twelve Bridges Middle School,8,Twelve Bridges High School,7,Roseville,38.82919,-121.33136
aAfPc000001ndu5KAA,Calabria II at Antelope North,Lennar,,Active,,,Residence 1233,3,2,1,2,1233,538740,12/9/2025,aAaPc0000011sV3KAI,Non Active Adult,95747,Roseville,Placer,6061,"Sacramento-Roseville-Folsom, CA",40900,CA,Center Joint Unified School District,,,Wilson C. Riles Middle School,5,Center High,7,Roseville,38.75706,-121.39038
aAfPc000001ndu5KAA,Calabria II at Antelope North,Lennar,,Active,,,Residence 1431,3,2,1,2,1431,550740,12/9/2025,aAaPc0000011sV4KAI,Non Active Adult,95747,Roseville,Placer,6061,"Sacramento-Roseville-Folsom, CA",40900,CA,Center Joint Unified School District,,,Wilson C. Riles Middle School,5,Center High,7,Roseville,38.75706,-121.39038
aAfPc000001ndu5KAA,Calabria II at Antelope North,Lennar,,Active,,,Residence 1870,4,2.5,2,2,1870,587740,12/9/2025,aAaPc0000011sV5KAI,Non Active Adult,95747,Roseville,Placer,6061,"Sacramento-Roseville-Folsom, CA",40900,CA,Center Joint Unified School District,,,Wilson C. Riles Middle School,5,Center High,7,Roseville,38.75706,-121.39038
aAfPc000001ndu5KAA,Calabria II at Antelope North,Lennar,,Active,,,Residence 1668,4,2,1,2,1666,577740,12/9/2025,aAaPc0000011sV6KAI,Non Active Adult,95747,Roseville,Placer,6061,"Sacramento-Roseville-Folsom, CA",40900,CA,Center Joint Unified School District,,,Wilson C. Riles Middle School,5,Center High,7,Roseville,38.75706,-121.39038
aAfPc000001d9u5KAA,Cambridge at Placer One,KB Home,,Active,Placer One,"Taylor Builders, LLC",Plan 1552 Modeled,3,2,1,2,1552,548990,12/9/2025,aAaPc00000136I2KAI,Non Active Adult,,Lincoln,Placer,6061,"Sacramento-Roseville-Folsom, CA",40900,CA,Western Placer Unified School District,Scott M. Leaman,6,Twelve Bridges Middle School,8,Twelve Bridges High School,7,Roseville,38.82919,-121.33136
aAfPc000001AXWpKAO,Bridgeport at East Village,Meritage Homes,,Active,,,Residence 1,4,3,2,2,2310,650000,12/1/2025,aAaPc000000mlcjKAA,Non Active Adult,95835,Sacramento,Sacramento,6067,"Sacramento-Roseville-Folsom, CA",40900,CA,Twin Rivers Unified School District,Robla Elementary School; Robla Preschool,5; 0,Rio Linda Preparatory Academy; Norwood Junior High School,5; 5,Robla Preschool,0,Natomas,38.67017,-121.49095
aAfPc000001AXWpKAO,Bridgeport at East Village,Meritage Homes,,Active,,,Residence 2,4,3,2,2,2534,658000,12/1/2025,aAaPc000000mlckKAA,Non Active Adult,95835,Sacramento,Sacramento,6067,"Sacramento-Roseville-Folsom, CA",40900,CA,Twin Rivers Unified School District,Robla Elementary School; Robla Preschool,5; 0,Rio Linda Preparatory Academy; Norwood Junior High School,5; 5,Robla Preschool,0,Natomas,38.67017,-121.49095
aAfPc000001AXWpKAO,Bridgeport at East Village,Meritage Homes,,Active,,,Residence 3,4,3,2,2,2765,709917,12/9/2025,aAaPc000000mlclKAA,Non Active Adult,95835,Sacramento,Sacramento,6067,"Sacramento-Roseville-Folsom, CA",40900,CA,Twin Rivers Unified School District,Robla Elementary School; Robla Preschool,5; 0,Rio Linda Preparatory Academy; Norwood Junior High School,5; 5,Robla Preschool,0,Natomas,38.67017,-121.49095
aAfPc000001jgCDKAY,Highline Village at Sierra Vista,JMC Homes,,Active,Sierra Vista (CA),,Plan: 1503,4,3,1,2,1503,589990,11/25/2025,aAaPc000000n4fBKAQ,Non Active Adult,95747,Roseville,Placer,6061,"Sacramento-Roseville-Folsom, CA",40900,CA,Center Joint Unified School District,,,Wilson C. Riles Middle School,5,Center High,7,Roseville,38.76533,-121.37409
aAfPc000001jgCDKAY,Highline Village at Sierra Vista,JMC Homes,,Active,Sierra Vista (CA),,Plan: 1203,3,2,1,2,1203,539990,11/25/2025,aAaPc000000n4gnKAA,Non Active Adult,95747,Roseville,Placer,6061,"Sacramento-Roseville-Folsom, CA",40900,CA,Center Joint Unified School District,,,Wilson C. Riles Middle School,5,Center High,7,Roseville,38.76533,-121.37409
aAfPc000001jgCDKAY,Highline Village at Sierra Vista,JMC Homes,,Active,Sierra Vista (CA),,Plan: 1343,3,2,1,2,1343,569990,11/25/2025,aAaPc000000n4iPKAQ,Non Active Adult,95747,Roseville,Placer,6061,"Sacramento-Roseville-Folsom, CA",40900,CA,Center Joint Unified School District,,,Wilson C. Riles Middle School,5,Center High,7,Roseville,38.76533,-121.37409
aAfPc000001jgCDKAY,Highline Village at Sierra Vista,JMC Homes,,Active,Sierra Vista (CA),,Plan: 1405,3,2,1,2,1405,579990,11/25/2025,aAaPc000000n4k1KAA,Non Active Adult,95747,Roseville,Placer,6061,"Sacramento-Roseville-Folsom, CA",40900,CA,Center Joint Unified School District,,,Wilson C. Riles Middle School,5,Center High,7,Roseville,38.76533,-121.37409
aAfPc000001iSTdKAM,Liberty/Legacy,Meritage Homes,,Active,,,Residence 1,4,3.5,2,2,2484,649000,11/7/2025,aAaPc000000n6CLKAY,Non Active Adult,,Lincoln,Placer,6061,"Sacramento-Roseville-Folsom, CA",40900,CA,Western Placer Unified School District,Scott M. Leaman,6,Twelve Bridges Middle School,8,Twelve Bridges High School,7,Lincoln,38.86085,-121.33284
aAfPc000001iSTdKAM,Liberty/Legacy,Meritage Homes,,Active,,,Residence 2,5,3,2,3,2805,712011,12/5/2025,aAaPc000000n6DxKAI,Non Active Adult,,Lincoln,Placer,6061,"Sacramento-Roseville-Folsom, CA",40900,CA,Western Placer Unified School District,Scott M. Leaman,6,Twelve Bridges Middle School,8,Twelve Bridges High School,7,Lincoln,38.86085,-121.33284
aAfPc000001iSTdKAM,Liberty/Legacy,Meritage Homes,,Active,,,Residence 3,5,3.5,2,3,3173,703990,10/24/2025,aAaPc000000n6FZKAY,Non Active Adult,,Lincoln,Placer,6061,"Sacramento-Roseville-Folsom, CA",40900,CA,Western Placer Unified School District,Scott M. Leaman,6,Twelve Bridges Middle School,8,Twelve Bridges High School,7,Lincoln,38.86085,-121.33284
aAf3x000000UOmkCAG,Soleil,"Premier Homes, LLC",,Active,,,Sol 1,3,2.5,1,2,1719,849900,11/12/2025,aAa3x000000TW4yCAG,Non Active Adult,95746,Granite Bay,Placer,6061,"Sacramento-Roseville-Folsom, CA",40900,CA,Eureka Union School District,Greenhills Elementary School; Ridgeview Elementary School,9; 8,Willma Cavitt Junior High School,9,Granite Bay High School,10,Auburn / Granite Bay,38.74375,-121.16723
aAf3x000000UOmkCAG,Soleil,"Premier Homes, LLC",,Active,,,Sol 2,4,3.5,2,2,2302,930500,11/12/2025,aAa3x000000TW50CAG,Non Active Adult,95746,Granite Bay,Placer,6061,"Sacramento-Roseville-Folsom, CA",40900,CA,Eureka Union School District,Greenhills Elementary School; Ridgeview Elementary School,9; 8,Willma Cavitt Junior High School,9,Granite Bay High School,10,Auburn / Granite Bay,38.74375,-121.16723
aAf3x000000UOmkCAG,Soleil,"Premier Homes, LLC",,Active,,,Sol 3,4,3.5,2,3,2718,1012700,11/12/2025,aAa3x000000TW51CAG,Non Active Adult,95746,Granite Bay,Placer,6061,"Sacramento-Roseville-Folsom, CA",40900,CA,Eureka Union School District,Greenhills Elementary School; Ridgeview Elementary School,9; 8,Willma Cavitt Junior High School,9,Granite Bay High School,10,Auburn / Granite Bay,38.74375,-121.16723
aAf3x000000UOmkCAG,Soleil,"Premier Homes, LLC",,Active,,,Sol 4,3,3.5,2,3,2991,1097700,11/12/2025,aAa3x000000TW52CAG,Non Active Adult,95746,Granite Bay,Placer,6061,"Sacramento-Roseville-Folsom, CA",40900,CA,Eureka Union School District,Greenhills Elementary School; Ridgeview Elementary School,9; 8,Willma Cavitt Junior High School,9,Granite Bay High School,10,Auburn / Granite Bay,38.74375,-121.16723
aAf3x000001WjJgCAK,Excelsior Village at Sierra Vista,JMC Homes,,Active,Sierra Vista (CA),,Plan 2911,4,3,1,3,2911,859990,11/25/2025,aAa3x000000UVtxCAG,Non Active Adult,95747,Roseville,Placer,6061,"Sacramento-Roseville-Folsom, CA",40900,CA,Center Joint Unified School District,,,Wilson C. Riles Middle School,5,Center High,7,Roseville,38.75641,-121.35906
aAf3x000001WjJgCAK,Excelsior Village at Sierra Vista,JMC Homes,,Active,Sierra Vista (CA),,Plan 3487,5,4.5,2,3,3487,1149990,11/25/2025,aAa3x000000UVu2CAG,Non Active Adult,95747,Roseville,Placer,6061,"Sacramento-Roseville-Folsom, CA",40900,CA,Center Joint Unified School District,,,Wilson C. Riles Middle School,5,Center High,7,Roseville,38.75641,-121.35906
aAf3x000001WjJgCAK,Excelsior Village at Sierra Vista,JMC Homes,,Active,Sierra Vista (CA),,Plan 3822,5,5,2,3,3822,1019990,11/25/2025,aAa3x000000UVuMCAW,Non Active Adult,95747,Roseville,Placer,6061,"Sacramento-Roseville-Folsom, CA",40900,CA,Center Joint Unified School District,,,Wilson C. Riles Middle School,5,Center High,7,Roseville,38.75641,-121.35906
aAf3x000001WjJgCAK,Excelsior Village at Sierra Vista,JMC Homes,,Active,Sierra Vista (CA),,Plan 2201,3,3,1,2,2201,754990,11/25/2025,aAa3x000000UVuRCAW,Non Active Adult,95747,Roseville,Placer,6061,"Sacramento-Roseville-Folsom, CA",40900,CA,Center Joint Unified School District,,,Wilson C. Riles Middle School,5,Center High,7,Roseville,38.75641,-121.35906
aAf3x000001WjtfCAC,Rio Del Oro/Sutter,Elliott Homes,,Active,Rio del Oro,"Easton Development Company, LLC",Plan 1566,3,2,1,2,1566,626950,10/15/2025,aAa3x000000Uco8CAC,Non Active Adult,95742,Rancho Cordova,Sacramento,6067,"Sacramento-Roseville-Folsom, CA",40900,CA,Folsom-Cordova Unified School District,Navigator Elementary School,5,W. E. Mitchell Middle School,5,Cordova High School,5,Rancho Cordova,38.59075,-121.25232
aAf3x000001WjtfCAC,Rio Del Oro/Sutter,Elliott Homes,,Active,Rio del Oro,"Easton Development Company, LLC",Plan 1739,3,2,1,2,1739,638950,10/15/2025,aAa3x000000Uco9CAC,Non Active Adult,95742,Rancho Cordova,Sacramento,6067,"Sacramento-Roseville-Folsom, CA",40900,CA,Folsom-Cordova Unified School District,Navigator Elementary School,5,W. E. Mitchell Middle School,5,Cordova High School,5,Rancho Cordova,38.59075,-121.25232
aAf3x000001WjtfCAC,Rio Del Oro/Sutter,Elliott Homes,,Active,Rio del Oro,"Easton Development Company, LLC",Plan 2353,4,2.5,2,2,2353,728950,10/15/2025,aAa3x000000UcoACAS,Non Active Adult,95742,Rancho Cordova,Sacramento,6067,"Sacramento-Roseville-Folsom, CA",40900,CA,Folsom-Cordova Unified School District,Navigator Elementary School,5,W. E. Mitchell Middle School,5,Cordova High School,5,Rancho Cordova,38.59075,-121.25232
aAf3x000001WjtfCAC,Rio Del Oro/Sutter,Elliott Homes,,Active,Rio del Oro,"Easton Development Company, LLC",Plan 1928,4,3,1,2,1928,658950,10/15/2025,aAa3x000000UcoBCAS,Non Active Adult,95742,Rancho Cordova,Sacramento,6067,"Sacramento-Roseville-Folsom, CA",40900,CA,Folsom-Cordova Unified School District,Navigator Elementary School,5,W. E. Mitchell Middle School,5,Cordova High School,5,Rancho Cordova,38.59075,-121.25232
aAf3x000001Who0CAC,Wrenwood at Whitney Ranch,JMC Homes,,Active,Whitney Ranch,"Sunset Ranchos Investors, LLC",Plan 2356,3,2.5,2,2,2356,829990,11/25/2025,aAa3x000000UZ1TCAW,Non Active Adult,95648,Lincoln,Placer,6061,"Sacramento-Roseville-Folsom, CA",40900,CA,Western Placer Unified School District,Twelve Bridges Elementary School,7,Twelve Bridges Middle School,8,Twelve Bridges High School,7,Lincoln,38.84029,-121.25917
aAf3x000001QGPGCA4,Northlake/Drifton,Lennar,,Active,Northlake,"Integral Communities, Lennar",Residence 2282,4,2.5,1,2,2282,681990,12/4/2025,aAa3x000000YH28CAG,Non Active Adult,95835,Sacramento,Sacramento,6067,"Sacramento-Roseville-Folsom, CA",40900,CA,Twin Rivers Unified School District,Regency Park Elementary School,7,Rio Linda Preparatory Academy; Norwood Junior High School,5; 5,,,Natomas,38.68737,-121.55224
aAf3x000001QGPGCA4,Northlake/Drifton,Lennar,,Active,Northlake,"Integral Communities, Lennar",Residence 2964,5,3,2,2,2964,836537,12/4/2025,aAa3x000000YH2DCAW,Non Active Adult,95835,Sacramento,Sacramento,6067,"Sacramento-Roseville-Folsom, CA",40900,CA,Twin Rivers Unified School District,Regency Park Elementary School,7,Rio Linda Preparatory Academy; Norwood Junior High School,5; 5,,,Natomas,38.68737,-121.55224
aAf3x000001QGPGCA4,Northlake/Drifton,Lennar,,Active,Northlake,"Integral Communities, Lennar",Residence 3104,5,3,2,2,3104,834668,12/4/2025,aAa3x000000YH2ICAW,Non Active Adult,95835,Sacramento,Sacramento,6067,"Sacramento-Roseville-Folsom, CA",40900,CA,Twin Rivers Unified School District,Regency Park Elementary School,7,Rio Linda Preparatory Academy; Norwood Junior High School,5; 5,,,Natomas,38.68737,-121.55224
aAf3x000001QGPGCA4,Northlake/Drifton,Lennar,,Active,Northlake,"Integral Communities, Lennar",Residence 3131,4,3.5,2,3,3131,878636,12/4/2025,aAa3x000000ZuP9CAK,Non Active Adult,95835,Sacramento,Sacramento,6067,"Sacramento-Roseville-Folsom, CA",40900,CA,Twin Rivers Unified School District,Regency Park Elementary School,7,Rio Linda Preparatory Academy; Norwood Junior High School,5; 5,,,Natomas,38.68737,-121.55224
aAf3x000001QGPGCA4,Northlake/Drifton,Lennar,,Active,Northlake,"Integral Communities, Lennar",Residence 3308,4,3.5,2,3,3308,887715,12/4/2025,aAa3x000000ZuPACA0,Non Active Adult,95835,Sacramento,Sacramento,6067,"Sacramento-Roseville-Folsom, CA",40900,CA,Twin Rivers Unified School District,Regency Park Elementary School,7,Rio Linda Preparatory Academy; Norwood Junior High School,5; 5,,,Natomas,38.68737,-121.55224
aAf3x000001QGPGCA4,Northlake/Drifton,Lennar,,Active,Northlake,"Integral Communities, Lennar",Residence 3410,5,3.5,2,2,3410,944863,12/4/2025,aAa3x000000ZuPBCA0,Non Active Adult,95835,Sacramento,Sacramento,6067,"Sacramento-Roseville-Folsom, CA",40900,CA,Twin Rivers Unified School District,Regency Park Elementary School,7,Rio Linda Preparatory Academy; Norwood Junior High School,5; 5,,,Natomas,38.68737,-121.55224
aAf3x000001QGP1CAO,Northlake/Wavmor,Lennar,,Active,Northlake,"Integral Communities, Lennar",Residence 2127,3,3,2,2,2127,670990,12/4/2025,aAa3x000000ZwHpCAK,Non Active Adult,95835,Sacramento,Sacramento,6067,"Sacramento-Roseville-Folsom, CA",40900,CA,Twin Rivers Unified School District,Regency Park Elementary School,7,Rio Linda Preparatory Academy; Norwood Junior High School,5; 5,,,Natomas,38.68737,-121.55224
aAf3x000001QGP1CAO,Northlake/Wavmor,Lennar,,Active,Northlake,"Integral Communities, Lennar",Residence 2386,4,3,2,2,2386,709990,12/4/2025,aAa3x000000ZwHqCAK,Non Active Adult,95835,Sacramento,Sacramento,6067,"Sacramento-Roseville-Folsom, CA",40900,CA,Twin Rivers Unified School District,Regency Park Elementary School,7,Rio Linda Preparatory Academy; Norwood Junior High School,5; 5,,,Natomas,38.68737,-121.55224
aAf3x000001QGP1CAO,Northlake/Wavmor,Lennar,,Active,Northlake,"Integral Communities, Lennar",Residence 2612,5,3,2,2,2612,693990,12/4/2025,aAa3x000000ZwHrCAK,Non Active Adult,95835,Sacramento,Sacramento,6067,"Sacramento-Roseville-Folsom, CA",40900,CA,Twin Rivers Unified School District,Regency Park Elementary School,7,Rio Linda Preparatory Academy; Norwood Junior High School,5; 5,,,Natomas,38.68737,-121.55224
aAf3x000001QGP1CAO,Northlake/Wavmor,Lennar,,Active,Northlake,"Integral Communities, Lennar",Residence 2776,4,3.5,2,2,2776,746990,12/4/2025,aAa3x000000ZwHsCAK,Non Active Adult,95835,Sacramento,Sacramento,6067,"Sacramento-Roseville-Folsom, CA",40900,CA,Twin Rivers Unified School District,Regency Park Elementary School,7,Rio Linda Preparatory Academy; Norwood Junior High School,5; 5,,,Natomas,38.68737,-121.55224
aAf3x000001YjiLCAS,Esplanade at Turkey Creek/Estates,Taylor Morrison,,Active,,,Estates Basin,2,2,1,3,2528,808999,11/20/2025,aAa3x000000gxmSCAQ,Active Adult,95648,Lincoln,Placer,6061,"Sacramento-Roseville-Folsom, CA",40900,CA,Western Placer Unified School District,Carlin C. Coppin Elementary School,5,Glen Edwards Middle School,5,Lincoln High School,6,Lincoln,38.89153,-121.27753
aAf3x000001YjiLCAS,Esplanade at Turkey Creek/Estates,Taylor Morrison,,Active,,,Estates Glacier,2,2.5,1,3,2655,828999,11/20/2025,aAa3x000000gxmXCAQ,Active Adult,95648,Lincoln,Placer,6061,"Sacramento-Roseville-Folsom, CA",40900,CA,Western Placer Unified School District,Carlin C. Coppin Elementary School,5,Glen Edwards Middle School,5,Lincoln High School,6,Lincoln,38.89153,-121.27753
aAf3x000001YjiLCAS,Esplanade at Turkey Creek/Estates,Taylor Morrison,,Active,,,Harbor,2,3,1,3,2823,858999,11/20/2025,aAa3x000000gxmcCAA,Active Adult,95648,Lincoln,Placer,6061,"Sacramento-Roseville-Folsom, CA",40900,CA,Western Placer Unified School District,Carlin C. Coppin Elementary School,5,Glen Edwards Middle School,5,Lincoln High School,6,Lincoln,38.89153,-121.27753
aAf3x000001YjiLCAS,Esplanade at Turkey Creek/Estates,Taylor Morrison,,Active,,,Estates Meadow,3,3.5,1,3,2985,878999,11/20/2025,aAa3x000000gxmhCAA,Active Adult,95648,Lincoln,Placer,6061,"Sacramento-Roseville-Folsom, CA",40900,CA,Western Placer Unified School District,Carlin C. Coppin Elementary School,5,Glen Edwards Middle School,5,Lincoln High School,6,Lincoln,38.89153,-121.27753
aAfPc000000MZtpKAG,Sutters Ridge,Williams Homes,,Active,,,Plan 1,3,2.5,1,2,1759,612537,12/5/2025,aAaPc0000007ldFKAQ,Non Active Adult,95667,Placerville,El Dorado,6017,"Sacramento-Roseville-Folsom, CA",40900,CA,Placerville Union Elementary School District,,,,,El Dorado High School,7,Placerville,38.73833,-120.79425
aAfPc000000MZtpKAG,Sutters Ridge,Williams Homes,,Active,,,Plan 3,4,3.5,2,2,2782,704990,12/5/2025,aAaPc0000008kerKAA,Non Active Adult,95667,Placerville,El Dorado,6017,"Sacramento-Roseville-Folsom, CA",40900,CA,Placerville Union Elementary School District,,,,,El Dorado High School,7,Placerville,38.73833,-120.79425
aAf3x000001QeDXCA0,Park at Granite Bay,Woodside Homes,,Active,,,Westbury,5,5.5,2,3,3948,1248990,11/13/2025,aAaPc000000BDLEKA4,Non Active Adult,95661,Granite Bay,Placer,6061,"Sacramento-Roseville-Folsom, CA",40900,CA,Eureka Union School District,Maidu Elementary School; Excelsior Elementary School,8; 7,Olympus Junior High School,9,Granite Bay High School,10,Roseville,38.72614,-121.22675
aAf3x000001QeDXCA0,Park at Granite Bay,Woodside Homes,,Active,,,Carnegie,5,4.5,2,3,3536,1188990,11/13/2025,aAaPc000000BDLFKA4,Non Active Adult,95661,Granite Bay,Placer,6061,"Sacramento-Roseville-Folsom, CA",40900,CA,Eureka Union School District,Maidu Elementary School; Excelsior Elementary School,8; 7,Olympus Junior High School,9,Granite Bay High School,10,Roseville,38.72614,-121.22675
aAf3x000001QeDXCA0,Park at Granite Bay,Woodside Homes,,Active,,,Lexington,4,3.5,1,3,2925,1098990,11/13/2025,aAaPc000000BDLGKA4,Non Active Adult,95661,Granite Bay,Placer,6061,"Sacramento-Roseville-Folsom, CA",40900,CA,Eureka Union School District,Maidu Elementary School; Excelsior Elementary School,8; 7,Olympus Junior High School,9,Granite Bay High School,10,Roseville,38.72614,-121.22675
aAf3x000001QeDXCA0,Park at Granite Bay,Woodside Homes,,Active,,,Saratoga,3,2.5,1,3,2660,1013990,11/13/2025,aAaPc000000BDLHKA4,Non Active Adult,95661,Granite Bay,Placer,6061,"Sacramento-Roseville-Folsom, CA",40900,CA,Eureka Union School District,Maidu Elementary School; Excelsior Elementary School,8; 7,Olympus Junior High School,9,Granite Bay High School,10,Roseville,38.72614,-121.22675
aAfPc0000009YTtKAM,Heritage Carson Creek/Legends,Lennar,,Active,,,Residence 1903,3,2,1,2,1903,613990,12/1/2025,aAaPc000000FtiXKAS,Active Adult,95762,El Dorado Hills,El Dorado,6017,"Sacramento-Roseville-Folsom, CA",40900,CA,Latrobe School District,Latrobe Elementary School; Miller's Hill School,10; 7,Oak Ridge High School; Miller's Hill School,10; 7,Oak Ridge High School,10,El Dorado Hills,38.62161,-121.0677
aAfPc0000009YTtKAM,Heritage Carson Creek/Legends,Lennar,,Active,,,Residence 2079,2,2.5,1,2,2079,695342,12/1/2025,aAaPc000000Ftk9KAC,Active Adult,95762,El Dorado Hills,El Dorado,6017,"Sacramento-Roseville-Folsom, CA",40900,CA,Latrobe School District,Latrobe Elementary School; Miller's Hill School,10; 7,Oak Ridge High School; Miller's Hill School,10; 7,Oak Ridge High School,10,El Dorado Hills,38.62161,-121.0677
aAfPc0000009YTtKAM,Heritage Carson Creek/Legends,Lennar,,Active,,,Residence 2246,3,3,1,2,2246,689112,12/1/2025,aAaPc000000FtllKAC,Active Adult,95762,El Dorado Hills,El Dorado,6017,"Sacramento-Roseville-Folsom, CA",40900,CA,Latrobe School District,Latrobe Elementary School; Miller's Hill School,10; 7,Oak Ridge High School; Miller's Hill School,10; 7,Oak Ridge High School,10,El Dorado Hills,38.62161,-121.0677
aAfPc0000009YTtKAM,Heritage Carson Creek/Legends,Lennar,,Active,,,Residence 2423,3,2.5,1,2,2423,679738,12/1/2025,aAaPc000000FtnNKAS,Active Adult,95762,El Dorado Hills,El Dorado,6017,"Sacramento-Roseville-Folsom, CA",40900,CA,Latrobe School District,Latrobe Elementary School; Miller's Hill School,10; 7,Oak Ridge High School; Miller's Hill School,10; 7,Oak Ridge High School,10,El Dorado Hills,38.62161,-121.0677
aAfPc0000009YTtKAM,Heritage Carson Creek/Legends,Lennar,,Active,,,Residence 2567,3,3,1,2,2567,716717,12/1/2025,aAaPc000000FtozKAC,Active Adult,95762,El Dorado Hills,El Dorado,6017,"Sacramento-Roseville-Folsom, CA",40900,CA,Latrobe School District,Latrobe Elementary School; Miller's Hill School,10; 7,Oak Ridge High School; Miller's Hill School,10; 7,Oak Ridge High School,10,El Dorado Hills,38.62161,-121.0677
aAfPc000000yZ2vKAE,Gateway Common,Haldeman Homes,,Active,,,Model A,3,3,2,0,1564,672000,11/2/2025,aAaPc000000GuMPKA0,Non Active Adult,95603,North Auburn,Placer,6061,"Sacramento-Roseville-Folsom, CA",40900,CA,Auburn Union Elementary School District,Auburn Elementary School,2,EV Cain Middle,4,Placer High School,8,Auburn / Granite Bay,38.93932,-121.09429
aAfPc000000yZ2vKAE,Gateway Common,Haldeman Homes,,Active,,,Model B,2,2,1,0,954,529000,11/2/2025,aAaPc000000GuO1KAK,Non Active Adult,95603,North Auburn,Placer,6061,"Sacramento-Roseville-Folsom, CA",40900,CA,Auburn Union Elementary School District,Auburn Elementary School,2,EV Cain Middle,4,Placer High School,8,Auburn / Granite Bay,38.93932,-121.09429
aAfPc0000009y8DKAQ,Rialto/Twelve Bridges,Century Communities,"Century Communities, Inc.",Active,Twelve Bridges,"Placer Holdings, Inc.",Plan 1,4,3.5,0,2,2259,621990,12/3/2025,aAaPc000000C755KAC,Non Active Adult,95648,Lincoln,Placer,6061,"Sacramento-Roseville-Folsom, CA",40900,CA,Western Placer Unified School District,Twelve Bridges Elementary School,7,Twelve Bridges Middle School,8,Twelve Bridges High School,7,Lincoln,38.8559,-121.29072
aAfPc0000009y8DKAQ,Rialto/Twelve Bridges,Century Communities,"Century Communities, Inc.",Active,Twelve Bridges,"Placer Holdings, Inc.",Plan 2,4,3.5,0,2,2280,626990,12/3/2025,aAaPc000000C756KAC,Non Active Adult,95648,Lincoln,Placer,6061,"Sacramento-Roseville-Folsom, CA",40900,CA,Western Placer Unified School District,Twelve Bridges Elementary School,7,Twelve Bridges Middle School,8,Twelve Bridges High School,7,Lincoln,38.8559,-121.29072
aAfPc0000009y8DKAQ,Rialto/Twelve Bridges,Century Communities,"Century Communities, Inc.",Active,Twelve Bridges,"Placer Holdings, Inc.",Plan 3 - 2431,4,3,0,2,2431,634990,11/6/2025,aAaPc000000C757KAC,Non Active Adult,95648,Lincoln,Placer,6061,"Sacramento-Roseville-Folsom, CA",40900,CA,Western Placer Unified School District,Twelve Bridges Elementary School,7,Twelve Bridges Middle School,8,Twelve Bridges High School,7,Lincoln,38.8559,-121.29072
aAfPc000000MZtpKAG,Sutters Ridge,Williams Homes,,Active,,,Plan 2,4,3.5,2,2,2248,664514,12/5/2025,aAaPc000000DT6lKAG,Non Active Adult,95667,Placerville,El Dorado,6017,"Sacramento-Roseville-Folsom, CA",40900,CA,Placerville Union Elementary School District,,,,,El Dorado High School,7,Placerville,38.73833,-120.79425
aAf3x000000UOmkCAG,Soleil,"Premier Homes, LLC",,Active,,,Sol 1+,2,2.5,2,2,2496,953700,11/12/2025,aAaPc000000IqA5KAK,Non Active Adult,95746,Granite Bay,Placer,6061,"Sacramento-Roseville-Folsom, CA",40900,CA,Eureka Union School District,Greenhills Elementary School; Ridgeview Elementary School,9; 8,Willma Cavitt Junior High School,9,Granite Bay High School,10,Auburn / Granite Bay,38.74375,-121.16723
aAfPc000001Xch3KAC,Juniper at Winding Creek,TRI Pointe Homes,"TRI Pointe Homes, Inc.",Active,Winding Creek,Anthem United,Plan 2,4,3.5,2,3,3197,858912,11/5/2025,aAaPc000000Xg7dKAC,Non Active Adult,95747,Roseville,Placer,6061,"Sacramento-Roseville-Folsom, CA",40900,CA,Roseville City Elementary School District,,,Robert C. Cooley Middle School,7,West Park High,8,Roseville,38.80316,-121.37998
aAfPc000001Xch3KAC,Juniper at Winding Creek,TRI Pointe Homes,"TRI Pointe Homes, Inc.",Active,Winding Creek,Anthem United,Plan 1,4,3,2,3,2870,765183,12/11/2025,aAaPc000000Xg7eKAC,Non Active Adult,95747,Roseville,Placer,6061,"Sacramento-Roseville-Folsom, CA",40900,CA,Roseville City Elementary School District,,,Robert C. Cooley Middle School,7,West Park High,8,Roseville,38.80316,-121.37998
aAfPc000001Xch3KAC,Juniper at Winding Creek,TRI Pointe Homes,"TRI Pointe Homes, Inc.",Active,Winding Creek,Anthem United,Plan 3,5,4.5,2,3,3542,870539,11/5/2025,aAaPc000000Xg7fKAC,Non Active Adult,95747,Roseville,Placer,6061,"Sacramento-Roseville-Folsom, CA",40900,CA,Roseville City Elementary School District,,,Robert C. Cooley Middle School,7,West Park High,8,Roseville,38.80316,-121.37998
aAfPc0000015ANxKAM,Season at the Ranch/Spring,K. Hovnanian Homes,,Active,The Ranch,K. Hovnanian Homes,Bernstein,2,2,1,2,1670,524310,10/24/2025,aAaPc000000Z2TZKA0,Non Active Adult,95742,Rancho Cordova,Sacramento,6067,"Sacramento-Roseville-Folsom, CA",40900,CA,Elk Grove Unified School District,Sunrise Elementary School,7,Katherine L. Albiani Middle School,8,Pleasant Grove High School,9,Rancho Cordova,38.54358,-121.21169
aAfPc0000015ANxKAM,Season at the Ranch/Spring,K. Hovnanian Homes,,Active,The Ranch,K. Hovnanian Homes,Davis,2,2.5,1,2,1758,545390,10/24/2025,aAaPc000000Z2VBKA0,Non Active Adult,95742,Rancho Cordova,Sacramento,6067,"Sacramento-Roseville-Folsom, CA",40900,CA,Elk Grove Unified School District,Sunrise Elementary School,7,Katherine L. Albiani Middle School,8,Pleasant Grove High School,9,Rancho Cordova,38.54358,-121.21169
aAfPc0000015ANxKAM,Season at the Ranch/Spring,K. Hovnanian Homes,,Active,The Ranch,K. Hovnanian Homes,Jenkins,2,2,1,2,1978,549290,10/24/2025,aAaPc000000Z2WnKAK,Non Active Adult,95742,Rancho Cordova,Sacramento,6067,"Sacramento-Roseville-Folsom, CA",40900,CA,Elk Grove Unified School District,Sunrise Elementary School,7,Katherine L. Albiani Middle School,8,Pleasant Grove High School,9,Rancho Cordova,38.54358,-121.21169
aAfPc000001a5aFKAQ,Sendero at Folsom Ranch,TRI Pointe Homes,"TRI Pointe Homes, Inc.",Active,Folsom Ranch,"New Home Co., Westland Capital Partners",Plan 3,4,3,2,2,1870,631216,11/15/2025,aAaPc000000Z5pLKAS,Non Active Adult,95630,Folsom,Sacramento,6067,"Sacramento-Roseville-Folsom, CA",40900,CA,Folsom-Cordova Unified School District,Mangini Ranch Elementary,8,Folsom Middle School,8,Folsom High School,10,Folsom,38.62484,-121.10789
aAfPc000001a5aFKAQ,Sendero at Folsom Ranch,TRI Pointe Homes,"TRI Pointe Homes, Inc.",Active,Folsom Ranch,"New Home Co., Westland Capital Partners",Plan 2,4,3,2,2,1636,585000,11/21/2025,aAaPc000000ZJYlKAO,Non Active Adult,95630,Folsom,Sacramento,6067,"Sacramento-Roseville-Folsom, CA",40900,CA,Folsom-Cordova Unified School District,Mangini Ranch Elementary,8,Folsom Middle School,8,Folsom High School,10,Folsom,38.62484,-121.10789
aAfPc000001a5aFKAQ,Sendero at Folsom Ranch,TRI Pointe Homes,"TRI Pointe Homes, Inc.",Active,Folsom Ranch,"New Home Co., Westland Capital Partners",Plan 1,3,2,2,2,1566,522430,11/15/2025,aAaPc000000ZJYmKAO,Non Active Adult,95630,Folsom,Sacramento,6067,"Sacramento-Roseville-Folsom, CA",40900,CA,Folsom-Cordova Unified School District,Mangini Ranch Elementary,8,Folsom Middle School,8,Folsom High School,10,Folsom,38.62484,-121.10789
aAfPc000001NkxfKAC,Cyan at The Preserve,Lennar,,Active,,,RESIDENCE 1765,3,2.5,2,2,1765,540990,12/4/2025,aAaPc000000S6AmKAK,Non Active Adult,95742,Rancho Cordova,Sacramento,6067,"Sacramento-Roseville-Folsom, CA",40900,CA,Elk Grove Unified School District,Sunrise Elementary School,7,Katherine L. Albiani Middle School,8,Pleasant Grove High School,9,Rancho Cordova,38.54207,-121.20228
aAfPc000001NkxfKAC,Cyan at The Preserve,Lennar,,Active,,,RESIDENCE 2179,4,3,2,2,2179,591990,12/4/2025,aAaPc000000S6AnKAK,Non Active Adult,95742,Rancho Cordova,Sacramento,6067,"Sacramento-Roseville-Folsom, CA",40900,CA,Elk Grove Unified School District,Sunrise Elementary School,7,Katherine L. Albiani Middle School,8,Pleasant Grove High School,9,Rancho Cordova,38.54207,-121.20228
aAfPc000001NkxfKAC,Cyan at The Preserve,Lennar,,Active,,,RESIDENCE 1941,3,2.5,2,2,1941,563990,12/4/2025,aAaPc000000S6AoKAK,Non Active Adult,95742,Rancho Cordova,Sacramento,6067,"Sacramento-Roseville-Folsom, CA",40900,CA,Elk Grove Unified School District,Sunrise Elementary School,7,Katherine L. Albiani Middle School,8,Pleasant Grove High School,9,Rancho Cordova,38.54207,-121.20228
aAfPc000001NkxfKAC,Cyan at The Preserve,Lennar,,Active,,,RESIDENCE 2018,4,3,2,2,2018,585990,12/4/2025,aAaPc000000S6ApKAK,Non Active Adult,95742,Rancho Cordova,Sacramento,6067,"Sacramento-Roseville-Folsom, CA",40900,CA,Elk Grove Unified School District,Sunrise Elementary School,7,Katherine L. Albiani Middle School,8,Pleasant Grove High School,9,Rancho Cordova,38.54207,-121.20228
aAfPc000001NkxhKAC,Azure at The Preserve,Lennar,,Active,,,RESIDENCE 2127,3,3,2,2,2127,629990,12/4/2025,aAaPc000000S6AvKAK,Non Active Adult,95742,Rancho Cordova,Sacramento,6067,"Sacramento-Roseville-Folsom, CA",40900,CA,Elk Grove Unified School District,Sunrise Elementary School,7,Katherine L. Albiani Middle School,8,Pleasant Grove High School,9,Rancho Cordova,38.54207,-121.20228
aAfPc000001NkxhKAC,Azure at The Preserve,Lennar,,Active,,,RESIDENCE 2386,4,3,2,2,2386,660990,12/4/2025,aAaPc000000S6AwKAK,Non Active Adult,95742,Rancho Cordova,Sacramento,6067,"Sacramento-Roseville-Folsom, CA",40900,CA,Elk Grove Unified School District,Sunrise Elementary School,7,Katherine L. Albiani Middle School,8,Pleasant Grove High School,9,Rancho Cordova,38.54207,-121.20228
aAfPc000001NkxhKAC,Azure at The Preserve,Lennar,,Active,,,RESIDENCE 2612,5,3,2,2,2612,683990,12/4/2025,aAaPc000000S6AxKAK,Non Active Adult,95742,Rancho Cordova,Sacramento,6067,"Sacramento-Roseville-Folsom, CA",40900,CA,Elk Grove Unified School District,Sunrise Elementary School,7,Katherine L. Albiani Middle School,8,Pleasant Grove High School,9,Rancho Cordova,38.54207,-121.20228
aAfPc000001IuXpKAK,Redwood IV at Vineyard Park,Lennar,,Active,,,RESIDENCE 2161,4,3,1,3,2161,685990,12/4/2025,aAaPc000000PV5eKAG,Non Active Adult,95829,Sacramento,Sacramento,6067,"Sacramento-Roseville-Folsom, CA",40900,CA,Elk Grove Unified School District,Sierra-Enterprise Elementary School,6,Katherine L. Albiani Middle School,8,Pleasant Grove High School,9,Florin / Vineyard,38.49147,-121.37285
aAfPc000001IuXpKAK,Redwood IV at Vineyard Park,Lennar,,Active,,,RESIDENCE 3141,5,3.5,2,3,3141,759990,12/4/2025,aAaPc000000PV5fKAG,Non Active Adult,95829,Sacramento,Sacramento,6067,"Sacramento-Roseville-Folsom, CA",40900,CA,Elk Grove Unified School District,Sierra-Enterprise Elementary School,6,Katherine L. Albiani Middle School,8,Pleasant Grove High School,9,Florin / Vineyard,38.49147,-121.37285
aAfPc000001IuXpKAK,Redwood IV at Vineyard Park,Lennar,,Active,,,RESIDENCE 3427,5,3.5,2,3,3427,787990,12/4/2025,aAaPc000000PV5gKAG,Non Active Adult,95829,Sacramento,Sacramento,6067,"Sacramento-Roseville-Folsom, CA",40900,CA,Elk Grove Unified School District,Sierra-Enterprise Elementary School,6,Katherine L. Albiani Middle School,8,Pleasant Grove High School,9,Florin / Vineyard,38.49147,-121.37285
aAfPc000001IuXpKAK,Redwood IV at Vineyard Park,Lennar,,Active,,,RESIDENCE 1950,3,2,1,2,1950,681990,12/4/2025,aAaPc000000PV5hKAG,Non Active Adult,95829,Sacramento,Sacramento,6067,"Sacramento-Roseville-Folsom, CA",40900,CA,Elk Grove Unified School District,Sierra-Enterprise Elementary School,6,Katherine L. Albiani Middle School,8,Pleasant Grove High School,9,Florin / Vineyard,38.49147,-121.37285
aAfPc000001IuXpKAK,Redwood IV at Vineyard Park,Lennar,,Active,,,RESIDENCE 2689,4,3,2,3,2689,754990,12/4/2025,aAaPc000000PV5iKAG,Non Active Adult,95829,Sacramento,Sacramento,6067,"Sacramento-Roseville-Folsom, CA",40900,CA,Elk Grove Unified School District,Sierra-Enterprise Elementary School,6,Katherine L. Albiani Middle School,8,Pleasant Grove High School,9,Florin / Vineyard,38.49147,-121.37285
aAfPc000001cPknKAE,Melody at Arbor Ranch,Lennar,,Active,,,Residence 1651,4,2.5,2,2,1651,612251,12/4/2025,aAaPc000000bf4OKAQ,Non Active Adult,95757,Elk Grove,Sacramento,6067,"Sacramento-Roseville-Folsom, CA",40900,CA,Elk Grove Unified School District,Zehnder Ranch Elementary,8,Elizabeth Pinkerton Middle School,8,Cosumnes Oaks High School,10,Laguna / Elk Grove,38.38656,-121.40419
aAfPc000001ct7vKAA,Vernon at Liberty Ranch,Meritage Homes,,Active,,,Residence 4,4,3,2,3,2916,743431,10/13/2025,aAaPc000000cKo4KAE,Non Active Adult,95632,Galt,Sacramento,6067,"Sacramento-Roseville-Folsom, CA",40900,CA,Galt Joint Union Elementary School District,Marengo Ranch Elementary School,5,Mccaffrey Middle School,6,Liberty Ranch High School,8,South Sacramento County,38.28052,-121.27939
aAfPc000001ct7vKAA,Vernon at Liberty Ranch,Meritage Homes,,Active,,,Residence 3,4,3,2,2,2698,725043,10/13/2025,aAaPc000000cKo5KAE,Non Active Adult,95632,Galt,Sacramento,6067,"Sacramento-Roseville-Folsom, CA",40900,CA,Galt Joint Union Elementary School District,Marengo Ranch Elementary School,5,Mccaffrey Middle School,6,Liberty Ranch High School,8,South Sacramento County,38.28052,-121.27939
aAfPc000001ct7vKAA,Vernon at Liberty Ranch,Meritage Homes,,Active,,,Residence 2,4,3,1,2,2515,717764,10/13/2025,aAaPc000000dANrKAM,Non Active Adult,95632,Galt,Sacramento,6067,"Sacramento-Roseville-Folsom, CA",40900,CA,Galt Joint Union Elementary School District,Marengo Ranch Elementary School,5,Mccaffrey Middle School,6,Liberty Ranch High School,8,South Sacramento County,38.28052,-121.27939
aAfPc000001ct7vKAA,Vernon at Liberty Ranch,Meritage Homes,,Active,,,Residence 1,4,2.5,1,2,2239,650000,10/13/2025,aAaPc000000dANsKAM,Non Active Adult,95632,Galt,Sacramento,6067,"Sacramento-Roseville-Folsom, CA",40900,CA,Galt Joint Union Elementary School District,Marengo Ranch Elementary School,5,Mccaffrey Middle School,6,Liberty Ranch High School,8,South Sacramento County,38.28052,-121.27939
aAfPc000001XcdpKAC,Porter and Main,Fieldstone Communities,,Active,,,Residence 1,3,3.5,1,2,2556,808900,10/22/2025,aAaPc000000dUxVKAU,Non Active Adult,95678,Roseville,Placer,6061,"Sacramento-Roseville-Folsom, CA",40900,CA,Roseville City Elementary School District,William Kaseberg Elementary School,7,George A. Buljan Middle School,4,Roseville High School,8,Roseville,38.75298,-121.30271
aAfPc000001XcdpKAC,Porter and Main,Fieldstone Communities,,Active,,,Residence 2,4,3.5,1,2,2587,825900,10/22/2025,aAaPc000000dUz7KAE,Non Active Adult,95678,Roseville,Placer,6061,"Sacramento-Roseville-Folsom, CA",40900,CA,Roseville City Elementary School District,William Kaseberg Elementary School,7,George A. Buljan Middle School,4,Roseville High School,8,Roseville,38.75298,-121.30271
aAfPc000001XcdpKAC,Porter and Main,Fieldstone Communities,,Active,,,Residence 3,5,4,2,2,3110,898000,10/22/2025,aAaPc000000dV0jKAE,Non Active Adult,95678,Roseville,Placer,6061,"Sacramento-Roseville-Folsom, CA",40900,CA,Roseville City Elementary School District,William Kaseberg Elementary School,7,George A. Buljan Middle School,4,Roseville High School,8,Roseville,38.75298,-121.30271
aAfPc000001cz5PKAQ,Cresleigh Ranch/Park Haven,Cresleigh Homes,,Active,,,Residence 1,3,2,1,2,1342,510000,11/10/2025,aAaPc000000gBciKAE,Non Active Adult,95742,Rancho Cordova,Sacramento,6067,"Sacramento-Roseville-Folsom, CA",40900,CA,Elk Grove Unified School District,Sunrise Elementary School,7,Katherine L. Albiani Middle School,8,Pleasant Grove High School,9,Rancho Cordova,38.55351,-121.22329
aAfPc000001cz5PKAQ,Cresleigh Ranch/Park Haven,Cresleigh Homes,,Active,,,Residence 2,3,2.5,2,2,1651,553000,11/10/2025,aAaPc000000gBcjKAE,Non Active Adult,95742,Rancho Cordova,Sacramento,6067,"Sacramento-Roseville-Folsom, CA",40900,CA,Elk Grove Unified School District,Sunrise Elementary School,7,Katherine L. Albiani Middle School,8,Pleasant Grove High School,9,Rancho Cordova,38.55351,-121.22329
aAfPc000001cz5PKAQ,Cresleigh Ranch/Park Haven,Cresleigh Homes,,Active,,,Residence 3,3,3,1,2,1831,561000,11/10/2025,aAaPc000000gF7YKAU,Non Active Adult,95742,Rancho Cordova,Sacramento,6067,"Sacramento-Roseville-Folsom, CA",40900,CA,Elk Grove Unified School District,Sunrise Elementary School,7,Katherine L. Albiani Middle School,8,Pleasant Grove High School,9,Rancho Cordova,38.55351,-121.22329
aAfPc000001cz5PKAQ,Cresleigh Ranch/Park Haven,Cresleigh Homes,,Active,,,Residence 4,3,2.5,2,2,2221,595000,11/10/2025,aAaPc000000gF7ZKAU,Non Active Adult,95742,Rancho Cordova,Sacramento,6067,"Sacramento-Roseville-Folsom, CA",40900,CA,Elk Grove Unified School District,Sunrise Elementary School,7,Katherine L. Albiani Middle School,8,Pleasant Grove High School,9,Rancho Cordova,38.55351,-121.22329
aAfPc000001cz5PKAQ,Cresleigh Ranch/Park Haven,Cresleigh Homes,,Active,,,Residence 5,4,2.5,2,2,2547,615000,11/10/2025,aAaPc000000gF7aKAE,Non Active Adult,95742,Rancho Cordova,Sacramento,6067,"Sacramento-Roseville-Folsom, CA",40900,CA,Elk Grove Unified School District,Sunrise Elementary School,7,Katherine L. Albiani Middle School,8,Pleasant Grove High School,9,Rancho Cordova,38.55351,-121.22329
aAfPc000001gcQ5KAI,Parkfield at Placer One,JMC Homes,,Active,Placer One,"Taylor Builders, LLC",Plan: 1887,4,3,1,3,1887,649990,11/25/2025,aAaPc000000gndpKAA,Non Active Adult,95747,Roseville,Placer,6061,"Sacramento-Roseville-Folsom, CA",40900,CA,Roseville City Elementary School District,,,George A. Buljan Middle School,4,West Park High,8,Roseville,38.8117,-121.35046
aAfPc000001gcQ5KAI,Parkfield at Placer One,JMC Homes,,Active,Placer One,"Taylor Builders, LLC",Plan: 2254,3,3,2,3,2254,749990,11/25/2025,aAaPc000000gnfRKAQ,Non Active Adult,95747,Roseville,Placer,6061,"Sacramento-Roseville-Folsom, CA",40900,CA,Roseville City Elementary School District,,,George A. Buljan Middle School,4,West Park High,8,Roseville,38.8117,-121.35046
aAfPc000001gcQ5KAI,Parkfield at Placer One,JMC Homes,,Active,Placer One,"Taylor Builders, LLC",Plan: 2872,4,3,2,4,2872,829990,11/25/2025,aAaPc000000gnh3KAA,Non Active Adult,95747,Roseville,Placer,6061,"Sacramento-Roseville-Folsom, CA",40900,CA,Roseville City Elementary School District,,,George A. Buljan Middle School,4,West Park High,8,Roseville,38.8117,-121.35046
aAfPc0000009y8DKAQ,Rialto/Twelve Bridges,Century Communities,"Century Communities, Inc.",Active,Twelve Bridges,"Placer Holdings, Inc.",Plan 5,2,2,0,2,1118,525000,12/3/2025,aAaPc000000gvldKAA,Non Active Adult,95648,Lincoln,Placer,6061,"Sacramento-Roseville-Folsom, CA",40900,CA,Western Placer Unified School District,Twelve Bridges Elementary School,7,Twelve Bridges Middle School,8,Twelve Bridges High School,7,Lincoln,38.8559,-121.29072
aAfPc000001Yf8EKAS,Willow at Winding Creek,Beazer Homes,,Active,Winding Creek,Anthem United,Nutmeg,4,3,2,2,2470,674990,12/7/2025,aAaPc000000hloTKAQ,Non Active Adult,95747,Roseville,Placer,6061,"Sacramento-Roseville-Folsom, CA",40900,CA,Roseville City Elementary School District,,,Robert C. Cooley Middle School,7,West Park High,8,Roseville,38.8039,-121.3829
aAfPc000001Yf8EKAS,Willow at Winding Creek,Beazer Homes,,Active,Winding Creek,Anthem United,Olive,3,2.5,2,1,2104,604990,12/7/2025,aAaPc000000hloUKAQ,Non Active Adult,95747,Roseville,Placer,6061,"Sacramento-Roseville-Folsom, CA",40900,CA,Roseville City Elementary School District,,,Robert C. Cooley Middle School,7,West Park High,8,Roseville,38.8039,-121.3829
aAfPc000001Yf8EKAS,Willow at Winding Creek,Beazer Homes,,Active,Winding Creek,Anthem United,Mahogany,5,3.5,2,2,2724,704990,12/7/2025,aAaPc000000hloWKAQ,Non Active Adult,95747,Roseville,Placer,6061,"Sacramento-Roseville-Folsom, CA",40900,CA,Roseville City Elementary School District,,,Robert C. Cooley Middle School,7,West Park High,8,Roseville,38.8039,-121.3829
aAfPc000000GvLhKAK,Arbor Ranch/Cottages,Risewell Homes,,Active,,,Plan 4003,4,3,0,2,2549,718000,11/18/2025,aAaPc000000uOecKAE,Non Active Adult,95757,Elk Grove,Sacramento,6067,"Sacramento-Roseville-Folsom, CA",40900,CA,Elk Grove Unified School District,Zehnder Ranch Elementary,8,Elizabeth Pinkerton Middle School,8,Cosumnes Oaks High School,10,Laguna / Elk Grove,38.38322,-121.40383
aAfPc000000GvLhKAK,Arbor Ranch/Cottages,Risewell Homes,,Active,,,Plan 4002,4,3,0,2,2458,754360,11/9/2025,aAaPc000000uOedKAE,Non Active Adult,95757,Elk Grove,Sacramento,6067,"Sacramento-Roseville-Folsom, CA",40900,CA,Elk Grove Unified School District,Zehnder Ranch Elementary,8,Elizabeth Pinkerton Middle School,8,Cosumnes Oaks High School,10,Laguna / Elk Grove,38.38322,-121.40383
aAfPc0000009y8DKAQ,Rialto/Twelve Bridges,Century Communities,"Century Communities, Inc.",Active,Twelve Bridges,"Placer Holdings, Inc.",Plan 4,4,3,0,2,2151,609000,12/3/2025,aAaPc000000uPtuKAE,Non Active Adult,95648,Lincoln,Placer,6061,"Sacramento-Roseville-Folsom, CA",40900,CA,Western Placer Unified School District,Twelve Bridges Elementary School,7,Twelve Bridges Middle School,8,Twelve Bridges High School,7,Lincoln,38.8559,-121.29072
aAfPc000001JKgnKAG,Briar Meadows,Fieldstone Communities,,Active,,,Residence 1,3,2.5,1,2,2095,774950,12/6/2025,aAaPc000000k6qoKAA,Non Active Adult,95603,Auburn,Placer,6061,"Sacramento-Roseville-Folsom, CA",40900,CA,Auburn Union Elementary School District,Auburn Elementary School,2,EV Cain Middle,4,Placer High School,8,Auburn / Granite Bay,38.93778,-121.0847
aAfPc000001JKgnKAG,Briar Meadows,Fieldstone Communities,,Active,,,Residence 2,4,3.5,1,2,2442,799950,12/6/2025,aAaPc000000k6qpKAA,Non Active Adult,95603,Auburn,Placer,6061,"Sacramento-Roseville-Folsom, CA",40900,CA,Auburn Union Elementary School District,Auburn Elementary School,2,EV Cain Middle,4,Placer High School,8,Auburn / Granite Bay,38.93778,-121.0847
aAfPc000001JKgnKAG,Briar Meadows,Fieldstone Communities,,Active,,,Residence 3,4,3.5,1,2,2621,837950,12/6/2025,aAaPc000000k6qqKAA,Non Active Adult,95603,Auburn,Placer,6061,"Sacramento-Roseville-Folsom, CA",40900,CA,Auburn Union Elementary School District,Auburn Elementary School,2,EV Cain Middle,4,Placer High School,8,Auburn / Granite Bay,38.93778,-121.0847
aAfPc000001JKgnKAG,Briar Meadows,Fieldstone Communities,,Active,,,Residence 4,5,4,2,2,3110,879950,12/6/2025,aAaPc000000k6qrKAA,Non Active Adult,95603,Auburn,Placer,6061,"Sacramento-Roseville-Folsom, CA",40900,CA,Auburn Union Elementary School District,Auburn Elementary School,2,EV Cain Middle,4,Placer High School,8,Auburn / Granite Bay,38.93778,-121.0847
aAf3x000001Yb1UCAS,Granite Terrace,Keusder Homes Inc.,,Active,,,Residence One,4,3,2,2,2039,599950,10/17/2025,aAaPc000000vZm3KAE,Non Active Adult,95677,Rocklin,Placer,6061,"Sacramento-Roseville-Folsom, CA",40900,CA,Rocklin Unified School District,Rocklin Elementary School,7,Spring View Middle School,6,Rocklin High School,9,Rocklin,38.79121,-121.2265
aAf3x000001Yb1UCAS,Granite Terrace,Keusder Homes Inc.,,Active,,,Residence Two,4,3,2,2,2123,633950,10/17/2025,aAaPc000000vZm4KAE,Non Active Adult,95677,Rocklin,Placer,6061,"Sacramento-Roseville-Folsom, CA",40900,CA,Rocklin Unified School District,Rocklin Elementary School,7,Spring View Middle School,6,Rocklin High School,9,Rocklin,38.79121,-121.2265
aAf3x000001Yb1UCAS,Granite Terrace,Keusder Homes Inc.,,Active,,,Residence Three,5,3,2,2,2232,655950,10/17/2025,aAaPc000000vZm5KAE,Non Active Adult,95677,Rocklin,Placer,6061,"Sacramento-Roseville-Folsom, CA",40900,CA,Rocklin Unified School District,Rocklin Elementary School,7,Spring View Middle School,6,Rocklin High School,9,Rocklin,38.79121,-121.2265
aAf3x000001Yb1UCAS,Granite Terrace,Keusder Homes Inc.,,Active,,,Residence Four,5,3,0,0,,679950,10/17/2025,aAaPc000000vZm6KAE,Non Active Adult,95677,Rocklin,Placer,6061,"Sacramento-Roseville-Folsom, CA",40900,CA,Rocklin Unified School District,Rocklin Elementary School,7,Spring View Middle School,6,Rocklin High School,9,Rocklin,38.79121,-121.2265
aAfPc000000GvLhKAK,Arbor Ranch/Cottages,Risewell Homes,,Active,,,Plan 4001,4,3,2,2,2658,777335,11/26/2025,aAaPc000000sHlGKAU,Non Active Adult,95757,Elk Grove,Sacramento,6067,"Sacramento-Roseville-Folsom, CA",40900,CA,Elk Grove Unified School District,Zehnder Ranch Elementary,8,Elizabeth Pinkerton Middle School,8,Cosumnes Oaks High School,10,Laguna / Elk Grove,38.38322,-121.40383
aAfPc000000GvLhKAK,Arbor Ranch/Cottages,Risewell Homes,,Active,,,Plan 3502,3,2.5,2,2,2141,719685,11/9/2025,aAaPc000000sHlHKAU,Non Active Adult,95757,Elk Grove,Sacramento,6067,"Sacramento-Roseville-Folsom, CA",40900,CA,Elk Grove Unified School District,Zehnder Ranch Elementary,8,Elizabeth Pinkerton Middle School,8,Cosumnes Oaks High School,10,Laguna / Elk Grove,38.38322,-121.40383
aAfPc000000GvLhKAK,Arbor Ranch/Cottages,Risewell Homes,,Active,,,Plan 3503,4,3,2,2,2339,762715,12/11/2025,aAaPc000000sHlIKAU,Non Active Adult,95757,Elk Grove,Sacramento,6067,"Sacramento-Roseville-Folsom, CA",40900,CA,Elk Grove Unified School District,Zehnder Ranch Elementary,8,Elizabeth Pinkerton Middle School,8,Cosumnes Oaks High School,10,Laguna / Elk Grove,38.38322,-121.40383
aAfPc000000GvLhKAK,Arbor Ranch/Cottages,Risewell Homes,,Active,,,Plan 3501,3,3,1,2,1953,673000,11/9/2025,aAaPc000000sHlJKAU,Non Active Adult,95757,Elk Grove,Sacramento,6067,"Sacramento-Roseville-Folsom, CA",40900,CA,Elk Grove Unified School District,Zehnder Ranch Elementary,8,Elizabeth Pinkerton Middle School,8,Cosumnes Oaks High School,10,Laguna / Elk Grove,38.38322,-121.40383
aAf2T000001UR1ZSAW,Saratoga Estates/Manzanita,Elliott Homes,,Active,,,Plan 2787,4,3.5,2,3,2787,961950,10/7/2025,aAa3x000000TTMVCA4,Non Active Adult,95762,El Dorado Hills,El Dorado,6017,"Sacramento-Roseville-Folsom, CA",40900,CA,Buckeye Union Elementary School District,William Brooks Elementary School,8,Oak Ridge High School; Rolling Hills Middle School,10; 8,Oak Ridge High School,10,El Dorado Hills,38.65075,-121.08057
aAf2T000001UR1ZSAW,Saratoga Estates/Manzanita,Elliott Homes,,Active,,,Plan 2976,4,3.5,2,3,2976,986950,10/7/2025,aAa3x000000TTMXCA4,Non Active Adult,95762,El Dorado Hills,El Dorado,6017,"Sacramento-Roseville-Folsom, CA",40900,CA,Buckeye Union Elementary School District,William Brooks Elementary School,8,Oak Ridge High School; Rolling Hills Middle School,10; 8,Oak Ridge High School,10,El Dorado Hills,38.65075,-121.08057
aAf2T000001UR1ZSAW,Saratoga Estates/Manzanita,Elliott Homes,,Active,,,Plan 2296,4,2.5,1,3,2296,911950,10/7/2025,aAa3x000000TUGCCA4,Non Active Adult,95762,El Dorado Hills,El Dorado,6017,"Sacramento-Roseville-Folsom, CA",40900,CA,Buckeye Union Elementary School District,William Brooks Elementary School,8,Oak Ridge High School; Rolling Hills Middle School,10; 8,Oak Ridge High School,10,El Dorado Hills,38.65075,-121.08057
aAf3x000001WY6nCAG,Seasons at Sierra Vista,Richmond American Homes,,Active,,,Citrine,4,3.5,2,2,1870,577430,11/15/2025,aAa3x000000UEOUCA4,Non Active Adult,95747,Roseville,Placer,6061,"Sacramento-Roseville-Folsom, CA",40900,CA,Center Joint Unified School District,,,Wilson C. Riles Middle School,5,Center High,7,Roseville,38.76011,-121.38129
aAf3x000001WY6nCAG,Seasons at Sierra Vista,Richmond American Homes,,Active,,,Pearl,4,3.5,2,2,2370,606950,11/27/2025,aAa3x000000UEOXCA4,Non Active Adult,95747,Roseville,Placer,6061,"Sacramento-Roseville-Folsom, CA",40900,CA,Center Joint Unified School District,,,Wilson C. Riles Middle School,5,Center High,7,Roseville,38.76011,-121.38129
aAf3x000001WY6nCAG,Seasons at Sierra Vista,Richmond American Homes,,Active,,,Moonstone,5,3.5,2,2,2630,757521,11/27/2025,aAa3x000000UEOYCA4,Non Active Adult,95747,Roseville,Placer,6061,"Sacramento-Roseville-Folsom, CA",40900,CA,Center Joint Unified School District,,,Wilson C. Riles Middle School,5,Center High,7,Roseville,38.76011,-121.38129
aAf3x000001WY6nCAG,Seasons at Sierra Vista,Richmond American Homes,,Active,,,Lapis,3,2.5,2,2,2170,593950,12/4/2025,aAa3x000000UEOZCA4,Non Active Adult,95747,Roseville,Placer,6061,"Sacramento-Roseville-Folsom, CA",40900,CA,Center Joint Unified School District,,,Wilson C. Riles Middle School,5,Center High,7,Roseville,38.76011,-121.38129
aAf3x000001WjtgCAC,Rio Del Oro/Placer,Elliott Homes,,Active,Rio del Oro,"Easton Development Company, LLC",Plan 3127,4,4,2,3,3127,907950,10/13/2025,aAa3x000000Uip7CAC,Non Active Adult,95742,Rancho Cordova,Sacramento,6067,"Sacramento-Roseville-Folsom, CA",40900,CA,Folsom-Cordova Unified School District,Navigator Elementary School,5,W. E. Mitchell Middle School,5,Cordova High School,5,Rancho Cordova,38.59116,-121.2503
aAf3x000001WjtgCAC,Rio Del Oro/Placer,Elliott Homes,,Active,Rio del Oro,"Easton Development Company, LLC",Plan 2387,4,3,1,3,2387,774950,10/13/2025,aAa3x000000Uip8CAC,Non Active Adult,95742,Rancho Cordova,Sacramento,6067,"Sacramento-Roseville-Folsom, CA",40900,CA,Folsom-Cordova Unified School District,Navigator Elementary School,5,W. E. Mitchell Middle School,5,Cordova High School,5,Rancho Cordova,38.59116,-121.2503
aAf3x000001WjtgCAC,Rio Del Oro/Placer,Elliott Homes,,Active,Rio del Oro,"Easton Development Company, LLC",Plan 2130,3,2,1,3,2130,727950,10/13/2025,aAa3x000000Uip9CAC,Non Active Adult,95742,Rancho Cordova,Sacramento,6067,"Sacramento-Roseville-Folsom, CA",40900,CA,Folsom-Cordova Unified School District,Navigator Elementary School,5,W. E. Mitchell Middle School,5,Cordova High School,5,Rancho Cordova,38.59116,-121.2503
aAf3x000001WjtgCAC,Rio Del Oro/Placer,Elliott Homes,,Active,Rio del Oro,"Easton Development Company, LLC",Plan 2787,4,3.5,2,3,2787,847950,10/13/2025,aAa3x000000UipACAS,Non Active Adult,95742,Rancho Cordova,Sacramento,6067,"Sacramento-Roseville-Folsom, CA",40900,CA,Folsom-Cordova Unified School District,Navigator Elementary School,5,W. E. Mitchell Middle School,5,Cordova High School,5,Rancho Cordova,38.59116,-121.2503
aAf3x000001QGOhCAO,Northlake/Bleau,Lennar,,Active,Northlake,"Integral Communities, Lennar",Residence 2977,4,3,2,2,2977,758990,12/3/2025,aAa3x000000UlkqCAC,Non Active Adult,95835,Sacramento,Sacramento,6067,"Sacramento-Roseville-Folsom, CA",40900,CA,Twin Rivers Unified School District,Regency Park Elementary School,7,Rio Linda Preparatory Academy; Norwood Junior High School,5; 5,,,Natomas,38.68737,-121.55224
aAf3x000001QGOhCAO,Northlake/Bleau,Lennar,,Active,Northlake,"Integral Communities, Lennar",Residence 3460,5,4,2,2,3460,872990,12/3/2025,aAa3x000000UlkrCAC,Non Active Adult,95835,Sacramento,Sacramento,6067,"Sacramento-Roseville-Folsom, CA",40900,CA,Twin Rivers Unified School District,Regency Park Elementary School,7,Rio Linda Preparatory Academy; Norwood Junior High School,5; 5,,,Natomas,38.68737,-121.55224
aAf3x000001QGOhCAO,Northlake/Bleau,Lennar,,Active,Northlake,"Integral Communities, Lennar",Residence 2727,4,3,2,2,2727,999999,12/3/2025,aAa3x000000YH4iCAG,Non Active Adult,95835,Sacramento,Sacramento,6067,"Sacramento-Roseville-Folsom, CA",40900,CA,Twin Rivers Unified School District,Regency Park Elementary School,7,Rio Linda Preparatory Academy; Norwood Junior High School,5; 5,,,Natomas,38.68737,-121.55224
aAf3x000001WpvFCAS,Madeira Ranch/Orchard,Taylor Morrison,,Active,,,Plan 7 Nora,3,3,1,2,2480,752999,11/11/2025,aAa3x000000YZSjCAO,Non Active Adult,95757,Elk Grove,Sacramento,6067,"Sacramento-Roseville-Folsom, CA",40900,CA,Elk Grove Unified School District,Zehnder Ranch Elementary,8,Elizabeth Pinkerton Middle School,8,Cosumnes Oaks High School,10,Laguna / Elk Grove,38.39402,-121.40955
aAf3x000001WpvFCAS,Madeira Ranch/Orchard,Taylor Morrison,,Active,,,Plan 8 Grayson,4,3,2,3,3129,779999,11/11/2025,aAa3x000000YZSkCAO,Non Active Adult,95757,Elk Grove,Sacramento,6067,"Sacramento-Roseville-Folsom, CA",40900,CA,Elk Grove Unified School District,Zehnder Ranch Elementary,8,Elizabeth Pinkerton Middle School,8,Cosumnes Oaks High School,10,Laguna / Elk Grove,38.39402,-121.40955
aAf3x000001WpvFCAS,Madeira Ranch/Orchard,Taylor Morrison,,Active,,,Plan 9 Sawyer,4,3.5,2,2,3439,833999,11/11/2025,aAa3x000000YZSlCAO,Non Active Adult,95757,Elk Grove,Sacramento,6067,"Sacramento-Roseville-Folsom, CA",40900,CA,Elk Grove Unified School District,Zehnder Ranch Elementary,8,Elizabeth Pinkerton Middle School,8,Cosumnes Oaks High School,10,Laguna / Elk Grove,38.39402,-121.40955
aAf3x000001QNcDCAW,RiverView,Reynen & Bardis Homes,,Active,,,The Expeditionist,5,3.5,2,3,3289,,11/20/2025,aAa3x000000ZvkECAS,Non Active Adult,95683,Rancho Murieta,Sacramento,6067,"Sacramento-Roseville-Folsom, CA",40900,CA,Elk Grove Unified School District,Cosumnes River Elementary School,8,Katherine L. Albiani Middle School,8,Pleasant Grove High School,9,East Sacramento County,38.48926,-121.07484
aAf3x000001QGOhCAO,Northlake/Bleau,Lennar,,Active,Northlake,"Integral Communities, Lennar",Residence 2143,4,3,1,2,2143,999999,12/3/2025,aAa3x000000ZwRlCAK,Non Active Adult,95835,Sacramento,Sacramento,6067,"Sacramento-Roseville-Folsom, CA",40900,CA,Twin Rivers Unified School District,Regency Park Elementary School,7,Rio Linda Preparatory Academy; Norwood Junior High School,5; 5,,,Natomas,38.68737,-121.55224
aAf3x000001QNcDCAW,RiverView,Reynen & Bardis Homes,,Active,,,The Traveler,3,2.5,1,2,1895,725086,11/20/2025,aAa3x000000ZoIKCA0,Non Active Adult,95683,Rancho Murieta,Sacramento,6067,"Sacramento-Roseville-Folsom, CA",40900,CA,Elk Grove Unified School District,Cosumnes River Elementary School,8,Katherine L. Albiani Middle School,8,Pleasant Grove High School,9,East Sacramento County,38.48926,-121.07484
aAf3x000001YeklCAC,Regency at Folsom Ranch/Redwood,Toll Brothers,,Active,Folsom Ranch,"New Home Co., Westland Capital Partners",Cresthaven,2,2,1,2,1542,664995,12/4/2025,aAa3x000000gqNTCAY,Active Adult,95630,Folsom,Sacramento,6067,"Sacramento-Roseville-Folsom, CA",40900,CA,Folsom-Cordova Unified School District,Mangini Ranch Elementary,8,Folsom Middle School,8,Folsom High School,10,Folsom,38.6272,-121.11691
aAf3x000001YeklCAC,Regency at Folsom Ranch/Redwood,Toll Brothers,,Active,Folsom Ranch,"New Home Co., Westland Capital Partners",Redding,2,2,1,2,1563,659995,12/4/2025,aAa3x000000gqNYCAY,Active Adult,95630,Folsom,Sacramento,6067,"Sacramento-Roseville-Folsom, CA",40900,CA,Folsom-Cordova Unified School District,Mangini Ranch Elementary,8,Folsom Middle School,8,Folsom High School,10,Folsom,38.6272,-121.11691
aAf3x000001YeklCAC,Regency at Folsom Ranch/Redwood,Toll Brothers,,Active,Folsom Ranch,"New Home Co., Westland Capital Partners",Trinity,2,2,1,2,1596,683995,12/4/2025,aAa3x000000gqNdCAI,Active Adult,95630,Folsom,Sacramento,6067,"Sacramento-Roseville-Folsom, CA",40900,CA,Folsom-Cordova Unified School District,Mangini Ranch Elementary,8,Folsom Middle School,8,Folsom High School,10,Folsom,38.6272,-121.11691
aAfPc000000A4OvKAK,Cascade at Elliott Springs,Elliott Homes,,Active,,,Plan 3052,4,3.5,2,3,3052,904950,10/7/2025,aAaPc0000009WHbKAM,Non Active Adult,95624,Elk Grove,Sacramento,6067,"Sacramento-Roseville-Folsom, CA",40900,CA,Elk Grove Unified School District,James A. Mckee Elementary School,5,Joseph Kerr Middle School,7,Elk Grove High School,7,Laguna / Elk Grove,38.4276,-121.35924
aAfPc000000A4OvKAK,Cascade at Elliott Springs,Elliott Homes,,Active,,,Plan 3372,6,4.5,2,3,3372,934950,10/7/2025,aAaPc0000009WHcKAM,Non Active Adult,95624,Elk Grove,Sacramento,6067,"Sacramento-Roseville-Folsom, CA",40900,CA,Elk Grove Unified School District,James A. Mckee Elementary School,5,Joseph Kerr Middle School,7,Elk Grove High School,7,Laguna / Elk Grove,38.4276,-121.35924
aAfPc000000A4OvKAK,Cascade at Elliott Springs,Elliott Homes,,Active,,,Plan 2224,4,2.5,1,3,2224,754950,10/7/2025,aAaPc0000009WHdKAM,Non Active Adult,95624,Elk Grove,Sacramento,6067,"Sacramento-Roseville-Folsom, CA",40900,CA,Elk Grove Unified School District,James A. Mckee Elementary School,5,Joseph Kerr Middle School,7,Elk Grove High School,7,Laguna / Elk Grove,38.4276,-121.35924
aAfPc000000A4OvKAK,Cascade at Elliott Springs,Elliott Homes,,Active,,,Plan 2285,4,3.5,1,3,2285,774950,10/7/2025,aAaPc0000009WHeKAM,Non Active Adult,95624,Elk Grove,Sacramento,6067,"Sacramento-Roseville-Folsom, CA",40900,CA,Elk Grove Unified School District,James A. Mckee Elementary School,5,Joseph Kerr Middle School,7,Elk Grove High School,7,Laguna / Elk Grove,38.4276,-121.35924
aAf3x000001QYqhCAG,Westbourne at The Grove,KB Home,,Active,,,Plan 1836 Modeled,4,3.5,2,2,1836,654550,12/1/2025,aAaPc0000003S4mKAE,Non Active Adult,95757,Elk Grove,Sacramento,6067,"Sacramento-Roseville-Folsom, CA",40900,CA,Elk Grove Unified School District,Zehnder Ranch Elementary,8,Elizabeth Pinkerton Middle School,8,Cosumnes Oaks High School,10,Laguna / Elk Grove,38.38479,-121.39705
aAf3x000001QYqhCAG,Westbourne at The Grove,KB Home,,Active,,,Plan 1552 Modeled,3,2,1,2,1552,600870,12/7/2025,aAaPc0000003S4oKAE,Non Active Adult,95757,Elk Grove,Sacramento,6067,"Sacramento-Roseville-Folsom, CA",40900,CA,Elk Grove Unified School District,Zehnder Ranch Elementary,8,Elizabeth Pinkerton Middle School,8,Cosumnes Oaks High School,10,Laguna / Elk Grove,38.38479,-121.39705
aAf3x000001Qct8CAC,Fairfax at The Grove,KB Home,,Active,,,Plan 2713 Modeled,5,2.5,2,2,2713,738850,12/2/2025,aAaPc0000007yU5KAI,Non Active Adult,95757,Elk Grove,Sacramento,6067,"Sacramento-Roseville-Folsom, CA",40900,CA,Elk Grove Unified School District,Zehnder Ranch Elementary,8,Elizabeth Pinkerton Middle School,8,Cosumnes Oaks High School,10,Laguna / Elk Grove,38.39005,-121.39263
aAf3x000001Qct8CAC,Fairfax at The Grove,KB Home,,Active,,,Plan 2435 Modeled,4,2.5,2,2,2435,707750,12/2/2025,aAaPc0000007yU6KAI,Non Active Adult,95757,Elk Grove,Sacramento,6067,"Sacramento-Roseville-Folsom, CA",40900,CA,Elk Grove Unified School District,Zehnder Ranch Elementary,8,Elizabeth Pinkerton Middle School,8,Cosumnes Oaks High School,10,Laguna / Elk Grove,38.39005,-121.39263
aAf3x000001Qct8CAC,Fairfax at The Grove,KB Home,,Active,,,Plan 2168,3,2.5,2,2,2168,672515,12/1/2025,aAaPc0000007yU7KAI,Non Active Adult,95757,Elk Grove,Sacramento,6067,"Sacramento-Roseville-Folsom, CA",40900,CA,Elk Grove Unified School District,Zehnder Ranch Elementary,8,Elizabeth Pinkerton Middle School,8,Cosumnes Oaks High School,10,Laguna / Elk Grove,38.39005,-121.39263
aAf3x000001Qct8CAC,Fairfax at The Grove,KB Home,,Active,,,Plan 1886,3,2,1,2,1886,628280,12/1/2025,aAaPc0000007yU8KAI,Non Active Adult,95757,Elk Grove,Sacramento,6067,"Sacramento-Roseville-Folsom, CA",40900,CA,Elk Grove Unified School District,Zehnder Ranch Elementary,8,Elizabeth Pinkerton Middle School,8,Cosumnes Oaks High School,10,Laguna / Elk Grove,38.39005,-121.39263
aAf3x000001Qct8CAC,Fairfax at The Grove,KB Home,,Active,,,Plan 1550 Modeled,3,2,1,2,1550,593775,12/1/2025,aAaPc0000007yU9KAI,Non Active Adult,95757,Elk Grove,Sacramento,6067,"Sacramento-Roseville-Folsom, CA",40900,CA,Elk Grove Unified School District,Zehnder Ranch Elementary,8,Elizabeth Pinkerton Middle School,8,Cosumnes Oaks High School,10,Laguna / Elk Grove,38.39005,-121.39263
aAf3x000001WnyKCAS,Magnolia,Tim Lewis Communities,,Active,,,Magnolia Residence 1,4,4.5,1,3,3765,2044000,12/9/2025,aAaPc000000ALqZKAW,Non Active Adult,95746,Granite Bay,Placer,6061,"Sacramento-Roseville-Folsom, CA",40900,CA,Eureka Union School District,Greenhills Elementary School; Excelsior Elementary School,9; 7,Olympus Junior High School,9,Granite Bay High School,10,Auburn / Granite Bay,38.75256,-121.21506
aAf3x000001WnyKCAS,Magnolia,Tim Lewis Communities,,Active,,,Magnolia Residence 2,4,4.5,1,3,4077,2146000,12/9/2025,aAaPc000000ALqaKAG,Non Active Adult,95746,Granite Bay,Placer,6061,"Sacramento-Roseville-Folsom, CA",40900,CA,Eureka Union School District,Greenhills Elementary School; Excelsior Elementary School,9; 7,Olympus Junior High School,9,Granite Bay High School,10,Auburn / Granite Bay,38.75256,-121.21506
aAf3x000001WnyKCAS,Magnolia,Tim Lewis Communities,,Active,,,Magnolia Residence 3,5,5.5,1,3,4392,2248000,12/9/2025,aAaPc000000ALqbKAG,Non Active Adult,95746,Granite Bay,Placer,6061,"Sacramento-Roseville-Folsom, CA",40900,CA,Eureka Union School District,Greenhills Elementary School; Excelsior Elementary School,9; 7,Olympus Junior High School,9,Granite Bay High School,10,Auburn / Granite Bay,38.75256,-121.21506
aAf3x000001WnyKCAS,Magnolia,Tim Lewis Communities,,Active,,,Magnolia Residence 4,5,5.5,1,4,4736,2355000,12/9/2025,aAaPc000000ALqcKAG,Non Active Adult,95746,Granite Bay,Placer,6061,"Sacramento-Roseville-Folsom, CA",40900,CA,Eureka Union School District,Greenhills Elementary School; Excelsior Elementary School,9; 7,Olympus Junior High School,9,Granite Bay High School,10,Auburn / Granite Bay,38.75256,-121.21506
aAf3x000001WnyKCAS,Magnolia,Tim Lewis Communities,,Active,,,Magnolia Residence 5,5,5.5,1,5,5104,2435000,12/9/2025,aAaPc000000ALqdKAG,Non Active Adult,95746,Granite Bay,Placer,6061,"Sacramento-Roseville-Folsom, CA",40900,CA,Eureka Union School District,Greenhills Elementary School; Excelsior Elementary School,9; 7,Olympus Junior High School,9,Granite Bay High School,10,Auburn / Granite Bay,38.75256,-121.21506
aAfPc000000bGEiKAM,Calabria at Vineyard Parke,Lennar,,Active,,,Residence 1228,3,2,1,2,1228,545990,12/3/2025,aAaPc000000C74BKAS,Non Active Adult,95829,Sacramento,Sacramento,6067,"Sacramento-Roseville-Folsom, CA",40900,CA,Elk Grove Unified School District,Sierra-Enterprise Elementary School,6,Katherine L. Albiani Middle School,8,Pleasant Grove High School,9,Florin / Vineyard,38.49166,-121.37278
aAfPc000000bGEiKAM,Calabria at Vineyard Parke,Lennar,,Active,,,Residence 1494,3,2,1,2,1494,555990,12/3/2025,aAaPc000000C74CKAS,Non Active Adult,95829,Sacramento,Sacramento,6067,"Sacramento-Roseville-Folsom, CA",40900,CA,Elk Grove Unified School District,Sierra-Enterprise Elementary School,6,Katherine L. Albiani Middle School,8,Pleasant Grove High School,9,Florin / Vineyard,38.49166,-121.37278
aAfPc000000bGEiKAM,Calabria at Vineyard Parke,Lennar,,Active,,,Residence 1691,4,2,1,2,1691,564990,12/3/2025,aAaPc000000C74DKAS,Non Active Adult,95829,Sacramento,Sacramento,6067,"Sacramento-Roseville-Folsom, CA",40900,CA,Elk Grove Unified School District,Sierra-Enterprise Elementary School,6,Katherine L. Albiani Middle School,8,Pleasant Grove High School,9,Florin / Vineyard,38.49166,-121.37278
aAfPc000000bGEiKAM,Calabria at Vineyard Parke,Lennar,,Active,,,Residence 1900,4,2.5,2,2,1900,608090,12/3/2025,aAaPc000000C74EKAS,Non Active Adult,95829,Sacramento,Sacramento,6067,"Sacramento-Roseville-Folsom, CA",40900,CA,Elk Grove Unified School District,Sierra-Enterprise Elementary School,6,Katherine L. Albiani Middle School,8,Pleasant Grove High School,9,Florin / Vineyard,38.49166,-121.37278
aAf3x000001WpvFCAS,Madeira Ranch/Orchard,Taylor Morrison,,Active,,,Plan 12 Chandler,4,3.5,2,2,3779,908999,11/11/2025,aAaPc000000NWsYKAW,Non Active Adult,95757,Elk Grove,Sacramento,6067,"Sacramento-Roseville-Folsom, CA",40900,CA,Elk Grove Unified School District,Zehnder Ranch Elementary,8,Elizabeth Pinkerton Middle School,8,Cosumnes Oaks High School,10,Laguna / Elk Grove,38.39402,-121.40955
aAfPc000000xmVpKAI,Waters Edge,Lennar,,Active,,,Residence 1454,3,2.5,2,2,1454,551990,12/3/2025,aAaPc000000Gda5KAC,Non Active Adult,95835,Sacramento,Sacramento,6067,"Sacramento-Roseville-Folsom, CA",40900,CA,Twin Rivers Unified School District,Regency Park Elementary School,7,Rio Linda Preparatory Academy; Norwood Junior High School,5; 5,,,Natomas,38.68335,-121.54648
aAfPc000000xmVpKAI,Waters Edge,Lennar,,Active,,,Residence 1631,3,2.5,2,2,1631,598990,12/3/2025,aAaPc000000Gda6KAC,Non Active Adult,95835,Sacramento,Sacramento,6067,"Sacramento-Roseville-Folsom, CA",40900,CA,Twin Rivers Unified School District,Regency Park Elementary School,7,Rio Linda Preparatory Academy; Norwood Junior High School,5; 5,,,Natomas,38.68335,-121.54648
aAfPc000000xmVpKAI,Waters Edge,Lennar,,Active,,,Residence 1907,4,3,2,2,1907,617990,12/3/2025,aAaPc000000Gda7KAC,Non Active Adult,95835,Sacramento,Sacramento,6067,"Sacramento-Roseville-Folsom, CA",40900,CA,Twin Rivers Unified School District,Regency Park Elementary School,7,Rio Linda Preparatory Academy; Norwood Junior High School,5; 5,,,Natomas,38.68335,-121.54648
aAfPc000000xmVpKAI,Waters Edge,Lennar,,Active,,,Residence 1569,3,2.5,2,2,1569,573990,12/3/2025,aAaPc000000Gda8KAC,Non Active Adult,95835,Sacramento,Sacramento,6067,"Sacramento-Roseville-Folsom, CA",40900,CA,Twin Rivers Unified School District,Regency Park Elementary School,7,Rio Linda Preparatory Academy; Norwood Junior High School,5; 5,,,Natomas,38.68335,-121.54648
aAfPc000000fzzUKAQ,Ventris Place,Next Generation Capital,,Active,,,Residence 1 Astoria,3,2,1,2,1196,499990,12/11/2025,aAaPc000000LquMKAS,Non Active Adult,95823,Sacramento,Sacramento,6067,"Sacramento-Roseville-Folsom, CA",40900,CA,Elk Grove Unified School District,Barbara Comstock Morse Elementary School,7,"Edward Harris, Jr. Middle School",6,Monterey Trail High School,7,Florin / Vineyard,38.44475,-121.43168
aAfPc000000fzzUKAQ,Ventris Place,Next Generation Capital,,Active,,,Residence 2 Biltmore,3,2.5,2,2,1482,529990,12/11/2025,aAaPc000000LquNKAS,Non Active Adult,95823,Sacramento,Sacramento,6067,"Sacramento-Roseville-Folsom, CA",40900,CA,Elk Grove Unified School District,Barbara Comstock Morse Elementary School,7,"Edward Harris, Jr. Middle School",6,Monterey Trail High School,7,Florin / Vineyard,38.44475,-121.43168
aAfPc000000fzzUKAQ,Ventris Place,Next Generation Capital,,Active,,,Residence 3 Carefree,4,2.5,2,2,1660,544990,12/11/2025,aAaPc000000LquOKAS,Non Active Adult,95823,Sacramento,Sacramento,6067,"Sacramento-Roseville-Folsom, CA",40900,CA,Elk Grove Unified School District,Barbara Comstock Morse Elementary School,7,"Edward Harris, Jr. Middle School",6,Monterey Trail High School,7,Florin / Vineyard,38.44475,-121.43168
aAfPc000000fzzUKAQ,Ventris Place,Next Generation Capital,,Active,,,Residence 4 Danville,4,3,2,2,1846,599900,12/11/2025,aAaPc000000LquPKAS,Non Active Adult,95823,Sacramento,Sacramento,6067,"Sacramento-Roseville-Folsom, CA",40900,CA,Elk Grove Unified School District,Barbara Comstock Morse Elementary School,7,"Edward Harris, Jr. Middle School",6,Monterey Trail High School,7,Florin / Vineyard,38.44475,-121.43168
aAfPc000000A4OvKAK,Cascade at Elliott Springs,Elliott Homes,,Active,,,Plan 1945,3,2,1,2,1945,734950,10/7/2025,aAaPc000000cKpnKAE,Non Active Adult,95624,Elk Grove,Sacramento,6067,"Sacramento-Roseville-Folsom, CA",40900,CA,Elk Grove Unified School District,James A. Mckee Elementary School,5,Joseph Kerr Middle School,7,Elk Grove High School,7,Laguna / Elk Grove,38.4276,-121.35924
aAfPc000000Ul51KAC,Westcott Station,KB Home,,Active,,,Plan 1587 Modeled,3,2.5,2,2,1587,461990,11/3/2025,aAaPc000000aNXkKAM,Non Active Adult,95827,Sacramento,Sacramento,6067,"Sacramento-Roseville-Folsom, CA",40900,CA,Sacramento City Unified School District,Abraham Lincoln Elementary School; James Marshall Elementary School,6; 5,Albert Einstein Middle School,5,Rosemont High School,5,Rancho Cordova,38.55698,-121.33632
aAfPc000000Ul51KAC,Westcott Station,KB Home,,Active,,,Plan 1644,3,2.5,2,2,1644,468990,11/3/2025,aAaPc000000aNXlKAM,Non Active Adult,95827,Sacramento,Sacramento,6067,"Sacramento-Roseville-Folsom, CA",40900,CA,Sacramento City Unified School District,Abraham Lincoln Elementary School; James Marshall Elementary School,6; 5,Albert Einstein Middle School,5,Rosemont High School,5,Rancho Cordova,38.55698,-121.33632
aAfPc000000Ul51KAC,Westcott Station,KB Home,,Active,,,Plan 1755 Modeled,3,2.5,2,2,1755,477990,11/3/2025,aAaPc000000aNXmKAM,Non Active Adult,95827,Sacramento,Sacramento,6067,"Sacramento-Roseville-Folsom, CA",40900,CA,Sacramento City Unified School District,Abraham Lincoln Elementary School; James Marshall Elementary School,6; 5,Albert Einstein Middle School,5,Rosemont High School,5,Rancho Cordova,38.55698,-121.33632
aAfPc000001AXWqKAO,Durham at East Village,Meritage Homes,,Active,,,Residence 1,4,2,1,2,2098,689000,12/1/2025,aAaPc000000mlcmKAA,Non Active Adult,95835,Sacramento,Sacramento,6067,"Sacramento-Roseville-Folsom, CA",40900,CA,Twin Rivers Unified School District,Robla Elementary School; Robla Preschool,5; 0,Rio Linda Preparatory Academy; Norwood Junior High School,5; 5,Robla Preschool,0,Natomas,38.67017,-121.49095
aAfPc000001AXWqKAO,Durham at East Village,Meritage Homes,,Active,,,Residence 2,4,3,2,2,2831,763218,12/1/2025,aAaPc000000mlcnKAA,Non Active Adult,95835,Sacramento,Sacramento,6067,"Sacramento-Roseville-Folsom, CA",40900,CA,Twin Rivers Unified School District,Robla Elementary School; Robla Preschool,5; 0,Rio Linda Preparatory Academy; Norwood Junior High School,5; 5,Robla Preschool,0,Natomas,38.67017,-121.49095
aAfPc000001AXWqKAO,Durham at East Village,Meritage Homes,,Active,,,Residence 3,5,3.5,2,3,3247,818795,12/1/2025,aAaPc000000mlcoKAA,Non Active Adult,95835,Sacramento,Sacramento,6067,"Sacramento-Roseville-Folsom, CA",40900,CA,Twin Rivers Unified School District,Robla Elementary School; Robla Preschool,5; 0,Rio Linda Preparatory Academy; Norwood Junior High School,5; 5,Robla Preschool,0,Natomas,38.67017,-121.49095
aAfPc000001gIUoKAM,Rio Del Oro/Coloma,Elliott Homes,,Active,Rio del Oro,"Easton Development Company, LLC",Plan 1794,4,2.5,2,2,1794,546950,10/15/2025,aAaPc000000hTZvKAM,Non Active Adult,95742,Rancho Cordova,Sacramento,6067,"Sacramento-Roseville-Folsom, CA",40900,CA,Folsom-Cordova Unified School District,Navigator Elementary School,5,W. E. Mitchell Middle School,5,Cordova High School,5,Rancho Cordova,38.59101,-121.25233
aAfPc000001gIUoKAM,Rio Del Oro/Coloma,Elliott Homes,,Active,Rio del Oro,"Easton Development Company, LLC",Plan 1683,3,2.5,2,2,1683,529950,10/15/2025,aAaPc000000hTZwKAM,Non Active Adult,95742,Rancho Cordova,Sacramento,6067,"Sacramento-Roseville-Folsom, CA",40900,CA,Folsom-Cordova Unified School District,Navigator Elementary School,5,W. E. Mitchell Middle School,5,Cordova High School,5,Rancho Cordova,38.59101,-121.25233
aAf3x000001QGOhCAO,Northlake/Bleau,Lennar,,Active,Northlake,"Integral Communities, Lennar",Residence 3190,5,3.5,2,2,3190,999999,12/3/2025,aAaPc000000sHiPKAU,Non Active Adult,95835,Sacramento,Sacramento,6067,"Sacramento-Roseville-Folsom, CA",40900,CA,Twin Rivers Unified School District,Regency Park Elementary School,7,Rio Linda Preparatory Academy; Norwood Junior High School,5; 5,,,Natomas,38.68737,-121.55224
aAfPc000001TMT4KAO,Double S Ranch,Anthem United,,Active,,,Plan 1,4,3.5,1,3,3734,1379900,11/5/2025,aAaPc000000kkO7KAI,Non Active Adult,95747,Roseville,Placer,6061,"Sacramento-Roseville-Folsom, CA",40900,CA,Center Joint Unified School District,,,Wilson C. Riles Middle School,5,Center High,7,Roseville,38.73271,-121.36518
aAfPc000001TMT4KAO,Double S Ranch,Anthem United,,Active,,,Plan 2,4,3.5,0,3,4276,1499900,11/5/2025,aAaPc000000kkO8KAI,Non Active Adult,95747,Roseville,Placer,6061,"Sacramento-Roseville-Folsom, CA",40900,CA,Center Joint Unified School District,,,Wilson C. Riles Middle School,5,Center High,7,Roseville,38.73271,-121.36518
aAfPc000001TMT4KAO,Double S Ranch,Anthem United,,Active,,,Plan 3,5,3.5,1,4,4595,1549900,11/5/2025,aAaPc000000kkO9KAI,Non Active Adult,95747,Roseville,Placer,6061,"Sacramento-Roseville-Folsom, CA",40900,CA,Center Joint Unified School District,,,Wilson C. Riles Middle School,5,Center High,7,Roseville,38.73271,-121.36518
aAfPc000001fffDKAQ,Freedom at Liberty,Woodside Homes,,Active,,,Triumph,4,3,2,2,2427,593990,10/18/2025,aAaPc000000qFdBKAU,Non Active Adult,95648,Lincoln,Placer,6061,"Sacramento-Roseville-Folsom, CA",40900,CA,Western Placer Unified School District,Scott M. Leaman,6,Twelve Bridges Middle School,8,Twelve Bridges High School,7,Lincoln,38.86343,-121.32766
aAfPc000001fffDKAQ,Freedom at Liberty,Woodside Homes,,Active,,,Honor,3,2.5,2,2,1933,550990,10/18/2025,aAaPc000000qFdCKAU,Non Active Adult,95648,Lincoln,Placer,6061,"Sacramento-Roseville-Folsom, CA",40900,CA,Western Placer Unified School District,Scott M. Leaman,6,Twelve Bridges Middle School,8,Twelve Bridges High School,7,Lincoln,38.86343,-121.32766
aAfPc000001fffDKAQ,Freedom at Liberty,Woodside Homes,,Active,,,Courage,4,2.5,2,2,2151,573990,10/18/2025,aAaPc000000qFdDKAU,Non Active Adult,95648,Lincoln,Placer,6061,"Sacramento-Roseville-Folsom, CA",40900,CA,Western Placer Unified School District,Scott M. Leaman,6,Twelve Bridges Middle School,8,Twelve Bridges High School,7,Lincoln,38.86343,-121.32766
aAfPc000001fffDKAQ,Freedom at Liberty,Woodside Homes,,Active,,,Justice,4,2.5,2,2,2419,588990,10/18/2025,aAaPc000000qFdEKAU,Non Active Adult,95648,Lincoln,Placer,6061,"Sacramento-Roseville-Folsom, CA",40900,CA,Western Placer Unified School District,Scott M. Leaman,6,Twelve Bridges Middle School,8,Twelve Bridges High School,7,Lincoln,38.86343,-121.32766
aAfPc000000Ul51KAC,Westcott Station,KB Home,,Active,,,Plan 1844,4,3,2,2,1844,485990,11/3/2025,aAaPc000000qP2TKAU,Non Active Adult,95827,Sacramento,Sacramento,6067,"Sacramento-Roseville-Folsom, CA",40900,CA,Sacramento City Unified School District,Abraham Lincoln Elementary School; James Marshall Elementary School,6; 5,Albert Einstein Middle School,5,Rosemont High School,5,Rancho Cordova,38.55698,-121.33632
aAfPc0000017gaJKAQ,Arbor Ranch/Bungalows,Risewell Homes,,Active,,,Plan 4501,3,2.5,1,2,2220,725000,11/9/2025,aAaPc000000sHlKKAU,Non Active Adult,95757,Elk Grove,Sacramento,6067,"Sacramento-Roseville-Folsom, CA",40900,CA,Elk Grove Unified School District,Zehnder Ranch Elementary,8,Elizabeth Pinkerton Middle School,8,Cosumnes Oaks High School,10,Laguna / Elk Grove,38.38372,-121.40576
aAfPc0000017gaJKAQ,Arbor Ranch/Bungalows,Risewell Homes,,Active,,,Plan 4503,5,3.5,2,3,3215,875910,12/11/2025,aAaPc000000sHlLKAU,Non Active Adult,95757,Elk Grove,Sacramento,6067,"Sacramento-Roseville-Folsom, CA",40900,CA,Elk Grove Unified School District,Zehnder Ranch Elementary,8,Elizabeth Pinkerton Middle School,8,Cosumnes Oaks High School,10,Laguna / Elk Grove,38.38372,-121.40576
aAfPc0000017gaJKAQ,Arbor Ranch/Bungalows,Risewell Homes,,Active,,,Plan 4502,4,3,2,3,2928,837495,11/9/2025,aAaPc000000sHlMKAU,Non Active Adult,95757,Elk Grove,Sacramento,6067,"Sacramento-Roseville-Folsom, CA",40900,CA,Elk Grove Unified School District,Zehnder Ranch Elementary,8,Elizabeth Pinkerton Middle School,8,Cosumnes Oaks High School,10,Laguna / Elk Grove,38.38372,-121.40576
aAfPc0000019gAjKAI,Westwind at Whitney Ranch,JMC Homes,,Active,Whitney Ranch,"Sunset Ranchos Investors, LLC",Plan: 2054,3,3,2,2,2054,689990,11/25/2025,aAaPc000000QNdhKAG,Non Active Adult,95765,Rocklin,Placer,6061,"Sacramento-Roseville-Folsom, CA",40900,CA,Rocklin Unified School District,Sunset Ranch Elementary School,7,Granite Oaks Middle School,7,Whitney High School,9,Rocklin,38.82685,-121.28622
aAfPc0000015ASnKAM,Season at the Ranch/Summer,K. Hovnanian Homes,,Active,The Ranch,K. Hovnanian Homes,Astaire,2,2,1,2,1771,550890,10/24/2025,aAaPc000000Z2YPKA0,Non Active Adult,95742,Rancho Cordova,Sacramento,6067,"Sacramento-Roseville-Folsom, CA",40900,CA,Elk Grove Unified School District,Sunrise Elementary School,7,Katherine L. Albiani Middle School,8,Pleasant Grove High School,9,Rancho Cordova,38.54358,-121.21169
aAfPc0000015ASnKAM,Season at the Ranch/Summer,K. Hovnanian Homes,,Active,The Ranch,K. Hovnanian Homes,Stanwyck,2,2.5,1,2,1975,569990,10/24/2025,aAaPc000000Z2a1KAC,Non Active Adult,95742,Rancho Cordova,Sacramento,6067,"Sacramento-Roseville-Folsom, CA",40900,CA,Elk Grove Unified School District,Sunrise Elementary School,7,Katherine L. Albiani Middle School,8,Pleasant Grove High School,9,Rancho Cordova,38.54358,-121.21169
aAfPc0000015ASnKAM,Season at the Ranch/Summer,K. Hovnanian Homes,,Active,The Ranch,K. Hovnanian Homes,Poitier ESP,3,3,1,2,2076,569990,10/24/2025,aAaPc000000Z2bdKAC,Non Active Adult,95742,Rancho Cordova,Sacramento,6067,"Sacramento-Roseville-Folsom, CA",40900,CA,Elk Grove Unified School District,Sunrise Elementary School,7,Katherine L. Albiani Middle School,8,Pleasant Grove High School,9,Rancho Cordova,38.54358,-121.21169
aAf3x000001QdJeCAK,Magnolia Village,Williams Homes,,Active,,,Plan One,3,2.5,2,2,1494,417990,12/6/2025,aAaPc0000001GYNKA2,Non Active Adult,95648,Lincoln,Placer,6061,"Sacramento-Roseville-Folsom, CA",40900,CA,Western Placer Unified School District,Creekside Oaks Elementary School,3,Glen Edwards Middle School,5,Lincoln High School,6,Lincoln,38.89266,-121.31
aAf3x000001QGPBCA4,Northlake/Lakelet,Lennar,,Active,Northlake,"Integral Communities, Lennar",Residence 2107,4,3.5,2,2,2107,629990,12/4/2025,aAaPc000000DEAmKAO,Non Active Adult,95835,Sacramento,Sacramento,6067,"Sacramento-Roseville-Folsom, CA",40900,CA,Twin Rivers Unified School District,Regency Park Elementary School,7,Rio Linda Preparatory Academy; Norwood Junior High School,5; 5,,,Natomas,38.68737,-121.55224
aAf3x000001QdJeCAK,Magnolia Village,Williams Homes,,Active,,,Plan Two,3,2.5,2,2,1714,419990,12/6/2025,aAaPc000000DEC0KAO,Non Active Adult,95648,Lincoln,Placer,6061,"Sacramento-Roseville-Folsom, CA",40900,CA,Western Placer Unified School District,Creekside Oaks Elementary School,3,Glen Edwards Middle School,5,Lincoln High School,6,Lincoln,38.89266,-121.31
aAfPc0000009YVVKA2,Heritage Carson Creek/Roxbury,Lennar,,Active,,,Residence 1423,3,2,1,2,1423,521990,12/1/2025,aAaPc000000DN0UKAW,Active Adult,95762,El Dorado Hills,El Dorado,6017,"Sacramento-Roseville-Folsom, CA",40900,CA,Latrobe School District,Latrobe Elementary School; Miller's Hill School,10; 7,Oak Ridge High School; Miller's Hill School,10; 7,Oak Ridge High School,10,El Dorado Hills,38.62148,-121.06762
aAfPc0000009YVVKA2,Heritage Carson Creek/Roxbury,Lennar,,Active,,,Residence 1437,2,2,1,2,1437,527990,12/1/2025,aAaPc000000DN0VKAW,Active Adult,95762,El Dorado Hills,El Dorado,6017,"Sacramento-Roseville-Folsom, CA",40900,CA,Latrobe School District,Latrobe Elementary School; Miller's Hill School,10; 7,Oak Ridge High School; Miller's Hill School,10; 7,Oak Ridge High School,10,El Dorado Hills,38.62148,-121.06762
aAfPc0000009YVVKA2,Heritage Carson Creek/Roxbury,Lennar,,Active,,,Residence 1251,2,2,1,2,1251,495990,12/1/2025,aAaPc000000DN0WKAW,Active Adult,95762,El Dorado Hills,El Dorado,6017,"Sacramento-Roseville-Folsom, CA",40900,CA,Latrobe School District,Latrobe Elementary School; Miller's Hill School,10; 7,Oak Ridge High School; Miller's Hill School,10; 7,Oak Ridge High School,10,El Dorado Hills,38.62148,-121.06762
aAf3x000001QGPBCA4,Northlake/Lakelet,Lennar,,Active,Northlake,"Integral Communities, Lennar",Residence 2215,4,3,2,2,2215,672990,12/4/2025,aAa3x000000ZvUbCAK,Non Active Adult,95835,Sacramento,Sacramento,6067,"Sacramento-Roseville-Folsom, CA",40900,CA,Twin Rivers Unified School District,Regency Park Elementary School,7,Rio Linda Preparatory Academy; Norwood Junior High School,5; 5,,,Natomas,38.68737,-121.55224
aAf3x000001QGPBCA4,Northlake/Lakelet,Lennar,,Active,Northlake,"Integral Communities, Lennar",Residence 2419,4,3.5,2,2,2419,692990,12/4/2025,aAa3x000000ZvUcCAK,Non Active Adult,95835,Sacramento,Sacramento,6067,"Sacramento-Roseville-Folsom, CA",40900,CA,Twin Rivers Unified School District,Regency Park Elementary School,7,Rio Linda Preparatory Academy; Norwood Junior High School,5; 5,,,Natomas,38.68737,-121.55224
aAfPc000001hzELKAY,Orion at Soliare,Taylor Morrison,,Active,Solaire,"Sierra Vista Landowners Group, Westpark Communities",Mae,3,2.5,2,2,1996,599999,11/18/2025,aAaPc000000x07pKAA,Non Active Adult,95747,Roseville,Placer,6061,"Sacramento-Roseville-Folsom, CA",40900,CA,Roseville City Elementary School District,,,Barbara Chilton Middle School,7,West Park High,8,Roseville,38.77513,-121.38566
aAfPc000001hzELKAY,Orion at Soliare,Taylor Morrison,,Active,Solaire,"Sierra Vista Landowners Group, Westpark Communities",Vale,4,3,2,2,2265,629999,11/18/2025,aAaPc000000x07qKAA,Non Active Adult,95747,Roseville,Placer,6061,"Sacramento-Roseville-Folsom, CA",40900,CA,Roseville City Elementary School District,,,Barbara Chilton Middle School,7,West Park High,8,Roseville,38.77513,-121.38566
aAfPc000001hzELKAY,Orion at Soliare,Taylor Morrison,,Active,Solaire,"Sierra Vista Landowners Group, Westpark Communities",Piper,4,3,2,2,2137,614999,11/18/2025,aAaPc000000x07rKAA,Non Active Adult,95747,Roseville,Placer,6061,"Sacramento-Roseville-Folsom, CA",40900,CA,Roseville City Elementary School District,,,Barbara Chilton Middle School,7,West Park High,8,Roseville,38.77513,-121.38566
aAfPc000001TMT5KAO,Finale at Whitney Ranch,Anthem United,,Active,Whitney Ranch,"Sunset Ranchos Investors, LLC",Plan 1,4,3.5,1,3,3216,1129000,11/2/2025,aAaPc000000hKrXKAU,Non Active Adult,95765,Rocklin,Placer,6061,"Sacramento-Roseville-Folsom, CA",40900,CA,Rocklin Unified School District,Valley View Elementary School,8,Granite Oaks Middle School,7,Whitney High School,9,Rocklin,38.83311,-121.2678
aAfPc000001TMT5KAO,Finale at Whitney Ranch,Anthem United,,Active,Whitney Ranch,"Sunset Ranchos Investors, LLC",Plan 2,4,3.5,0,3,3897,1229000,11/2/2025,aAaPc000000hKrYKAU,Non Active Adult,95765,Rocklin,Placer,6061,"Sacramento-Roseville-Folsom, CA",40900,CA,Rocklin Unified School District,Valley View Elementary School,8,Granite Oaks Middle School,7,Whitney High School,9,Rocklin,38.83311,-121.2678
aAfPc000001TMT5KAO,Finale at Whitney Ranch,Anthem United,,Active,Whitney Ranch,"Sunset Ranchos Investors, LLC",Plan 3,5,4.5,2,4,4088,1240000,11/2/2025,aAaPc000000hKrZKAU,Non Active Adult,95765,Rocklin,Placer,6061,"Sacramento-Roseville-Folsom, CA",40900,CA,Rocklin Unified School District,Valley View Elementary School,8,Granite Oaks Middle School,7,Whitney High School,9,Rocklin,38.83311,-121.2678
aAfPc000001FL20KAG,Westhaven at Whitney Ranch,KB Home,,Active,Whitney Ranch,"Sunset Ranchos Investors, LLC",Plan 1882,3,2.5,2,2,1882,535990,11/5/2025,aAaPc000000bOEhKAM,Non Active Adult,95765,Rocklin,Placer,6061,"Sacramento-Roseville-Folsom, CA",40900,CA,Rocklin Unified School District,Sunset Ranch Elementary School,7,Granite Oaks Middle School,7,Whitney High School,9,Rocklin,38.82907,-121.28832
aAfPc000001FL20KAG,Westhaven at Whitney Ranch,KB Home,,Active,Whitney Ranch,"Sunset Ranchos Investors, LLC",Plan 1688 Modeled,3,2.5,2,2,1688,507990,11/5/2025,aAaPc000000bOEiKAM,Non Active Adult,95765,Rocklin,Placer,6061,"Sacramento-Roseville-Folsom, CA",40900,CA,Rocklin Unified School District,Sunset Ranch Elementary School,7,Granite Oaks Middle School,7,Whitney High School,9,Rocklin,38.82907,-121.28832
aAfPc000001FL20KAG,Westhaven at Whitney Ranch,KB Home,,Active,Whitney Ranch,"Sunset Ranchos Investors, LLC",Plan 1787 Modeled,3,2.5,2,2,1787,527990,11/5/2025,aAaPc000000bOEkKAM,Non Active Adult,95765,Rocklin,Placer,6061,"Sacramento-Roseville-Folsom, CA",40900,CA,Rocklin Unified School District,Sunset Ranch Elementary School,7,Granite Oaks Middle School,7,Whitney High School,9,Rocklin,38.82907,-121.28832
aAfPc000001bYjmKAE,Tesoro At Amoruso Ranch,Brookfield Residential,,Active,Amoruso Ranch,Brookfield Residential,Residence 2,4,3.5,2,3,2925,818193,11/15/2025,aAaPc000000di8SKAQ,Non Active Adult,95747,Roseville,Placer,6061,"Sacramento-Roseville-Folsom, CA",40900,CA,Roseville City Elementary School District,,,George A. Buljan Middle School,4,West Park High,8,Roseville,38.8164,-121.3867
aAfPc000001bYjmKAE,Tesoro At Amoruso Ranch,Brookfield Residential,,Active,Amoruso Ranch,Brookfield Residential,Residence 4,5,4.5,2,3,4066,979690,11/15/2025,aAaPc000000di8TKAQ,Non Active Adult,95747,Roseville,Placer,6061,"Sacramento-Roseville-Folsom, CA",40900,CA,Roseville City Elementary School District,,,George A. Buljan Middle School,4,West Park High,8,Roseville,38.8164,-121.3867
aAfPc000001bYjmKAE,Tesoro At Amoruso Ranch,Brookfield Residential,,Active,Amoruso Ranch,Brookfield Residential,Residence 3,5,4.5,2,3,3606,868143,11/15/2025,aAaPc000000di8UKAQ,Non Active Adult,95747,Roseville,Placer,6061,"Sacramento-Roseville-Folsom, CA",40900,CA,Roseville City Elementary School District,,,George A. Buljan Middle School,4,West Park High,8,Roseville,38.8164,-121.3867
aAfPc000001bYjmKAE,Tesoro At Amoruso Ranch,Brookfield Residential,,Active,Amoruso Ranch,Brookfield Residential,Residence 1,3,3,1,2,2339,689990,12/11/2025,aAaPc000000di8VKAQ,Non Active Adult,95747,Roseville,Placer,6061,"Sacramento-Roseville-Folsom, CA",40900,CA,Roseville City Elementary School District,,,George A. Buljan Middle School,4,West Park High,8,Roseville,38.8164,-121.3867
aAfPc000001FL20KAG,Westhaven at Whitney Ranch,KB Home,,Active,Whitney Ranch,"Sunset Ranchos Investors, LLC",Plan 1570,3,2.5,2,2,1570,499160,11/5/2025,aAaPc000000SYd3KAG,Non Active Adult,95765,Rocklin,Placer,6061,"Sacramento-Roseville-Folsom, CA",40900,CA,Rocklin Unified School District,Sunset Ranch Elementary School,7,Granite Oaks Middle School,7,Whitney High School,9,Rocklin,38.82907,-121.28832
aAf3x000001YjiBCAS,Esplanade at Turkey Creek/Classics,Taylor Morrison,,Active,,,Willow,2,2,1,2,1651,584999,11/21/2025,aAaPc000000Z2tNKAS,Active Adult,95648,Lincoln,Placer,6061,"Sacramento-Roseville-Folsom, CA",40900,CA,Western Placer Unified School District,Carlin C. Coppin Elementary School,5,Glen Edwards Middle School,5,Lincoln High School,6,Lincoln,38.89153,-121.27753
aAf3x000001QXHGCA4,Crowne Point/Woods,Tim Lewis Communities,,Active,,,Plan 1,4,3,1,2,2459,1004500,11/3/2025,aAaPc00000080vhKAA,Non Active Adult,95677,Rocklin,Placer,6061,"Sacramento-Roseville-Folsom, CA",40900,CA,Loomis Union Elementary School District,,,,,Del Oro High School,10,Auburn / Granite Bay,38.79742,-121.19677
aAf3x000001QXHGCA4,Crowne Point/Woods,Tim Lewis Communities,,Active,,,Plan 1X,4,3,2,2,3075,1094500,11/3/2025,aAaPc00000080xJKAQ,Non Active Adult,95677,Rocklin,Placer,6061,"Sacramento-Roseville-Folsom, CA",40900,CA,Loomis Union Elementary School District,,,,,Del Oro High School,10,Auburn / Granite Bay,38.79742,-121.19677
aAf3x000001QXHGCA4,Crowne Point/Woods,Tim Lewis Communities,,Active,,,Plan 2,4,3,1,2,2716,1054500,11/3/2025,aAaPc00000080yvKAA,Non Active Adult,95677,Rocklin,Placer,6061,"Sacramento-Roseville-Folsom, CA",40900,CA,Loomis Union Elementary School District,,,,,Del Oro High School,10,Auburn / Granite Bay,38.79742,-121.19677
aAf3x000001QXHGCA4,Crowne Point/Woods,Tim Lewis Communities,,Active,,,Plan 2X,4,3,2,3,3903,1169500,11/3/2025,aAaPc000000810XKAQ,Non Active Adult,95677,Rocklin,Placer,6061,"Sacramento-Roseville-Folsom, CA",40900,CA,Loomis Union Elementary School District,,,,,Del Oro High School,10,Auburn / Granite Bay,38.79742,-121.19677
aAf3x000001QXHGCA4,Crowne Point/Woods,Tim Lewis Communities,,Active,,,Plan 3,4,3,2,3,2843,1169005,11/3/2025,aAaPc0000008129KAA,Non Active Adult,95677,Rocklin,Placer,6061,"Sacramento-Roseville-Folsom, CA",40900,CA,Loomis Union Elementary School District,,,,,Del Oro High School,10,Auburn / Granite Bay,38.79742,-121.19677
aAf3x000001QXHGCA4,Crowne Point/Woods,Tim Lewis Communities,,Active,,,Plan 4,4,4.5,2,2,3486,1124500,11/3/2025,aAaPc000000813lKAA,Non Active Adult,95677,Rocklin,Placer,6061,"Sacramento-Roseville-Folsom, CA",40900,CA,Loomis Union Elementary School District,,,,,Del Oro High School,10,Auburn / Granite Bay,38.79742,-121.19677
aAf3x000001QXHGCA4,Crowne Point/Woods,Tim Lewis Communities,,Active,,,Plan 5,5,5.5,3,3,4080,1214500,11/3/2025,aAaPc000000815NKAQ,Non Active Adult,95677,Rocklin,Placer,6061,"Sacramento-Roseville-Folsom, CA",40900,CA,Loomis Union Elementary School District,,,,,Del Oro High School,10,Auburn / Granite Bay,38.79742,-121.19677
aAfPc0000008w0PKAQ,Poppy Meadows/Primrose,Beazer Homes,,Active,,,Plan 2,3,2.5,2,2,2445,715990,12/7/2025,aAaPc0000007R3VKAU,Non Active Adult,95757,Elk Grove,Sacramento,6067,"Sacramento-Roseville-Folsom, CA",40900,CA,Elk Grove Unified School District,Zehnder Ranch Elementary,8,Elizabeth Pinkerton Middle School,8,Cosumnes Oaks High School,10,Laguna / Elk Grove,38.3905,-121.4072
aAfPc0000008w0PKAQ,Poppy Meadows/Primrose,Beazer Homes,,Active,,,Plan 5,3,3,2,3,3101,812990,12/7/2025,aAaPc0000007R3WKAU,Non Active Adult,95757,Elk Grove,Sacramento,6067,"Sacramento-Roseville-Folsom, CA",40900,CA,Elk Grove Unified School District,Zehnder Ranch Elementary,8,Elizabeth Pinkerton Middle School,8,Cosumnes Oaks High School,10,Laguna / Elk Grove,38.3905,-121.4072
aAfPc0000008w0PKAQ,Poppy Meadows/Primrose,Beazer Homes,,Active,,,Plan 4,4,2.5,2,3,2804,775990,12/7/2025,aAaPc0000007R3XKAU,Non Active Adult,95757,Elk Grove,Sacramento,6067,"Sacramento-Roseville-Folsom, CA",40900,CA,Elk Grove Unified School District,Zehnder Ranch Elementary,8,Elizabeth Pinkerton Middle School,8,Cosumnes Oaks High School,10,Laguna / Elk Grove,38.3905,-121.4072
aAfPc0000008w0PKAQ,Poppy Meadows/Primrose,Beazer Homes,,Active,,,Plan 1,3,2,1,3,2038,680990,12/7/2025,aAaPc0000007R3YKAU,Non Active Adult,95757,Elk Grove,Sacramento,6067,"Sacramento-Roseville-Folsom, CA",40900,CA,Elk Grove Unified School District,Zehnder Ranch Elementary,8,Elizabeth Pinkerton Middle School,8,Cosumnes Oaks High School,10,Laguna / Elk Grove,38.3905,-121.4072
aAf3x000001YjiBCAS,Esplanade at Turkey Creek/Classics,Taylor Morrison,,Active,,,Lake,2,2,1,2,1792,612999,11/21/2025,aAa3x000000gxmrCAA,Active Adult,95648,Lincoln,Placer,6061,"Sacramento-Roseville-Folsom, CA",40900,CA,Western Placer Unified School District,Carlin C. Coppin Elementary School,5,Glen Edwards Middle School,5,Lincoln High School,6,Lincoln,38.89153,-121.27753
aAf3x000001YjiBCAS,Esplanade at Turkey Creek/Classics,Taylor Morrison,,Active,,,River,2,2,1,2,1933,624999,11/21/2025,aAa3x000000gxmwCAA,Active Adult,95648,Lincoln,Placer,6061,"Sacramento-Roseville-Folsom, CA",40900,CA,Western Placer Unified School District,Carlin C. Coppin Elementary School,5,Glen Edwards Middle School,5,Lincoln High School,6,Lincoln,38.89153,-121.27753
aAf3x000001QGOSCA4,Northlake/Shor,Lennar,,Active,Northlake,"Integral Communities, Lennar",Residence 1765,3,2.5,2,2,1765,570990,12/3/2025,aAa3x000000ZwRmCAK,Non Active Adult,95835,Sacramento,Sacramento,6067,"Sacramento-Roseville-Folsom, CA",40900,CA,Twin Rivers Unified School District,Regency Park Elementary School,7,Rio Linda Preparatory Academy; Norwood Junior High School,5; 5,,,Natomas,38.68306,-121.55019
aAf3x000001QGOSCA4,Northlake/Shor,Lennar,,Active,Northlake,"Integral Communities, Lennar",Residence 1941,3,2.5,2,2,1941,599990,12/3/2025,aAa3x000000ZwRnCAK,Non Active Adult,95835,Sacramento,Sacramento,6067,"Sacramento-Roseville-Folsom, CA",40900,CA,Twin Rivers Unified School District,Regency Park Elementary School,7,Rio Linda Preparatory Academy; Norwood Junior High School,5; 5,,,Natomas,38.68306,-121.55019
aAf3x000001QGOSCA4,Northlake/Shor,Lennar,,Active,Northlake,"Integral Communities, Lennar",Residence 2179,4,3,2,2,2179,653990,12/3/2025,aAa3x000000ZwRoCAK,Non Active Adult,95835,Sacramento,Sacramento,6067,"Sacramento-Roseville-Folsom, CA",40900,CA,Twin Rivers Unified School District,Regency Park Elementary School,7,Rio Linda Preparatory Academy; Norwood Junior High School,5; 5,,,Natomas,38.68306,-121.55019
aAf3x000001QGOSCA4,Northlake/Shor,Lennar,,Active,Northlake,"Integral Communities, Lennar",Residence 2018,4,3,2,2,2018,630990,12/3/2025,aAa3x000000YH49CAG,Non Active Adult,95835,Sacramento,Sacramento,6067,"Sacramento-Roseville-Folsom, CA",40900,CA,Twin Rivers Unified School District,Regency Park Elementary School,7,Rio Linda Preparatory Academy; Norwood Junior High School,5; 5,,,Natomas,38.68306,-121.55019
aAfPc0000008w0PKAQ,Poppy Meadows/Primrose,Beazer Homes,,Active,,,Plan 5,3,3,2,3,3101,812990,11/27/2025,aAaPc00000123L6KAI,Non Active Adult,95757,Elk Grove,Sacramento,6067,"Sacramento-Roseville-Folsom, CA",40900,CA,Elk Grove Unified School District,Zehnder Ranch Elementary,8,Elizabeth Pinkerton Middle School,8,Cosumnes Oaks High School,10,Laguna / Elk Grove,38.3905,-121.4072
aAfPc0000008w0PKAQ,Poppy Meadows/Primrose,Beazer Homes,,Active,,,Plan 3,3,3,1,2,2450,725990,11/27/2025,aAaPc00000123L7KAI,Non Active Adult,95757,Elk Grove,Sacramento,6067,"Sacramento-Roseville-Folsom, CA",40900,CA,Elk Grove Unified School District,Zehnder Ranch Elementary,8,Elizabeth Pinkerton Middle School,8,Cosumnes Oaks High School,10,Laguna / Elk Grove,38.3905,-121.4072
aAfPc000001gsmbKAA,Cedar Grove at Summerfield,Lennar,,Active,,,Residence 2018,3,2,1,3,2018,654870,11/18/2025,aAaPc000000zdzDKAQ,Non Active Adult,95632,Galt,Sacramento,6067,"Sacramento-Roseville-Folsom, CA",40900,CA,Galt Joint Union Elementary School District,Marengo Ranch Elementary School,5,Mccaffrey Middle School,6,Liberty Ranch High School,8,South Sacramento County,38.29343,-121.28235
aAfPc000001gsmbKAA,Cedar Grove at Summerfield,Lennar,,Active,,,Residence 2476,4,2.5,1,3,2476,699170,11/18/2025,aAaPc000000zdzEKAQ,Non Active Adult,95632,Galt,Sacramento,6067,"Sacramento-Roseville-Folsom, CA",40900,CA,Galt Joint Union Elementary School District,Marengo Ranch Elementary School,5,Mccaffrey Middle School,6,Liberty Ranch High School,8,South Sacramento County,38.29343,-121.28235
aAfPc000001gsmbKAA,Cedar Grove at Summerfield,Lennar,,Active,,,Residence 2203,4,3,2,3,2203,688270,11/18/2025,aAaPc000000zdzFKAQ,Non Active Adult,95632,Galt,Sacramento,6067,"Sacramento-Roseville-Folsom, CA",40900,CA,Galt Joint Union Elementary School District,Marengo Ranch Elementary School,5,Mccaffrey Middle School,6,Liberty Ranch High School,8,South Sacramento County,38.29343,-121.28235
aAfPc000001gsmbKAA,Cedar Grove at Summerfield,Lennar,,Active,,,Residence 2448,4,3,2,3,2448,703170,11/18/2025,aAaPc000000zdzGKAQ,Non Active Adult,95632,Galt,Sacramento,6067,"Sacramento-Roseville-Folsom, CA",40900,CA,Galt Joint Union Elementary School District,Marengo Ranch Elementary School,5,Mccaffrey Middle School,6,Liberty Ranch High School,8,South Sacramento County,38.29343,-121.28235
aAfPc000000R5bVKAS,Aviara at Amoruso Ranch/Express,D.R. Horton,"D.R. Horton, Inc.",Active,Amoruso Ranch,Brookfield Residential,Plan 1825,4,2,1,2,1825,626490,12/5/2025,aAaPc000000v7OwKAI,Non Active Adult,95747,Roseville,Placer,6061,"Sacramento-Roseville-Folsom, CA",40900,CA,Roseville City Elementary School District,,,George A. Buljan Middle School,4,West Park High,8,Roseville,38.81112,-121.38662
aAfPc000000R5bVKAS,Aviara at Amoruso Ranch/Express,D.R. Horton,"D.R. Horton, Inc.",Active,Amoruso Ranch,Brookfield Residential,Plan 2311,5,3,2,2,2311,649490,12/5/2025,aAaPc000000v7OzKAI,Non Active Adult,95747,Roseville,Placer,6061,"Sacramento-Roseville-Folsom, CA",40900,CA,Roseville City Elementary School District,,,George A. Buljan Middle School,4,West Park High,8,Roseville,38.81112,-121.38662
aAfPc000001dTBFKA2,Cherry Knolls,Richmond American Homes,,Active,,,Morello,3,2.5,2,2,1730,555950,11/26/2025,aAaPc000000gNTKKA2,Non Active Adult,95757,Elk Grove,Sacramento,6067,"Sacramento-Roseville-Folsom, CA",40900,CA,Elk Grove Unified School District,Zehnder Ranch Elementary,8,Elizabeth Pinkerton Middle School,8,Cosumnes Oaks High School,10,Laguna / Elk Grove,38.3823,-121.38747
aAfPc000001dTBFKA2,Cherry Knolls,Richmond American Homes,,Active,,,Tulare,3,2.5,2,2,1960,575950,11/26/2025,aAaPc000000gNTLKA2,Non Active Adult,95757,Elk Grove,Sacramento,6067,"Sacramento-Roseville-Folsom, CA",40900,CA,Elk Grove Unified School District,Zehnder Ranch Elementary,8,Elizabeth Pinkerton Middle School,8,Cosumnes Oaks High School,10,Laguna / Elk Grove,38.3823,-121.38747
aAfPc000001dTBFKA2,Cherry Knolls,Richmond American Homes,,Active,,,Somerset,4,3,2,2,2070,599950,11/26/2025,aAaPc000000gNTMKA2,Non Active Adult,95757,Elk Grove,Sacramento,6067,"Sacramento-Roseville-Folsom, CA",40900,CA,Elk Grove Unified School District,Zehnder Ranch Elementary,8,Elizabeth Pinkerton Middle School,8,Cosumnes Oaks High School,10,Laguna / Elk Grove,38.3823,-121.38747
aAf3x000001WhoACAS,Tribute Pointe at Whitney Ranch,JMC Homes,,Active,Whitney Ranch,"Sunset Ranchos Investors, LLC",Plan 2405,3,3.5,1,3,2405,1049990,11/25/2025,aAa3x000000UUi3CAG,Non Active Adult,95765,Rocklin,Placer,6061,"Sacramento-Roseville-Folsom, CA",40900,CA,Rocklin Unified School District,Valley View Elementary School,8,Granite Oaks Middle School,7,Whitney High School,9,Rocklin,38.83685,-121.25632
aAf3x000001WhoACAS,Tribute Pointe at Whitney Ranch,JMC Homes,,Active,Whitney Ranch,"Sunset Ranchos Investors, LLC",Plan 2741,4,3.5,2,3,2741,1199990,11/25/2025,aAa3x000000UUi8CAG,Non Active Adult,95765,Rocklin,Placer,6061,"Sacramento-Roseville-Folsom, CA",40900,CA,Rocklin Unified School District,Valley View Elementary School,8,Granite Oaks Middle School,7,Whitney High School,9,Rocklin,38.83685,-121.25632
aAf3x000001WhoACAS,Tribute Pointe at Whitney Ranch,JMC Homes,,Active,Whitney Ranch,"Sunset Ranchos Investors, LLC",Plan 3538,5,4.5,2,3,3538,1439990,11/25/2025,aAa3x000000UUiDCAW,Non Active Adult,95765,Rocklin,Placer,6061,"Sacramento-Roseville-Folsom, CA",40900,CA,Rocklin Unified School District,Valley View Elementary School,8,Granite Oaks Middle School,7,Whitney High School,9,Rocklin,38.83685,-121.25632
aAf3x000001QMNwCAO,The Glen,Blue Mountain Communities,,Active,,,Alder,3,2,1,2,1873,804990,11/17/2025,aAa3x000000YcVZCA0,Non Active Adult,95746,Granite Bay,Placer,6061,"Sacramento-Roseville-Folsom, CA",40900,CA,Eureka Union School District,Oakhills Elementary School; Ridgeview Elementary School,10; 8,Willma Cavitt Junior High School,9,Granite Bay High School,10,Auburn / Granite Bay,38.73601,-121.17389
aAf3x000001QMNwCAO,The Glen,Blue Mountain Communities,,Active,,,Willow,4,2.5,2,2,2590,879990,11/17/2025,aAa3x000000YcVaCAK,Non Active Adult,95746,Granite Bay,Placer,6061,"Sacramento-Roseville-Folsom, CA",40900,CA,Eureka Union School District,Oakhills Elementary School; Ridgeview Elementary School,10; 8,Willma Cavitt Junior High School,9,Granite Bay High School,10,Auburn / Granite Bay,38.73601,-121.17389
aAf3x000001QMNwCAO,The Glen,Blue Mountain Communities,,Active,,,Sequoia,4,3,2,2,2566,899990,11/17/2025,aAa3x000000YcVbCAK,Non Active Adult,95746,Granite Bay,Placer,6061,"Sacramento-Roseville-Folsom, CA",40900,CA,Eureka Union School District,Oakhills Elementary School; Ridgeview Elementary School,10; 8,Willma Cavitt Junior High School,9,Granite Bay High School,10,Auburn / Granite Bay,38.73601,-121.17389
aAf3x000001QNSVCA4,Estates at Newport,Seeno Homes,,Active,,,Argo,4,3,1,2,2105,735520,10/15/2025,aAa3x000000Ybq4CAC,Non Active Adult,95691,West Sacramento,Yolo,6113,"Sacramento-Roseville-Folsom, CA",40900,CA,,Stonegate Elementary School,6,Stonegate Elementary School,6,River City High School,7,West Sacramento,38.54786,-121.51609
aAf3x000001QNSVCA4,Estates at Newport,Seeno Homes,,Active,,,Baltic,4,3,2,2,2770,794705,10/15/2025,aAa3x000000Ybq5CAC,Non Active Adult,95691,West Sacramento,Yolo,6113,"Sacramento-Roseville-Folsom, CA",40900,CA,,Stonegate Elementary School,6,Stonegate Elementary School,6,River City High School,7,West Sacramento,38.54786,-121.51609
aAf3x000001QNSVCA4,Estates at Newport,Seeno Homes,,Active,,,Caspian,4,3,2,2,2869,835310,10/15/2025,aAa3x000000Ybq6CAC,Non Active Adult,95691,West Sacramento,Yolo,6113,"Sacramento-Roseville-Folsom, CA",40900,CA,,Stonegate Elementary School,6,Stonegate Elementary School,6,River City High School,7,West Sacramento,38.54786,-121.51609
aAf3x000001QNIECA4,Cresleigh Ranch/Magnolia Station,Cresleigh Homes,,Active,,,Residence 1,3,2,1,2,2293,693000,11/10/2025,aAa3x000000Yf97CAC,Non Active Adult,95742,Rancho Cordova,Sacramento,6067,"Sacramento-Roseville-Folsom, CA",40900,CA,Elk Grove Unified School District,Sunrise Elementary School,7,Katherine L. Albiani Middle School,8,Pleasant Grove High School,9,Rancho Cordova,38.55631,-121.22176
aAf3x000001QNIECA4,Cresleigh Ranch/Magnolia Station,Cresleigh Homes,,Active,,,Residence 2,3,3,1,3,2627,734000,11/10/2025,aAa3x000000Yf98CAC,Non Active Adult,95742,Rancho Cordova,Sacramento,6067,"Sacramento-Roseville-Folsom, CA",40900,CA,Elk Grove Unified School District,Sunrise Elementary School,7,Katherine L. Albiani Middle School,8,Pleasant Grove High School,9,Rancho Cordova,38.55631,-121.22176
aAf3x000001QNIECA4,Cresleigh Ranch/Magnolia Station,Cresleigh Homes,,Active,,,Residence 3,4,2.5,1,3,2827,761000,11/10/2025,aAa3x000000Yf99CAC,Non Active Adult,95742,Rancho Cordova,Sacramento,6067,"Sacramento-Roseville-Folsom, CA",40900,CA,Elk Grove Unified School District,Sunrise Elementary School,7,Katherine L. Albiani Middle School,8,Pleasant Grove High School,9,Rancho Cordova,38.55631,-121.22176
aAf3x000001QNIECA4,Cresleigh Ranch/Magnolia Station,Cresleigh Homes,,Active,,,Residence 4,4,3.5,2,3,3489,813000,11/10/2025,aAa3x000000Yf9ACAS,Non Active Adult,95742,Rancho Cordova,Sacramento,6067,"Sacramento-Roseville-Folsom, CA",40900,CA,Elk Grove Unified School District,Sunrise Elementary School,7,Katherine L. Albiani Middle School,8,Pleasant Grove High School,9,Rancho Cordova,38.55631,-121.22176
aAf3x000001QNIECA4,Cresleigh Ranch/Magnolia Station,Cresleigh Homes,,Active,,,Residence 5,5,3.5,2,4,3731,865000,11/10/2025,aAa3x000000Yf9BCAS,Non Active Adult,95742,Rancho Cordova,Sacramento,6067,"Sacramento-Roseville-Folsom, CA",40900,CA,Elk Grove Unified School District,Sunrise Elementary School,7,Katherine L. Albiani Middle School,8,Pleasant Grove High School,9,Rancho Cordova,38.55631,-121.22176
aAf3x000001QUZbCAO,Wildhawk North/Trailhead,Taylor Morrison,,Active,,,Archer Plan 9,3,2.5,2,2,2188,580999,12/8/2025,aAa3x000000YuCHCA0,Non Active Adult,95829,Sacramento,Sacramento,6067,"Sacramento-Roseville-Folsom, CA",40900,CA,Elk Grove Unified School District,Arnold Adreani Elementary School,8,Katherine L. Albiani Middle School,8,Pleasant Grove High School,9,Florin / Vineyard,38.48124,-121.32144
aAf3x000001QUZbCAO,Wildhawk North/Trailhead,Taylor Morrison,,Active,,,Hawkins Plan 10,3,2.5,2,2,2227,584999,12/8/2025,aAa3x000000YuCICA0,Non Active Adult,95829,Sacramento,Sacramento,6067,"Sacramento-Roseville-Folsom, CA",40900,CA,Elk Grove Unified School District,Arnold Adreani Elementary School,8,Katherine L. Albiani Middle School,8,Pleasant Grove High School,9,Florin / Vineyard,38.48124,-121.32144
aAf3x000001QUZbCAO,Wildhawk North/Trailhead,Taylor Morrison,,Active,,,Osa Plan 11,3,2.5,2,2,2437,614999,12/8/2025,aAa3x000000YuCJCA0,Non Active Adult,95829,Sacramento,Sacramento,6067,"Sacramento-Roseville-Folsom, CA",40900,CA,Elk Grove Unified School District,Arnold Adreani Elementary School,8,Katherine L. Albiani Middle School,8,Pleasant Grove High School,9,Florin / Vineyard,38.48124,-121.32144
aAf3x000001QUZbCAO,Wildhawk North/Trailhead,Taylor Morrison,,Active,,,Wilder Plan 12,3,2.5,2,2,2379,611999,12/8/2025,aAa3x000000YuCKCA0,Non Active Adult,95829,Sacramento,Sacramento,6067,"Sacramento-Roseville-Folsom, CA",40900,CA,Elk Grove Unified School District,Arnold Adreani Elementary School,8,Katherine L. Albiani Middle School,8,Pleasant Grove High School,9,Florin / Vineyard,38.48124,-121.32144
aAf3x000001QejBCAS,Paseos at Carmichael,Homes by Towne,,Active,,,Plan 1,2,2,1,2,1143,568000,10/10/2025,aAa3x000000ZwY9CAK,Non Active Adult,95608,Carmichael,Sacramento,6067,"Sacramento-Roseville-Folsom, CA",40900,CA,San Juan Unified School District,Carmichael Elementary School,3,John Barrett Middle School,5,Del Campo High School,5,Carmichael / Fair Oaks,38.63772,-121.31121
aAf3x000001QejBCAS,Paseos at Carmichael,Homes by Towne,,Active,,,Plan 2,3,2,1,2,1411,580000,10/10/2025,aAa3x000000ZwYACA0,Non Active Adult,95608,Carmichael,Sacramento,6067,"Sacramento-Roseville-Folsom, CA",40900,CA,San Juan Unified School District,Carmichael Elementary School,3,John Barrett Middle School,5,Del Campo High School,5,Carmichael / Fair Oaks,38.63772,-121.31121
aAf3x000001QejBCAS,Paseos at Carmichael,Homes by Towne,,Active,,,Plan 3,3,3,2,2,1938,625500,10/10/2025,aAa3x000000ZwYBCA0,Non Active Adult,95608,Carmichael,Sacramento,6067,"Sacramento-Roseville-Folsom, CA",40900,CA,San Juan Unified School District,Carmichael Elementary School,3,John Barrett Middle School,5,Del Campo High School,5,Carmichael / Fair Oaks,38.63772,-121.31121
aAf3x000001WhoACAS,Tribute Pointe at Whitney Ranch,JMC Homes,,Active,Whitney Ranch,"Sunset Ranchos Investors, LLC",Plan 2911,4,3.5,2,3,2911,1169990,11/25/2025,aAa3x000000ZxMUCA0,Non Active Adult,95765,Rocklin,Placer,6061,"Sacramento-Roseville-Folsom, CA",40900,CA,Rocklin Unified School District,Valley View Elementary School,8,Granite Oaks Middle School,7,Whitney High School,9,Rocklin,38.83685,-121.25632
aAf3x000001WhoACAS,Tribute Pointe at Whitney Ranch,JMC Homes,,Active,Whitney Ranch,"Sunset Ranchos Investors, LLC",Plan 4001,5,4.5,2,3,4001,1359990,11/25/2025,aAa3x000000ZxMeCAK,Non Active Adult,95765,Rocklin,Placer,6061,"Sacramento-Roseville-Folsom, CA",40900,CA,Rocklin Unified School District,Valley View Elementary School,8,Granite Oaks Middle School,7,Whitney High School,9,Rocklin,38.83685,-121.25632
aAf3x000001YekqCAC,Regency at Folsom Ranch/Mendocino,Toll Brothers,,Active,Folsom Ranch,"New Home Co., Westland Capital Partners",Covelo,2,2.5,1,2,1815,745000,12/11/2025,aAa3x000000gqNiCAI,Active Adult,95630,Folsom,Sacramento,6067,"Sacramento-Roseville-Folsom, CA",40900,CA,Folsom-Cordova Unified School District,Mangini Ranch Elementary,8,Folsom Middle School,8,Folsom High School,10,Folsom,38.62299,-121.1207
aAf3x000001YekqCAC,Regency at Folsom Ranch/Mendocino,Toll Brothers,,Active,Folsom Ranch,"New Home Co., Westland Capital Partners",Covelo,2,2.5,1,2,1815,714995,9/20/2025,aAa3x000000gqNnCAI,Active Adult,95630,Folsom,Sacramento,6067,"Sacramento-Roseville-Folsom, CA",40900,CA,Folsom-Cordova Unified School District,Mangini Ranch Elementary,8,Folsom Middle School,8,Folsom High School,10,Folsom,38.62299,-121.1207
aAf3x000001YekqCAC,Regency at Folsom Ranch/Mendocino,Toll Brothers,,Active,Folsom Ranch,"New Home Co., Westland Capital Partners",Newman,2,2.5,1,2,1925,781000,12/11/2025,aAa3x000000gqNsCAI,Active Adult,95630,Folsom,Sacramento,6067,"Sacramento-Roseville-Folsom, CA",40900,CA,Folsom-Cordova Unified School District,Mangini Ranch Elementary,8,Folsom Middle School,8,Folsom High School,10,Folsom,38.62299,-121.1207
aAf3x000001QYqLCAW,Aurora Heights at Twelve Bridges,KB Home,,Active,Twelve Bridges,"Placer Holdings, Inc.",Plan 1373,3,2.5,2,2,1373,437990,12/5/2025,aAaPc0000004Rg5KAE,Non Active Adult,95648,Lincoln,Placer,6061,"Sacramento-Roseville-Folsom, CA",40900,CA,Western Placer Unified School District,Twelve Bridges Elementary School,7,Twelve Bridges Middle School,8,Twelve Bridges High School,7,Lincoln,38.85841,-121.29385
aAf3x000001QYqLCAW,Aurora Heights at Twelve Bridges,KB Home,,Active,Twelve Bridges,"Placer Holdings, Inc.",Plan 1803 Modeled,3,2.5,2,2,1803,487990,12/5/2025,aAaPc0000004Rg6KAE,Non Active Adult,95648,Lincoln,Placer,6061,"Sacramento-Roseville-Folsom, CA",40900,CA,Western Placer Unified School District,Twelve Bridges Elementary School,7,Twelve Bridges Middle School,8,Twelve Bridges High School,7,Lincoln,38.85841,-121.29385
aAf3x000001QYqLCAW,Aurora Heights at Twelve Bridges,KB Home,,Active,Twelve Bridges,"Placer Holdings, Inc.",Plan 1718,3,2.5,2,2,1718,475990,12/5/2025,aAaPc0000004Rg7KAE,Non Active Adult,95648,Lincoln,Placer,6061,"Sacramento-Roseville-Folsom, CA",40900,CA,Western Placer Unified School District,Twelve Bridges Elementary School,7,Twelve Bridges Middle School,8,Twelve Bridges High School,7,Lincoln,38.85841,-121.29385
aAf3x000001QYqLCAW,Aurora Heights at Twelve Bridges,KB Home,,Active,Twelve Bridges,"Placer Holdings, Inc.",Plan 1652 Modeled,3,2.5,2,2,1652,475990,12/9/2025,aAaPc0000004Rg8KAE,Non Active Adult,95648,Lincoln,Placer,6061,"Sacramento-Roseville-Folsom, CA",40900,CA,Western Placer Unified School District,Twelve Bridges Elementary School,7,Twelve Bridges Middle School,8,Twelve Bridges High School,7,Lincoln,38.85841,-121.29385
aAf3x000001QYqLCAW,Aurora Heights at Twelve Bridges,KB Home,,Active,Twelve Bridges,"Placer Holdings, Inc.",Plan 1507 Modeled,3,2.5,2,2,1507,454990,12/5/2025,aAaPc0000004Rg9KAE,Non Active Adult,95648,Lincoln,Placer,6061,"Sacramento-Roseville-Folsom, CA",40900,CA,Western Placer Unified School District,Twelve Bridges Elementary School,7,Twelve Bridges Middle School,8,Twelve Bridges High School,7,Lincoln,38.85841,-121.29385
aAf3x000001QedFCAS,Vibrance at Solaire,TRI Pointe Homes,"TRI Pointe Homes, Inc.",Active,Solaire,"Sierra Vista Landowners Group, Westpark Communities",Plan 1,3,2.5,2,2,2023,622088,11/24/2025,aAaPc0000004nMMKAY,Non Active Adult,95747,Roseville,Placer,6061,"Sacramento-Roseville-Folsom, CA",40900,CA,Roseville City Elementary School District,,,Barbara Chilton Middle School,7,West Park High,8,Roseville,38.76686,-121.38821
aAf3x000001QedFCAS,Vibrance at Solaire,TRI Pointe Homes,"TRI Pointe Homes, Inc.",Active,Solaire,"Sierra Vista Landowners Group, Westpark Communities",Plan 2,4,3.5,2,2,2221,657042,11/24/2025,aAaPc0000004nMNKAY,Non Active Adult,95747,Roseville,Placer,6061,"Sacramento-Roseville-Folsom, CA",40900,CA,Roseville City Elementary School District,,,Barbara Chilton Middle School,7,West Park High,8,Roseville,38.76686,-121.38821
aAf3x000001QYqLCAW,Aurora Heights at Twelve Bridges,KB Home,,Active,Twelve Bridges,"Placer Holdings, Inc.",Plan 1622,3,2.5,2,2,1622,469885,12/9/2025,aAaPc0000004vCbKAI,Non Active Adult,95648,Lincoln,Placer,6061,"Sacramento-Roseville-Folsom, CA",40900,CA,Western Placer Unified School District,Twelve Bridges Elementary School,7,Twelve Bridges Middle School,8,Twelve Bridges High School,7,Lincoln,38.85841,-121.29385
aAf3x000001QeGRCA0,Cottages at The Preserve,KB Home,,Active,,,Plan 1824 Modeled,4,3.5,2,2,1824,610033,12/5/2025,aAaPc000000D4p0KAC,Non Active Adult,95843,Antelope,Sacramento,6067,"Sacramento-Roseville-Folsom, CA",40900,CA,Center Joint Unified School District,Arthur S. Dudley Elementary School,4,Wilson C. Riles Middle School,5,Center High,7,Antelope,38.71011,-121.38782
aAf3x000001QNSVCA4,Estates at Newport,Seeno Homes,,Active,,,Argo,4,3,1,2,2105,741000,11/12/2025,aAaPc000000DI5kKAG,Non Active Adult,95691,West Sacramento,Yolo,6113,"Sacramento-Roseville-Folsom, CA",40900,CA,,Stonegate Elementary School,6,Stonegate Elementary School,6,River City High School,7,West Sacramento,38.54786,-121.51609
aAf3x000001QNSVCA4,Estates at Newport,Seeno Homes,,Active,,,Baltic,4,3,2,2,2770,809000,11/12/2025,aAaPc000000DI5lKAG,Non Active Adult,95691,West Sacramento,Yolo,6113,"Sacramento-Roseville-Folsom, CA",40900,CA,,Stonegate Elementary School,6,Stonegate Elementary School,6,River City High School,7,West Sacramento,38.54786,-121.51609
aAf3x000001QNSVCA4,Estates at Newport,Seeno Homes,,Active,,,Caspian,4,3,2,2,2869,834000,11/12/2025,aAaPc000000DI5mKAG,Non Active Adult,95691,West Sacramento,Yolo,6113,"Sacramento-Roseville-Folsom, CA",40900,CA,,Stonegate Elementary School,6,Stonegate Elementary School,6,River City High School,7,West Sacramento,38.54786,-121.51609
aAf3x000001QNSVCA4,Estates at Newport,Seeno Homes,,Active,,,Dawson,4,3.5,2,2,3123,874000,10/15/2025,aAaPc000000DN2LKAW,Non Active Adult,95691,West Sacramento,Yolo,6113,"Sacramento-Roseville-Folsom, CA",40900,CA,,Stonegate Elementary School,6,Stonegate Elementary School,6,River City High School,7,West Sacramento,38.54786,-121.51609
aAfPc000000FRMVKA4,Edgewater at Delta Shores,KB Home,,Active,,,Plan 2693 Modeled,5,3,2,2,2693,645990,12/5/2025,aAaPc000000EMdRKAW,Non Active Adult,95832,Sacramento,Sacramento,6067,"Sacramento-Roseville-Folsom, CA",40900,CA,Sacramento City Unified School District,John H. Still School,4,John H. Still School,4,Luther Burbank High School,4,Pocket / Land Park,38.46586,-121.50294
aAfPc000000FRMVKA4,Edgewater at Delta Shores,KB Home,,Active,,,Plan 2391,4,3,2,2,2391,614990,12/5/2025,aAaPc000000EMdSKAW,Non Active Adult,95832,Sacramento,Sacramento,6067,"Sacramento-Roseville-Folsom, CA",40900,CA,Sacramento City Unified School District,John H. Still School,4,John H. Still School,4,Luther Burbank High School,4,Pocket / Land Park,38.46586,-121.50294
aAfPc000000FRMVKA4,Edgewater at Delta Shores,KB Home,,Active,,,Plan 2188,3,2,1,2,2188,615990,12/5/2025,aAaPc000000EMdTKAW,Non Active Adult,95832,Sacramento,Sacramento,6067,"Sacramento-Roseville-Folsom, CA",40900,CA,Sacramento City Unified School District,John H. Still School,4,John H. Still School,4,Luther Burbank High School,4,Pocket / Land Park,38.46586,-121.50294
aAfPc000000FRMVKA4,Edgewater at Delta Shores,KB Home,,Active,,,Plan 1685 Modeled,3,2,1,2,1685,581990,12/5/2025,aAaPc000000EMdUKAW,Non Active Adult,95832,Sacramento,Sacramento,6067,"Sacramento-Roseville-Folsom, CA",40900,CA,Sacramento City Unified School District,John H. Still School,4,John H. Still School,4,Luther Burbank High School,4,Pocket / Land Park,38.46586,-121.50294
aAfPc000000cngmKAA,Park Place,Century Communities,"Century Communities, Inc.",Active,,,Plan 1,3,2.5,2,2,1706,510990,12/3/2025,aAaPc000000EMdrKAG,Non Active Adult,95824,Sacramento,Sacramento,6067,"Sacramento-Roseville-Folsom, CA",40900,CA,Sacramento City Unified School District,Ethel I. Baker Elementary School,3,Fern Bacon Middle School,4,Hiram W. Johnson High School,3,Florin / Vineyard,38.513,-121.4435
aAfPc000000cngmKAA,Park Place,Century Communities,"Century Communities, Inc.",Active,,,Plan 2,3,2.5,0,2,1945,525990,12/3/2025,aAaPc000000EMdsKAG,Non Active Adult,95824,Sacramento,Sacramento,6067,"Sacramento-Roseville-Folsom, CA",40900,CA,Sacramento City Unified School District,Ethel I. Baker Elementary School,3,Fern Bacon Middle School,4,Hiram W. Johnson High School,3,Florin / Vineyard,38.513,-121.4435
aAfPc000000cngmKAA,Park Place,Century Communities,"Century Communities, Inc.",Active,,,Plan 3,3,2.5,0,2,1518,494990,12/3/2025,aAaPc000000EMdtKAG,Non Active Adult,95824,Sacramento,Sacramento,6067,"Sacramento-Roseville-Folsom, CA",40900,CA,Sacramento City Unified School District,Ethel I. Baker Elementary School,3,Fern Bacon Middle School,4,Hiram W. Johnson High School,3,Florin / Vineyard,38.513,-121.4435
aAfPc000000U2BOKA0,Riverblossom at Montelena,TRI Pointe Homes,"TRI Pointe Homes, Inc.",Active,,,Plan 2,3,2.5,2,2,1923,541844,12/13/2025,aAaPc000000ADrcKAG,Non Active Adult,95742,Rancho Cordova,Sacramento,6067,"Sacramento-Roseville-Folsom, CA",40900,CA,Elk Grove Unified School District,Sunrise Elementary School,7,Katherine L. Albiani Middle School,8,Pleasant Grove High School,9,Rancho Cordova,38.55071,-121.22869
aAfPc000000U2BOKA0,Riverblossom at Montelena,TRI Pointe Homes,"TRI Pointe Homes, Inc.",Active,,,Plan 1,3,2.5,2,2,1752,527521,12/6/2025,aAaPc000000ADrdKAG,Non Active Adult,95742,Rancho Cordova,Sacramento,6067,"Sacramento-Roseville-Folsom, CA",40900,CA,Elk Grove Unified School District,Sunrise Elementary School,7,Katherine L. Albiani Middle School,8,Pleasant Grove High School,9,Rancho Cordova,38.55071,-121.22869
aAfPc0000009yEfKAI,Millau/Twelve Bridges,Century Communities,"Century Communities, Inc.",Active,Twelve Bridges,"Placer Holdings, Inc.",Plan 1 - 1706,3,2.5,0,2,1706,559000,12/3/2025,aAaPc000000C752KAC,Non Active Adult,95648,Lincoln,Placer,6061,"Sacramento-Roseville-Folsom, CA",40900,CA,Western Placer Unified School District,Twelve Bridges Elementary School,7,Twelve Bridges Middle School,8,Twelve Bridges High School,7,Lincoln,38.8559,-121.29072
aAfPc0000009yEfKAI,Millau/Twelve Bridges,Century Communities,"Century Communities, Inc.",Active,Twelve Bridges,"Placer Holdings, Inc.",Plan 2,3,2.5,0,2,1945,579990,12/3/2025,aAaPc000000C753KAC,Non Active Adult,95648,Lincoln,Placer,6061,"Sacramento-Roseville-Folsom, CA",40900,CA,Western Placer Unified School District,Twelve Bridges Elementary School,7,Twelve Bridges Middle School,8,Twelve Bridges High School,7,Lincoln,38.8559,-121.29072
aAfPc000000U2BOKA0,Riverblossom at Montelena,TRI Pointe Homes,"TRI Pointe Homes, Inc.",Active,,,Plan 3,4,3,2,2,2181,599000,12/6/2025,aAaPc000000ADrbKAG,Non Active Adult,95742,Rancho Cordova,Sacramento,6067,"Sacramento-Roseville-Folsom, CA",40900,CA,Elk Grove Unified School District,Sunrise Elementary School,7,Katherine L. Albiani Middle School,8,Pleasant Grove High School,9,Rancho Cordova,38.55071,-121.22869
aAfPc0000018ILlKAM,Arbor Ranch/Residences,Risewell Homes,,Active,,,Plan 5001,3,3.5,1,3,2586,805810,11/10/2025,aAaPc000000KQSzKAO,Non Active Adult,95757,Elk Grove,Sacramento,6067,"Sacramento-Roseville-Folsom, CA",40900,CA,Elk Grove Unified School District,Zehnder Ranch Elementary,8,Elizabeth Pinkerton Middle School,8,Cosumnes Oaks High School,10,Laguna / Elk Grove,38.38322,-121.40383
aAfPc0000018ILlKAM,Arbor Ranch/Residences,Risewell Homes,,Active,,,Plan 5002,4,3.5,2,3,3304,967525,11/10/2025,aAaPc000000KQUbKAO,Non Active Adult,95757,Elk Grove,Sacramento,6067,"Sacramento-Roseville-Folsom, CA",40900,CA,Elk Grove Unified School District,Zehnder Ranch Elementary,8,Elizabeth Pinkerton Middle School,8,Cosumnes Oaks High School,10,Laguna / Elk Grove,38.38322,-121.40383
aAfPc0000018ILlKAM,Arbor Ranch/Residences,Risewell Homes,,Active,,,Plan 5003,5,4.5,2,3,3636,985000,11/10/2025,aAaPc000000KQWDKA4,Non Active Adult,95757,Elk Grove,Sacramento,6067,"Sacramento-Roseville-Folsom, CA",40900,CA,Elk Grove Unified School District,Zehnder Ranch Elementary,8,Elizabeth Pinkerton Middle School,8,Cosumnes Oaks High School,10,Laguna / Elk Grove,38.38322,-121.40383
aAfPc000000sBP8KAM,Terrace Park,TRI Pointe Homes,"TRI Pointe Homes, Inc.",Active,,,Plan 3,4,2.5,2,2,2011,545000,12/7/2025,aAaPc000000F8w8KAC,Non Active Adult,95835,Sacramento,Sacramento,6067,"Sacramento-Roseville-Folsom, CA",40900,CA,Twin Rivers Unified School District,Regency Park Elementary School,7,Rio Linda Preparatory Academy; Norwood Junior High School,5; 5,,,Natomas,38.67837,-121.53498
aAfPc000000sBP8KAM,Terrace Park,TRI Pointe Homes,"TRI Pointe Homes, Inc.",Active,,,Plan 2,3,2.5,2,2,1917,535000,12/7/2025,aAaPc000000F8w9KAC,Non Active Adult,95835,Sacramento,Sacramento,6067,"Sacramento-Roseville-Folsom, CA",40900,CA,Twin Rivers Unified School District,Regency Park Elementary School,7,Rio Linda Preparatory Academy; Norwood Junior High School,5; 5,,,Natomas,38.67837,-121.53498
aAfPc000000sBP8KAM,Terrace Park,TRI Pointe Homes,"TRI Pointe Homes, Inc.",Active,,,Plan 1,3,2.5,2,2,1815,525000,12/7/2025,aAaPc000000F8wAKAS,Non Active Adult,95835,Sacramento,Sacramento,6067,"Sacramento-Roseville-Folsom, CA",40900,CA,Twin Rivers Unified School District,Regency Park Elementary School,7,Rio Linda Preparatory Academy; Norwood Junior High School,5; 5,,,Natomas,38.67837,-121.53498
aAfPc000001NkxjKAC,Cobalt at The Preserve,Lennar,,Active,,,RESIDENCE 2789,4,3.5,2,2,2789,709990,12/4/2025,aAaPc000000S6B4KAK,Non Active Adult,95742,Rancho Cordova,Sacramento,6067,"Sacramento-Roseville-Folsom, CA",40900,CA,Elk Grove Unified School District,Sunrise Elementary School,7,Katherine L. Albiani Middle School,8,Pleasant Grove High School,9,Rancho Cordova,38.54207,-121.20228
aAfPc000001NkxjKAC,Cobalt at The Preserve,Lennar,,Active,,,RESIDENCE 3427,5,3.5,2,3,3427,794990,12/4/2025,aAaPc000000S6B5KAK,Non Active Adult,95742,Rancho Cordova,Sacramento,6067,"Sacramento-Roseville-Folsom, CA",40900,CA,Elk Grove Unified School District,Sunrise Elementary School,7,Katherine L. Albiani Middle School,8,Pleasant Grove High School,9,Rancho Cordova,38.54207,-121.20228
aAfPc000001NkxjKAC,Cobalt at The Preserve,Lennar,,Active,,,RESIDENCE 3105,5,3,2,2,3105,773990,12/4/2025,aAaPc000000S6B6KAK,Non Active Adult,95742,Rancho Cordova,Sacramento,6067,"Sacramento-Roseville-Folsom, CA",40900,CA,Elk Grove Unified School District,Sunrise Elementary School,7,Katherine L. Albiani Middle School,8,Pleasant Grove High School,9,Rancho Cordova,38.54207,-121.20228
aAfPc000001NkxjKAC,Cobalt at The Preserve,Lennar,,Active,,,RESIDENCE 2679,4,3,2,2,2679,684990,12/4/2025,aAaPc000000S6B7KAK,Non Active Adult,95742,Rancho Cordova,Sacramento,6067,"Sacramento-Roseville-Folsom, CA",40900,CA,Elk Grove Unified School District,Sunrise Elementary School,7,Katherine L. Albiani Middle School,8,Pleasant Grove High School,9,Rancho Cordova,38.54207,-121.20228
aAfPc000000yhP1KAI,Archer Estates,KB Home,,Active,,,Plan 2388 Modeled,4,3,2,2,2388,561990,12/8/2025,aAaPc000000ZCZQKA4,Non Active Adult,95838,Sacramento,Sacramento,6067,"Sacramento-Roseville-Folsom, CA",40900,CA,Twin Rivers Unified School District,Main Avenue Elementary School; Robla Preschool,3; 0,Rio Linda Preparatory Academy; Norwood Junior High School,5; 5,Robla Preschool,0,Antelope,38.6441,-121.44306
aAfPc000000yhP1KAI,Archer Estates,KB Home,,Active,,,Plan 2686,5,3,2,2,2686,584990,12/8/2025,aAaPc000000ZCZRKA4,Non Active Adult,95838,Sacramento,Sacramento,6067,"Sacramento-Roseville-Folsom, CA",40900,CA,Twin Rivers Unified School District,Main Avenue Elementary School; Robla Preschool,3; 0,Rio Linda Preparatory Academy; Norwood Junior High School,5; 5,Robla Preschool,0,Antelope,38.6441,-121.44306
aAfPc000000yhP1KAI,Archer Estates,KB Home,,Active,,,Plan 1429 Modeled,3,2,1,2,1429,468990,12/8/2025,aAaPc000000ZCZSKA4,Non Active Adult,95838,Sacramento,Sacramento,6067,"Sacramento-Roseville-Folsom, CA",40900,CA,Twin Rivers Unified School District,Main Avenue Elementary School; Robla Preschool,3; 0,Rio Linda Preparatory Academy; Norwood Junior High School,5; 5,Robla Preschool,0,Antelope,38.6441,-121.44306
aAfPc000000yhP1KAI,Archer Estates,KB Home,,Active,,,Plan 1672 Modeled,3,2,1,2,1672,496990,12/8/2025,aAaPc000000ZCZTKA4,Non Active Adult,95838,Sacramento,Sacramento,6067,"Sacramento-Roseville-Folsom, CA",40900,CA,Twin Rivers Unified School District,Main Avenue Elementary School; Robla Preschool,3; 0,Rio Linda Preparatory Academy; Norwood Junior High School,5; 5,Robla Preschool,0,Antelope,38.6441,-121.44306
aAfPc0000009yEfKAI,Millau/Twelve Bridges,Century Communities,"Century Communities, Inc.",Active,Twelve Bridges,"Placer Holdings, Inc.",Plan 4,3,2.5,0,2,1518,513990,12/3/2025,aAaPc000000bcjIKAQ,Non Active Adult,95648,Lincoln,Placer,6061,"Sacramento-Roseville-Folsom, CA",40900,CA,Western Placer Unified School District,Twelve Bridges Elementary School,7,Twelve Bridges Middle School,8,Twelve Bridges High School,7,Lincoln,38.8559,-121.29072
aAfPc000000yhP1KAI,Archer Estates,KB Home,,Active,,,Plan 2148,3,2.5,2,2,2148,516990,12/8/2025,aAaPc000000cKhWKAU,Non Active Adult,95838,Sacramento,Sacramento,6067,"Sacramento-Roseville-Folsom, CA",40900,CA,Twin Rivers Unified School District,Main Avenue Elementary School; Robla Preschool,3; 0,Rio Linda Preparatory Academy; Norwood Junior High School,5; 5,Robla Preschool,0,Antelope,38.6441,-121.44306
aAf3x000001QLqfCAG,Oakhaven,Blue Mountain Communities,,Active,,,The El Dorado,4,3.5,1,3,3442,1460000,10/10/2025,aAaPc000000iHfyKAE,Non Active Adult,95672,Rescue,El Dorado,6017,"Sacramento-Roseville-Folsom, CA",40900,CA,Rescue Union Elementary School District,Rescue Elementary School,7,Pleasant Grove Middle School,6,Ponderosa High School,9,Cameron Park,38.7014,-121.02248
aAf3x000001QLqfCAG,Oakhaven,Blue Mountain Communities,,Active,,,The Reserve,4,3.5,1,3,4208,1590000,10/10/2025,aAaPc000000iHfzKAE,Non Active Adult,95672,Rescue,El Dorado,6017,"Sacramento-Roseville-Folsom, CA",40900,CA,Rescue Union Elementary School District,Rescue Elementary School,7,Pleasant Grove Middle School,6,Ponderosa High School,9,Cameron Park,38.7014,-121.02248
aAfPc000001c5ivKAA,Noble at Liberty at Lincoln,Richmond American Homes,,Active,,,Ammolite,5,3.5,2,2,3030,704101,11/15/2025,aAaPc000000o1LuKAI,Non Active Adult,95648,Lincoln,Placer,6061,"Sacramento-Roseville-Folsom, CA",40900,CA,Western Placer Unified School District,Scott M. Leaman,6,Twelve Bridges Middle School,8,Twelve Bridges High School,7,Lincoln,38.86602,-121.33065
aAfPc000001c5ivKAA,Noble at Liberty at Lincoln,Richmond American Homes,,Active,,,Tourmaline,4,3,2,2,2670,669551,12/7/2025,aAaPc000000o1LvKAI,Non Active Adult,95648,Lincoln,Placer,6061,"Sacramento-Roseville-Folsom, CA",40900,CA,Western Placer Unified School District,Scott M. Leaman,6,Twelve Bridges Middle School,8,Twelve Bridges High School,7,Lincoln,38.86602,-121.33065
aAfPc000001c5ivKAA,Noble at Liberty at Lincoln,Richmond American Homes,,Active,,,Twain,4,3,2,2,2510,673950,11/27/2025,aAaPc000000sHiZKAU,Non Active Adult,95648,Lincoln,Placer,6061,"Sacramento-Roseville-Folsom, CA",40900,CA,Western Placer Unified School District,Scott M. Leaman,6,Twelve Bridges Middle School,8,Twelve Bridges High School,7,Lincoln,38.86602,-121.33065
aAfPc000000R5WfKAK,Milazzo at Amoruso Ranch/Express,D.R. Horton,"D.R. Horton, Inc.",Active,Amoruso Ranch,Brookfield Residential,Plan 1547,3,2.5,2,2,1547,549490,12/5/2025,aAaPc000000v7P5KAI,Non Active Adult,95747,Roseville,Placer,6061,"Sacramento-Roseville-Folsom, CA",40900,CA,Roseville City Elementary School District,,,George A. Buljan Middle School,4,West Park High,8,Roseville,38.81112,-121.38662
aAfPc000000R5WfKAK,Milazzo at Amoruso Ranch/Express,D.R. Horton,"D.R. Horton, Inc.",Active,Amoruso Ranch,Brookfield Residential,Plan 1678,4,2.5,2,2,1678,557490,12/5/2025,aAaPc000000v7P6KAI,Non Active Adult,95747,Roseville,Placer,6061,"Sacramento-Roseville-Folsom, CA",40900,CA,Roseville City Elementary School District,,,George A. Buljan Middle School,4,West Park High,8,Roseville,38.81112,-121.38662
aAfPc000000R5WfKAK,Milazzo at Amoruso Ranch/Express,D.R. Horton,"D.R. Horton, Inc.",Active,Amoruso Ranch,Brookfield Residential,Plan 1874,5,3,2,2,1874,580490,12/5/2025,aAaPc000000v7P7KAI,Non Active Adult,95747,Roseville,Placer,6061,"Sacramento-Roseville-Folsom, CA",40900,CA,Roseville City Elementary School District,,,George A. Buljan Middle School,4,West Park High,8,Roseville,38.81112,-121.38662
aAf3x000001QiVrCAK,Dragonfly at Winding Creek/Express,D.R. Horton,"D.R. Horton, Inc.",Active,Winding Creek,Anthem United,Plan 1615,4,2.5,2,2,1615,534490,12/8/2025,aAaPc000000v7PHKAY,Non Active Adult,95747,Roseville,Placer,6061,"Sacramento-Roseville-Folsom, CA",40900,CA,Roseville City Elementary School District,,,Robert C. Cooley Middle School,7,West Park High,8,Roseville,38.80288,-121.38525
aAf3x000001QiVrCAK,Dragonfly at Winding Creek/Express,D.R. Horton,"D.R. Horton, Inc.",Active,Winding Creek,Anthem United,Plan 1567,3,2.5,2,2,1567,527490,12/8/2025,aAaPc000000v7PIKAY,Non Active Adult,95747,Roseville,Placer,6061,"Sacramento-Roseville-Folsom, CA",40900,CA,Roseville City Elementary School District,,,Robert C. Cooley Middle School,7,West Park High,8,Roseville,38.80288,-121.38525
aAf2T000001FiCuSAK,Turkey Creek Estates,Elliott Homes,,Active,,,Plan 3031,4,3.5,1,2,3032,1071950,12/11/2025,aAaPc0000013NUsKAM,Non Active Adult,95648,Lincoln,Placer,6061,"Sacramento-Roseville-Folsom, CA",40900,CA,Western Placer Unified School District,Carlin C. Coppin Elementary School,5,Glen Edwards Middle School,5,Lincoln High School,6,Lincoln,38.88855,-121.25638
aAf2T000000sh8eSAA,Sentinel VIllage at Sierra Vista,JMC Homes,,Active,Sierra Vista (CA),,Residence 1,3,2,1,2,1754,669990,11/25/2025,aAa2T000000LJMxSAO,Non Active Adult,95747,Roseville,Placer,6061,"Sacramento-Roseville-Folsom, CA",40900,CA,Center Joint Unified School District,,,Wilson C. Riles Middle School,5,Center High,7,Roseville,38.75922,-121.36419
aAfPc000001ndhCKAQ,Windsor at Antelope North,Lennar,,Active,,,Residence 1765,3,2.5,2,2,1765,587740,12/2/2025,aAaPc0000011sUzKAI,Non Active Adult,95747,Roseville,Placer,6061,"Sacramento-Roseville-Folsom, CA",40900,CA,Center Joint Unified School District,,,Wilson C. Riles Middle School,5,Center High,7,Roseville,38.75706,-121.39038
aAfPc000001ndhCKAQ,Windsor at Antelope North,Lennar,,Active,,,Residence 2018,4,3,2,2,2018,622740,12/2/2025,aAaPc0000011sV0KAI,Non Active Adult,95747,Roseville,Placer,6061,"Sacramento-Roseville-Folsom, CA",40900,CA,Center Joint Unified School District,,,Wilson C. Riles Middle School,5,Center High,7,Roseville,38.75706,-121.39038
aAfPc000001ndhCKAQ,Windsor at Antelope North,Lennar,,Active,,,Residence 2179,4,3,2,2,2179,635740,12/2/2025,aAaPc0000011sV1KAI,Non Active Adult,95747,Roseville,Placer,6061,"Sacramento-Roseville-Folsom, CA",40900,CA,Center Joint Unified School District,,,Wilson C. Riles Middle School,5,Center High,7,Roseville,38.75706,-121.39038
aAfPc000001ndhCKAQ,Windsor at Antelope North,Lennar,,Active,,,Residence 1941,3,2.5,2,2,1941,609740,12/2/2025,aAaPc0000011sV2KAI,Non Active Adult,95747,Roseville,Placer,6061,"Sacramento-Roseville-Folsom, CA",40900,CA,Center Joint Unified School District,,,Wilson C. Riles Middle School,5,Center High,7,Roseville,38.75706,-121.39038
aAf3x000001WeYqCAK,Saratoga Estates/Ponderosa,Elliott Homes,,Active,,,Brome,3,2,1,3,2437,939950,12/10/2025,aAa3x000000ULciCAG,Non Active Adult,95762,El Dorado Hills,El Dorado,6017,"Sacramento-Roseville-Folsom, CA",40900,CA,Buckeye Union Elementary School District,William Brooks Elementary School,8,Oak Ridge High School; Rolling Hills Middle School,10; 8,Oak Ridge High School,10,El Dorado Hills,38.65453,-121.08207
aAf3x000001WeYqCAK,Saratoga Estates/Ponderosa,Elliott Homes,,Active,,,The Clover,3,2.5,1,3,2664,1006950,12/10/2025,aAa3x000000ULckCAG,Non Active Adult,95762,El Dorado Hills,El Dorado,6017,"Sacramento-Roseville-Folsom, CA",40900,CA,Buckeye Union Elementary School District,William Brooks Elementary School,8,Oak Ridge High School; Rolling Hills Middle School,10; 8,Oak Ridge High School,10,El Dorado Hills,38.65453,-121.08207
aAf3x000001WeYqCAK,Saratoga Estates/Ponderosa,Elliott Homes,,Active,,,The Lucerne,4,3,1,3,2513,974950,12/10/2025,aAa3x000000UNocCAG,Non Active Adult,95762,El Dorado Hills,El Dorado,6017,"Sacramento-Roseville-Folsom, CA",40900,CA,Buckeye Union Elementary School District,William Brooks Elementary School,8,Oak Ridge High School; Rolling Hills Middle School,10; 8,Oak Ridge High School,10,El Dorado Hills,38.65453,-121.08207
aAf3x000001YfDMCA0,Copper Ridge,KB Home,,Active,,,Plan 2622 Modeled,4,2.5,2,2,2622,739990,12/1/2025,aAa3x000000UTPWCA4,Non Active Adult,95648,Lincoln,Placer,6061,"Sacramento-Roseville-Folsom, CA",40900,CA,Western Placer Unified School District,Carlin C. Coppin Elementary School,5,Glen Edwards Middle School,5,Lincoln High School,6,Lincoln,38.90219,-121.26887
aAf2T000000sh8eSAA,Sentinel VIllage at Sierra Vista,JMC Homes,,Active,Sierra Vista (CA),,Residence 2,3,2,1,2,1951,699990,11/25/2025,aAa3x000000Un4zCAC,Non Active Adult,95747,Roseville,Placer,6061,"Sacramento-Roseville-Folsom, CA",40900,CA,Center Joint Unified School District,,,Wilson C. Riles Middle School,5,Center High,7,Roseville,38.75922,-121.36419
aAf2T000000sh8eSAA,Sentinel VIllage at Sierra Vista,JMC Homes,,Active,Sierra Vista (CA),,Residence 3,4,3,1,3,2178,749990,11/25/2025,aAa3x000000Un50CAC,Non Active Adult,95747,Roseville,Placer,6061,"Sacramento-Roseville-Folsom, CA",40900,CA,Center Joint Unified School District,,,Wilson C. Riles Middle School,5,Center High,7,Roseville,38.75922,-121.36419
aAf3x000001WqF2CAK,Dry Creek Oaks,Riverland Homes,,Active,,,Daisy,2,2,1,2,1480,499900,9/5/2025,aAa3x000000UoKtCAK,Active Adult,95632,Galt,Sacramento,6067,"Sacramento-Roseville-Folsom, CA",40900,CA,Galt Joint Union Elementary School District,River Oaks Elementary School,5,Mccaffrey Middle School,6,Galt High School,5,South Sacramento County,38.2524,-121.28653
aAf3x000001WqF2CAK,Dry Creek Oaks,Riverland Homes,,Active,,,Tulip,2,2,1,2,1605,529900,9/5/2025,aAa3x000000UoKuCAK,Active Adult,95632,Galt,Sacramento,6067,"Sacramento-Roseville-Folsom, CA",40900,CA,Galt Joint Union Elementary School District,River Oaks Elementary School,5,Mccaffrey Middle School,6,Galt High School,5,South Sacramento County,38.2524,-121.28653
aAf3x000001WqF2CAK,Dry Creek Oaks,Riverland Homes,,Active,,,Rose,2,2.5,1,2,1750,540169,9/5/2025,aAa3x000000UoKvCAK,Active Adult,95632,Galt,Sacramento,6067,"Sacramento-Roseville-Folsom, CA",40900,CA,Galt Joint Union Elementary School District,River Oaks Elementary School,5,Mccaffrey Middle School,6,Galt High School,5,South Sacramento County,38.2524,-121.28653
aAf3x000001WqF2CAK,Dry Creek Oaks,Riverland Homes,,Active,,,Iris,2,2,1,2,1780,539890,12/11/2025,aAa3x000000UoKwCAK,Active Adult,95632,Galt,Sacramento,6067,"Sacramento-Roseville-Folsom, CA",40900,CA,Galt Joint Union Elementary School District,River Oaks Elementary School,5,Mccaffrey Middle School,6,Galt High School,5,South Sacramento County,38.2524,-121.28653
aAf3x000001WqF2CAK,Dry Creek Oaks,Riverland Homes,,Active,,,Orchid,2,2,1,2,1890,549944,12/11/2025,aAa3x000000UoKxCAK,Active Adult,95632,Galt,Sacramento,6067,"Sacramento-Roseville-Folsom, CA",40900,CA,Galt Joint Union Elementary School District,River Oaks Elementary School,5,Mccaffrey Middle School,6,Galt High School,5,South Sacramento County,38.2524,-121.28653
aAf3x000001WqF2CAK,Dry Creek Oaks,Riverland Homes,,Active,,,Poppy,2,2.5,1,2,1960,569617,12/11/2025,aAa3x000000UoKyCAK,Active Adult,95632,Galt,Sacramento,6067,"Sacramento-Roseville-Folsom, CA",40900,CA,Galt Joint Union Elementary School District,River Oaks Elementary School,5,Mccaffrey Middle School,6,Galt High School,5,South Sacramento County,38.2524,-121.28653
aAf3x000001WqF2CAK,Dry Creek Oaks,Riverland Homes,,Active,,,Lily,3,3,1,2,2105,599853,12/11/2025,aAa3x000000UoKzCAK,Active Adult,95632,Galt,Sacramento,6067,"Sacramento-Roseville-Folsom, CA",40900,CA,Galt Joint Union Elementary School District,River Oaks Elementary School,5,Mccaffrey Middle School,6,Galt High School,5,South Sacramento County,38.2524,-121.28653
aAf3x000001QYeSCAW,Velare at Twelve Bridges,LGI Homes,,Active,Twelve Bridges,"Placer Holdings, Inc.",Davidson,3,2.5,2,2,1407,504900,12/12/2025,aAa3x000000ZvIgCAK,Non Active Adult,95648,Lincoln,Placer,6061,"Sacramento-Roseville-Folsom, CA",40900,CA,Western Placer Unified School District,Twelve Bridges Elementary School,7,Twelve Bridges Middle School,8,Twelve Bridges High School,7,Lincoln,38.85544,-121.288
aAf3x000001QYeSCAW,Velare at Twelve Bridges,LGI Homes,,Active,Twelve Bridges,"Placer Holdings, Inc.",Shelby,3,2.5,2,2,1769,555900,12/12/2025,aAa3x000000ZvIhCAK,Non Active Adult,95648,Lincoln,Placer,6061,"Sacramento-Roseville-Folsom, CA",40900,CA,Western Placer Unified School District,Twelve Bridges Elementary School,7,Twelve Bridges Middle School,8,Twelve Bridges High School,7,Lincoln,38.85544,-121.288
aAf3x000001QYeSCAW,Velare at Twelve Bridges,LGI Homes,,Active,Twelve Bridges,"Placer Holdings, Inc.",Willow,4,2.5,2,2,1802,589900,12/12/2025,aAa3x000000ZvIiCAK,Non Active Adult,95648,Lincoln,Placer,6061,"Sacramento-Roseville-Folsom, CA",40900,CA,Western Placer Unified School District,Twelve Bridges Elementary School,7,Twelve Bridges Middle School,8,Twelve Bridges High School,7,Lincoln,38.85544,-121.288
aAf3x000000UNRxCAO,Regency at Folsom Ranch/Sequoia,Toll Brothers,,Active,Folsom Ranch,"New Home Co., Westland Capital Partners",Crystal,2,2,1,2,1398,555995,12/4/2025,aAa3x000000gjKBCAY,Active Adult,95630,Folsom,Sacramento,6067,"Sacramento-Roseville-Folsom, CA",40900,CA,Folsom-Cordova Unified School District,Mangini Ranch Elementary,8,Folsom Middle School,8,Folsom High School,10,Folsom,38.62131,-121.11864
aAf3x000000UNRxCAO,Regency at Folsom Ranch/Sequoia,Toll Brothers,,Active,Folsom Ranch,"New Home Co., Westland Capital Partners",Hartley,2,2,1,2,1420,565995,12/4/2025,aAa3x000000gjKGCAY,Active Adult,95630,Folsom,Sacramento,6067,"Sacramento-Roseville-Folsom, CA",40900,CA,Folsom-Cordova Unified School District,Mangini Ranch Elementary,8,Folsom Middle School,8,Folsom High School,10,Folsom,38.62131,-121.11864
aAf3x000000UNRxCAO,Regency at Folsom Ranch/Sequoia,Toll Brothers,,Active,Folsom Ranch,"New Home Co., Westland Capital Partners",Whitmore,2,2,1,2,1446,570995,12/4/2025,aAa3x000000gjKaCAI,Active Adult,95630,Folsom,Sacramento,6067,"Sacramento-Roseville-Folsom, CA",40900,CA,Folsom-Cordova Unified School District,Mangini Ranch Elementary,8,Folsom Middle School,8,Folsom High School,10,Folsom,38.62131,-121.11864
aAf3x000001YgO2CAK,Sagebrook at Fiddyment Farm,JMC Homes,,Active,Fiddyment Farm,Wells Fargo Bank,Residence 4,3,2,1,3,1962,729990,11/24/2025,aAa3x000000gpMfCAI,Non Active Adult,95747,Roseville,Placer,6061,"Sacramento-Roseville-Folsom, CA",40900,CA,Roseville City Elementary School District,Fiddyment Farm,6,Robert C. Cooley Middle School,7,West Park High,8,Roseville,38.80458,-121.36941
aAf3x000001YgO2CAK,Sagebrook at Fiddyment Farm,JMC Homes,,Active,Fiddyment Farm,Wells Fargo Bank,Residence 1,3,2,1,3,2042,814990,11/24/2025,aAa3x000000gpMpCAI,Non Active Adult,95747,Roseville,Placer,6061,"Sacramento-Roseville-Folsom, CA",40900,CA,Roseville City Elementary School District,Fiddyment Farm,6,Robert C. Cooley Middle School,7,West Park High,8,Roseville,38.80458,-121.36941
aAf3x000001YgO2CAK,Sagebrook at Fiddyment Farm,JMC Homes,,Active,Fiddyment Farm,Wells Fargo Bank,Residence 2,4,3,1,3,2243,824990,11/24/2025,aAa3x000000gpMuCAI,Non Active Adult,95747,Roseville,Placer,6061,"Sacramento-Roseville-Folsom, CA",40900,CA,Roseville City Elementary School District,Fiddyment Farm,6,Robert C. Cooley Middle School,7,West Park High,8,Roseville,38.80458,-121.36941
aAf3x000001YgO2CAK,Sagebrook at Fiddyment Farm,JMC Homes,,Active,Fiddyment Farm,Wells Fargo Bank,Residence 3,4,4.5,2,3,3110,979990,11/24/2025,aAa3x000000gpMzCAI,Non Active Adult,95747,Roseville,Placer,6061,"Sacramento-Roseville-Folsom, CA",40900,CA,Roseville City Elementary School District,Fiddyment Farm,6,Robert C. Cooley Middle School,7,West Park High,8,Roseville,38.80458,-121.36941
aAf2T000001FiCuSAK,Turkey Creek Estates,Elliott Homes,,Active,,,Plan 2360,3,2.5,1,3,2360,928950,12/10/2025,aAa3x000000gekoCAA,Non Active Adult,95648,Lincoln,Placer,6061,"Sacramento-Roseville-Folsom, CA",40900,CA,Western Placer Unified School District,Carlin C. Coppin Elementary School,5,Glen Edwards Middle School,5,Lincoln High School,6,Lincoln,38.88855,-121.25638
aAf2T000001FiCuSAK,Turkey Creek Estates,Elliott Homes,,Active,,,Plan 2705,3,2.5,1,3,2705,1003950,12/10/2025,aAa3x000000gxdvCAA,Non Active Adult,95648,Lincoln,Placer,6061,"Sacramento-Roseville-Folsom, CA",40900,CA,Western Placer Unified School District,Carlin C. Coppin Elementary School,5,Glen Edwards Middle School,5,Lincoln High School,6,Lincoln,38.88855,-121.25638
aAf3x000001QPscCAG,Villas at The Preserve,KB Home,,Active,,,Plan 2802 Modeled,5,3.5,2,2,2802,595990,12/5/2025,aAaPc0000001QEzKAM,Non Active Adult,95843,Antelope,Sacramento,6067,"Sacramento-Roseville-Folsom, CA",40900,CA,Center Joint Unified School District,Arthur S. Dudley Elementary School,4,Wilson C. Riles Middle School,5,Center High,7,Antelope,38.71012,-121.38708
aAf3x000001QPscCAG,Villas at The Preserve,KB Home,,Active,,,Plan 2487,4,3.5,2,2,2487,527990,12/5/2025,aAaPc0000001QF0KAM,Non Active Adult,95843,Antelope,Sacramento,6067,"Sacramento-Roseville-Folsom, CA",40900,CA,Center Joint Unified School District,Arthur S. Dudley Elementary School,4,Wilson C. Riles Middle School,5,Center High,7,Antelope,38.71012,-121.38708
aAf3x000001QPscCAG,Villas at The Preserve,KB Home,,Active,,,Plan 2374 Modeled,4,2.5,2,2,2374,524990,12/5/2025,aAaPc0000001QF1KAM,Non Active Adult,95843,Antelope,Sacramento,6067,"Sacramento-Roseville-Folsom, CA",40900,CA,Center Joint Unified School District,Arthur S. Dudley Elementary School,4,Wilson C. Riles Middle School,5,Center High,7,Antelope,38.71012,-121.38708
aAf3x000001QPscCAG,Villas at The Preserve,KB Home,,Active,,,Plan 2126,4,3.5,2,2,2126,524990,12/5/2025,aAaPc0000001QF2KAM,Non Active Adult,95843,Antelope,Sacramento,6067,"Sacramento-Roseville-Folsom, CA",40900,CA,Center Joint Unified School District,Arthur S. Dudley Elementary School,4,Wilson C. Riles Middle School,5,Center High,7,Antelope,38.71012,-121.38708
aAf3x000001QPscCAG,Villas at The Preserve,KB Home,,Active,,,Plan 1850,3,2.5,2,2,1850,486990,12/5/2025,aAaPc0000001QF3KAM,Non Active Adult,95843,Antelope,Sacramento,6067,"Sacramento-Roseville-Folsom, CA",40900,CA,Center Joint Unified School District,Arthur S. Dudley Elementary School,4,Wilson C. Riles Middle School,5,Center High,7,Antelope,38.71012,-121.38708
aAf3x000001QPscCAG,Villas at The Preserve,KB Home,,Active,,,Plan 1552 Modeled,3,2,1,2,1552,484990,12/5/2025,aAaPc0000001QF4KAM,Non Active Adult,95843,Antelope,Sacramento,6067,"Sacramento-Roseville-Folsom, CA",40900,CA,Center Joint Unified School District,Arthur S. Dudley Elementary School,4,Wilson C. Riles Middle School,5,Center High,7,Antelope,38.71012,-121.38708
aAfPc000000G0fBKAS,Ridgeline at Bickford,Toll Brothers,,Active,Bickford Ranch,Westland Capital Partners,Austen,3,3.5,1,3,3153,1050995,10/29/2025,aAaPc000000ECOiKAO,Non Active Adult,95648,Lincoln,Placer,6061,"Sacramento-Roseville-Folsom, CA",40900,CA,Western Placer Unified School District,Carlin C. Coppin Elementary School,5,Glen Edwards Middle School,5,Del Oro High School; Lincoln High School,10; 6,Lincoln,38.87517,-121.23784
aAfPc000000G0fBKAS,Ridgeline at Bickford,Toll Brothers,,Active,Bickford Ranch,Westland Capital Partners,Carlsberg,4,4.5,1,3,3349,1109995,10/29/2025,aAaPc000000ECOjKAO,Non Active Adult,95648,Lincoln,Placer,6061,"Sacramento-Roseville-Folsom, CA",40900,CA,Western Placer Unified School District,Carlin C. Coppin Elementary School,5,Glen Edwards Middle School,5,Del Oro High School; Lincoln High School,10; 6,Lincoln,38.87517,-121.23784
aAfPc000000G0fBKAS,Ridgeline at Bickford,Toll Brothers,,Active,Bickford Ranch,Westland Capital Partners,Morganton,5,4.5,2,3,3906,1174995,10/29/2025,aAaPc000000ECOkKAO,Non Active Adult,95648,Lincoln,Placer,6061,"Sacramento-Roseville-Folsom, CA",40900,CA,Western Placer Unified School District,Carlin C. Coppin Elementary School,5,Glen Edwards Middle School,5,Del Oro High School; Lincoln High School,10; 6,Lincoln,38.87517,-121.23784
aAfPc000000G0fBKAS,Ridgeline at Bickford,Toll Brothers,,Active,Bickford Ranch,Westland Capital Partners,Etna,5,4.5,2,3,4095,1204995,10/29/2025,aAaPc000000ECOlKAO,Non Active Adult,95648,Lincoln,Placer,6061,"Sacramento-Roseville-Folsom, CA",40900,CA,Western Placer Unified School District,Carlin C. Coppin Elementary School,5,Glen Edwards Middle School,5,Del Oro High School; Lincoln High School,10; 6,Lincoln,38.87517,-121.23784
aAfPc000000fzzTKAQ,Northpointe Reserve,Next Generation Capital,,Active,,,Bentley,3,2.5,2,2,1409,499900,12/2/2025,aAaPc000000CqPMKA0,Non Active Adult,95835,Sacramento,Sacramento,6067,"Sacramento-Roseville-Folsom, CA",40900,CA,Twin Rivers Unified School District,Regency Park Elementary School,7,Rio Linda Preparatory Academy; Norwood Junior High School,5; 5,,,Natomas,38.68181,-121.50874
aAfPc000000fzzTKAQ,Northpointe Reserve,Next Generation Capital,,Active,,,Bridgecross,3,2.5,2,2,1414,469900,12/2/2025,aAaPc000000CqPNKA0,Non Active Adult,95835,Sacramento,Sacramento,6067,"Sacramento-Roseville-Folsom, CA",40900,CA,Twin Rivers Unified School District,Regency Park Elementary School,7,Rio Linda Preparatory Academy; Norwood Junior High School,5; 5,,,Natomas,38.68181,-121.50874
aAfPc000000GWOwKAO,Riva at Delta Shores,KB Home,,Active,,,Plan 2236 Modeled,5,3,2,2,2236,543990,12/5/2025,aAaPc000000GqxEKAS,Non Active Adult,95832,Sacramento,Sacramento,6067,"Sacramento-Roseville-Folsom, CA",40900,CA,Sacramento City Unified School District,John H. Still School,4,John H. Still School,4,Luther Burbank High School,4,Pocket / Land Park,38.46576,-121.50282
aAfPc000000GWOwKAO,Riva at Delta Shores,KB Home,,Active,,,Plan 2102 Modeled,4,2.5,2,2,2102,536990,12/5/2025,aAaPc000000GqxFKAS,Non Active Adult,95832,Sacramento,Sacramento,6067,"Sacramento-Roseville-Folsom, CA",40900,CA,Sacramento City Unified School District,John H. Still School,4,John H. Still School,4,Luther Burbank High School,4,Pocket / Land Park,38.46576,-121.50282
aAfPc000000GWOwKAO,Riva at Delta Shores,KB Home,,Active,,,Plan 1795 Modeled,4,3,2,2,1795,494990,12/5/2025,aAaPc000000GqxGKAS,Non Active Adult,95832,Sacramento,Sacramento,6067,"Sacramento-Roseville-Folsom, CA",40900,CA,Sacramento City Unified School District,John H. Still School,4,John H. Still School,4,Luther Burbank High School,4,Pocket / Land Park,38.46576,-121.50282
aAfPc000000fzzTKAQ,Northpointe Reserve,Next Generation Capital,,Active,,,Chelsea,3,2.5,2,2,1427,524900,12/2/2025,aAaPc000000OP3hKAG,Non Active Adult,95835,Sacramento,Sacramento,6067,"Sacramento-Roseville-Folsom, CA",40900,CA,Twin Rivers Unified School District,Regency Park Elementary School,7,Rio Linda Preparatory Academy; Norwood Junior High School,5; 5,,,Natomas,38.68181,-121.50874
aAfPc000001cPb7KAE,Harmony at Arbor Ranch,Lennar,,Active,,,Residence 1579,3,2,1,2,1579,619990,11/6/2025,aAaPc000000bf4PKAQ,Non Active Adult,95757,Elk Grove,Sacramento,6067,"Sacramento-Roseville-Folsom, CA",40900,CA,Elk Grove Unified School District,Zehnder Ranch Elementary,8,Elizabeth Pinkerton Middle School,8,Cosumnes Oaks High School,10,Laguna / Elk Grove,38.38412,-121.40273
aAfPc000001cPb7KAE,Harmony at Arbor Ranch,Lennar,,Active,,,Residence 2018,4,3,2,2,2018,675990,11/6/2025,aAaPc000000bf4QKAQ,Non Active Adult,95757,Elk Grove,Sacramento,6067,"Sacramento-Roseville-Folsom, CA",40900,CA,Elk Grove Unified School District,Zehnder Ranch Elementary,8,Elizabeth Pinkerton Middle School,8,Cosumnes Oaks High School,10,Laguna / Elk Grove,38.38412,-121.40273
aAfPc000001cPb7KAE,Harmony at Arbor Ranch,Lennar,,Active,,,Residence 2179,4,3,2,2,2179,697490,11/6/2025,aAaPc000000bf4RKAQ,Non Active Adult,95757,Elk Grove,Sacramento,6067,"Sacramento-Roseville-Folsom, CA",40900,CA,Elk Grove Unified School District,Zehnder Ranch Elementary,8,Elizabeth Pinkerton Middle School,8,Cosumnes Oaks High School,10,Laguna / Elk Grove,38.38412,-121.40273
aAfPc000001cPb7KAE,Harmony at Arbor Ranch,Lennar,,Active,,,Residence 1941,3,2.5,2,2,1941,654990,11/6/2025,aAaPc000000bf4SKAQ,Non Active Adult,95757,Elk Grove,Sacramento,6067,"Sacramento-Roseville-Folsom, CA",40900,CA,Elk Grove Unified School District,Zehnder Ranch Elementary,8,Elizabeth Pinkerton Middle School,8,Cosumnes Oaks High School,10,Laguna / Elk Grove,38.38412,-121.40273
aAfPc000001AKcuKAG,Wildhawk South/Meridian,Taylor Morrison,,Active,,,Plan 4 Jaxon,4,2.5,2,3,3291,716999,12/8/2025,aAaPc000000cKnYKAU,Non Active Adult,95829,Sacramento,Sacramento,6067,"Sacramento-Roseville-Folsom, CA",40900,CA,Elk Grove Unified School District,Arnold Adreani Elementary School,8,Katherine L. Albiani Middle School,8,Pleasant Grove High School,9,Florin / Vineyard,38.47603,-121.31795
aAfPc000001AKcuKAG,Wildhawk South/Meridian,Taylor Morrison,,Active,,,Plan 1 Hadley,2,2.5,1,2,2260,617999,12/8/2025,aAaPc000000cKnZKAU,Non Active Adult,95829,Sacramento,Sacramento,6067,"Sacramento-Roseville-Folsom, CA",40900,CA,Elk Grove Unified School District,Arnold Adreani Elementary School,8,Katherine L. Albiani Middle School,8,Pleasant Grove High School,9,Florin / Vineyard,38.47603,-121.31795
aAfPc000001AKcuKAG,Wildhawk South/Meridian,Taylor Morrison,,Active,,,Plan 3 Arrow,4,3,2,2,3032,696999,12/8/2025,aAaPc000000cKnaKAE,Non Active Adult,95829,Sacramento,Sacramento,6067,"Sacramento-Roseville-Folsom, CA",40900,CA,Elk Grove Unified School District,Arnold Adreani Elementary School,8,Katherine L. Albiani Middle School,8,Pleasant Grove High School,9,Florin / Vineyard,38.47603,-121.31795
aAfPc000001AKcuKAG,Wildhawk South/Meridian,Taylor Morrison,,Active,,,Plan 2 Brooklyn,3,2.5,2,3,2783,671999,12/8/2025,aAaPc000000cKnbKAE,Non Active Adult,95829,Sacramento,Sacramento,6067,"Sacramento-Roseville-Folsom, CA",40900,CA,Elk Grove Unified School District,Arnold Adreani Elementary School,8,Katherine L. Albiani Middle School,8,Pleasant Grove High School,9,Florin / Vineyard,38.47603,-121.31795
aAfPc0000015BFBKA2,Parlin Oaks/Parkside,Blue Mountain Communities,,Active,,,Residence 1,3,2.5,2,2,1434,474990,11/18/2025,aAaPc000000Q4ftKAC,Non Active Adult,95632,Galt,Sacramento,6067,"Sacramento-Roseville-Folsom, CA",40900,CA,Galt Joint Union Elementary School District,River Oaks Elementary School,5,Mccaffrey Middle School,6,Liberty Ranch High School,8,South Sacramento County,38.27758,-121.29329
aAfPc0000015BFBKA2,Parlin Oaks/Parkside,Blue Mountain Communities,,Active,,,Residence 2,3,2.5,2,2,1512,484990,11/18/2025,aAaPc000000Q4hVKAS,Non Active Adult,95632,Galt,Sacramento,6067,"Sacramento-Roseville-Folsom, CA",40900,CA,Galt Joint Union Elementary School District,River Oaks Elementary School,5,Mccaffrey Middle School,6,Liberty Ranch High School,8,South Sacramento County,38.27758,-121.29329
aAf3x000001QegpCAC,Kindred at Sierra Vista,Anthem United,,Active,Sierra Vista (CA),,Plan 1,3,2,1,2,1976,654990,11/4/2025,aAaPc0000001GYpKAM,Non Active Adult,95747,Roseville,Placer,6061,"Sacramento-Roseville-Folsom, CA",40900,CA,Center Joint Unified School District,,,Wilson C. Riles Middle School,5,Center High,7,Roseville,38.75903,-121.375
aAf3x000001QegpCAC,Kindred at Sierra Vista,Anthem United,,Active,Sierra Vista (CA),,Plan 2,3,2.5,1,3,2095,677990,11/4/2025,aAaPc0000001GYqKAM,Non Active Adult,95747,Roseville,Placer,6061,"Sacramento-Roseville-Folsom, CA",40900,CA,Center Joint Unified School District,,,Wilson C. Riles Middle School,5,Center High,7,Roseville,38.75903,-121.375
aAf3x000001QegpCAC,Kindred at Sierra Vista,Anthem United,,Active,Sierra Vista (CA),,Plan 3,3,2.5,2,3,2600,720990,11/4/2025,aAaPc0000001GYrKAM,Non Active Adult,95747,Roseville,Placer,6061,"Sacramento-Roseville-Folsom, CA",40900,CA,Center Joint Unified School District,,,Wilson C. Riles Middle School,5,Center High,7,Roseville,38.75903,-121.375
aAf3x000001QegpCAC,Kindred at Sierra Vista,Anthem United,,Active,Sierra Vista (CA),,Plan 4,4,3,2,3,2821,739990,11/4/2025,aAaPc0000001GYsKAM,Non Active Adult,95747,Roseville,Placer,6061,"Sacramento-Roseville-Folsom, CA",40900,CA,Center Joint Unified School District,,,Wilson C. Riles Middle School,5,Center High,7,Roseville,38.75903,-121.375
aAf3x000001QegpCAC,Kindred at Sierra Vista,Anthem United,,Active,Sierra Vista (CA),,Plan 5,5,3.5,2,3,3272,797490,11/4/2025,aAaPc0000001GYtKAM,Non Active Adult,95747,Roseville,Placer,6061,"Sacramento-Roseville-Folsom, CA",40900,CA,Center Joint Unified School District,,,Wilson C. Riles Middle School,5,Center High,7,Roseville,38.75903,-121.375
aAf3x000001QegpCAC,Kindred at Sierra Vista,Anthem United,,Active,Sierra Vista (CA),,Plan 6,3,2.5,2,2,1840,585990,11/4/2025,aAaPc0000001GYuKAM,Non Active Adult,95747,Roseville,Placer,6061,"Sacramento-Roseville-Folsom, CA",40900,CA,Center Joint Unified School District,,,Wilson C. Riles Middle School,5,Center High,7,Roseville,38.75903,-121.375
aAf3x000001QegpCAC,Kindred at Sierra Vista,Anthem United,,Active,Sierra Vista (CA),,Plan 7,3,2.5,2,3,2052,615990,11/4/2025,aAaPc0000001GYvKAM,Non Active Adult,95747,Roseville,Placer,6061,"Sacramento-Roseville-Folsom, CA",40900,CA,Center Joint Unified School District,,,Wilson C. Riles Middle School,5,Center High,7,Roseville,38.75903,-121.375
aAf3x000001WpvECAS,Madeira Ranch/Homestead,Taylor Morrison,,Active,,,Plan 4 Avery,3,3,1,2,2127,677999,11/11/2025,aAa3x000000YSFQCA4,Non Active Adult,95757,Elk Grove,Sacramento,6067,"Sacramento-Roseville-Folsom, CA",40900,CA,Elk Grove Unified School District,Zehnder Ranch Elementary,8,Elizabeth Pinkerton Middle School,8,Cosumnes Oaks High School,10,Laguna / Elk Grove,38.39389,-121.40969
aAf3x000001WpvECAS,Madeira Ranch/Homestead,Taylor Morrison,,Active,,,Plan 5 Harper,3,3,2,2,2578,730999,11/11/2025,aAa3x000000YSFRCA4,Non Active Adult,95757,Elk Grove,Sacramento,6067,"Sacramento-Roseville-Folsom, CA",40900,CA,Elk Grove Unified School District,Zehnder Ranch Elementary,8,Elizabeth Pinkerton Middle School,8,Cosumnes Oaks High School,10,Laguna / Elk Grove,38.39389,-121.40969
aAf3x000001WpvECAS,Madeira Ranch/Homestead,Taylor Morrison,,Active,,,Plan 6 Chloe,3,3.5,2,3,2782,757999,11/11/2025,aAa3x000000YSFSCA4,Non Active Adult,95757,Elk Grove,Sacramento,6067,"Sacramento-Roseville-Folsom, CA",40900,CA,Elk Grove Unified School District,Zehnder Ranch Elementary,8,Elizabeth Pinkerton Middle School,8,Cosumnes Oaks High School,10,Laguna / Elk Grove,38.39389,-121.40969
aAfPc000001ct7wKAA,Monument at Liberty Ranch,Meritage Homes,,Active,,,Residence 3,4,3.5,2,2,2781,694412,11/3/2025,aAaPc000000cKo6KAE,Non Active Adult,95632,Galt,Sacramento,6067,"Sacramento-Roseville-Folsom, CA",40900,CA,Galt Joint Union Elementary School District,Marengo Ranch Elementary School,5,Mccaffrey Middle School,6,Liberty Ranch High School,8,South Sacramento County,38.28052,-121.27939
aAfPc000001ct7wKAA,Monument at Liberty Ranch,Meritage Homes,,Active,,,Residence 4,5,3,2,2,2896,675000,10/31/2025,aAaPc000000dANtKAM,Non Active Adult,95632,Galt,Sacramento,6067,"Sacramento-Roseville-Folsom, CA",40900,CA,Galt Joint Union Elementary School District,Marengo Ranch Elementary School,5,Mccaffrey Middle School,6,Liberty Ranch High School,8,South Sacramento County,38.28052,-121.27939
aAfPc000001XBqXKAW,Madrone at Hidden Hills,Century Communities,"Century Communities, Inc.",Active,,,Plan 2 - 2161,3,2.5,2,2,2161,669990,11/24/2025,aAaPc000000gfEBKAY,Non Active Adult,95648,Lincoln,Placer,6061,"Sacramento-Roseville-Folsom, CA",40900,CA,Western Placer Unified School District,Twelve Bridges Elementary School,7,Twelve Bridges Middle School,8,Twelve Bridges High School,7,Lincoln,38.87135,-121.26154
aAfPc000001XBqXKAW,Madrone at Hidden Hills,Century Communities,"Century Communities, Inc.",Active,,,Plan 1 - 1671,3,2,1,2,1671,654990,11/24/2025,aAaPc000000gfECKAY,Non Active Adult,95648,Lincoln,Placer,6061,"Sacramento-Roseville-Folsom, CA",40900,CA,Western Placer Unified School District,Twelve Bridges Elementary School,7,Twelve Bridges Middle School,8,Twelve Bridges High School,7,Lincoln,38.87135,-121.26154
aAfPc000001XBqXKAW,Madrone at Hidden Hills,Century Communities,"Century Communities, Inc.",Active,,,Plan 3 - 2394,4,3,2,2,2394,689990,11/24/2025,aAaPc000000gfEDKAY,Non Active Adult,95648,Lincoln,Placer,6061,"Sacramento-Roseville-Folsom, CA",40900,CA,Western Placer Unified School District,Twelve Bridges Elementary School,7,Twelve Bridges Middle School,8,Twelve Bridges High School,7,Lincoln,38.87135,-121.26154
aAfPc000001ct7wKAA,Monument at Liberty Ranch,Meritage Homes,,Active,,,Residence 2,4,3,2,2,2365,645674,10/31/2025,aAaPc000000eN1UKAU,Non Active Adult,95632,Galt,Sacramento,6067,"Sacramento-Roseville-Folsom, CA",40900,CA,Galt Joint Union Elementary School District,Marengo Ranch Elementary School,5,Mccaffrey Middle School,6,Liberty Ranch High School,8,South Sacramento County,38.28052,-121.27939
aAfPc000001ct7wKAA,Monument at Liberty Ranch,Meritage Homes,,Active,,,Residence 1,4,2.5,1,2,1898,558990,11/15/2025,aAaPc000000hTZWKA2,Non Active Adult,95632,Galt,Sacramento,6067,"Sacramento-Roseville-Folsom, CA",40900,CA,Galt Joint Union Elementary School District,Marengo Ranch Elementary School,5,Mccaffrey Middle School,6,Liberty Ranch High School,8,South Sacramento County,38.28052,-121.27939
aAfPc000001BRlyKAG,Tapestry at Amoruso Ranch,Richmond American Homes,,Active,Amoruso Ranch,Brookfield Residential,Paige,4,3,1,2,2490,763950,11/15/2025,aAaPc000000XKLEKA4,Non Active Adult,95747,Roseville,Placer,6061,"Sacramento-Roseville-Folsom, CA",40900,CA,Roseville City Elementary School District,,,George A. Buljan Middle School,4,West Park High,8,Roseville,38.81396,-121.38624
aAfPc000001BRlyKAG,Tapestry at Amoruso Ranch,Richmond American Homes,,Active,Amoruso Ranch,Brookfield Residential,Palmer,5,3.5,2,3,3110,799950,12/13/2025,aAaPc000000XKLFKA4,Non Active Adult,95747,Roseville,Placer,6061,"Sacramento-Roseville-Folsom, CA",40900,CA,Roseville City Elementary School District,,,George A. Buljan Middle School,4,West Park High,8,Roseville,38.81396,-121.38624
aAfPc000001BRlyKAG,Tapestry at Amoruso Ranch,Richmond American Homes,,Active,Amoruso Ranch,Brookfield Residential,Jasmine,5,4.5,2,3,3490,850950,11/10/2025,aAaPc000000XKLGKA4,Non Active Adult,95747,Roseville,Placer,6061,"Sacramento-Roseville-Folsom, CA",40900,CA,Roseville City Elementary School District,,,George A. Buljan Middle School,4,West Park High,8,Roseville,38.81396,-121.38624
aAfPc000001BRlyKAG,Tapestry at Amoruso Ranch,Richmond American Homes,,Active,Amoruso Ranch,Brookfield Residential,Dayton,5,4.5,2,3,3960,910375,11/15/2025,aAaPc000000XKLHKA4,Non Active Adult,95747,Roseville,Placer,6061,"Sacramento-Roseville-Folsom, CA",40900,CA,Roseville City Elementary School District,,,George A. Buljan Middle School,4,West Park High,8,Roseville,38.81396,-121.38624
aAfPc000001BRlyKAG,Tapestry at Amoruso Ranch,Richmond American Homes,,Active,Amoruso Ranch,Brookfield Residential,Dalton,3,3.5,2,2,2860,787023,11/15/2025,aAaPc000000XKLIKA4,Non Active Adult,95747,Roseville,Placer,6061,"Sacramento-Roseville-Folsom, CA",40900,CA,Roseville City Elementary School District,,,George A. Buljan Middle School,4,West Park High,8,Roseville,38.81396,-121.38624
aAfPc000000HVVkKAO,Monument at Independence,TRI Pointe Homes,"TRI Pointe Homes, Inc.",Active,,,Plan 4,5,3,2,2,2921,668597,11/25/2025,aAaPc0000009imdKAA,Non Active Adult,95648,Lincoln,Placer,6061,"Sacramento-Roseville-Folsom, CA",40900,CA,Western Placer Unified School District,Foskett Ranch Elementary School,4,Glen Edwards Middle School,5,Lincoln High School,6,Lincoln,38.89569,-121.33153
aAfPc000000HVVkKAO,Monument at Independence,TRI Pointe Homes,"TRI Pointe Homes, Inc.",Active,,,Plan 3,4,3,2,2,2721,650436,11/20/2025,aAaPc0000009imeKAA,Non Active Adult,95648,Lincoln,Placer,6061,"Sacramento-Roseville-Folsom, CA",40900,CA,Western Placer Unified School District,Foskett Ranch Elementary School,4,Glen Edwards Middle School,5,Lincoln High School,6,Lincoln,38.89569,-121.33153
aAfPc000000HVVkKAO,Monument at Independence,TRI Pointe Homes,"TRI Pointe Homes, Inc.",Active,,,Plan 2,4,3,2,2,2481,628145,11/20/2025,aAaPc0000009imfKAA,Non Active Adult,95648,Lincoln,Placer,6061,"Sacramento-Roseville-Folsom, CA",40900,CA,Western Placer Unified School District,Foskett Ranch Elementary School,4,Glen Edwards Middle School,5,Lincoln High School,6,Lincoln,38.89569,-121.33153
aAfPc000000HVVkKAO,Monument at Independence,TRI Pointe Homes,"TRI Pointe Homes, Inc.",Active,,,Plan 1,3,2.5,2,2,2158,618738,11/20/2025,aAaPc0000009imgKAA,Non Active Adult,95648,Lincoln,Placer,6061,"Sacramento-Roseville-Folsom, CA",40900,CA,Western Placer Unified School District,Foskett Ranch Elementary School,4,Glen Edwards Middle School,5,Lincoln High School,6,Lincoln,38.89569,-121.33153
aAf3x000001QMbSCAW,Palo Verde at Cypress,Woodside Homes,,Active,Z_Sunridge Park,,Echo,3,2.5,2,2,1665,539990,10/29/2025,aAa3x000000YjmlCAC,Non Active Adult,95742,Rancho Cordova,Sacramento,6067,"Sacramento-Roseville-Folsom, CA",40900,CA,Elk Grove Unified School District,Sunrise Elementary School,7,Katherine L. Albiani Middle School,8,Pleasant Grove High School,9,Rancho Cordova,38.55542,-121.18936
aAf3x000001QMbSCAW,Palo Verde at Cypress,Woodside Homes,,Active,Z_Sunridge Park,,Sage,3,2.5,2,2,1842,561990,10/29/2025,aAa3x000000YjmnCAC,Non Active Adult,95742,Rancho Cordova,Sacramento,6067,"Sacramento-Roseville-Folsom, CA",40900,CA,Elk Grove Unified School District,Sunrise Elementary School,7,Katherine L. Albiani Middle School,8,Pleasant Grove High School,9,Rancho Cordova,38.55542,-121.18936
aAf3x000001QMbSCAW,Palo Verde at Cypress,Woodside Homes,,Active,Z_Sunridge Park,,Sunrise,4,3,2,2,2349,618990,10/29/2025,aAa3x000000YjmoCAC,Non Active Adult,95742,Rancho Cordova,Sacramento,6067,"Sacramento-Roseville-Folsom, CA",40900,CA,Elk Grove Unified School District,Sunrise Elementary School,7,Katherine L. Albiani Middle School,8,Pleasant Grove High School,9,Rancho Cordova,38.55542,-121.18936
aAf2T000001FiChSAK,Esplanade at Turkey Creek/Cottages,Taylor Morrison,,Active,,,Cottages-Cedar Plan 1,2,2,1,2,1408,500999,10/27/2025,aAa3x000000YCdLCAW,Active Adult,95648,Lincoln,Placer,6061,"Sacramento-Roseville-Folsom, CA",40900,CA,Western Placer Unified School District,Carlin C. Coppin Elementary School,5,Glen Edwards Middle School,5,Lincoln High School,6,Lincoln,38.89153,-121.27753
aAf2T000001FiChSAK,Esplanade at Turkey Creek/Cottages,Taylor Morrison,,Active,,,Cottages-Redwood- Plan 2,2,2,1,2,1529,520999,10/27/2025,aAa3x000000YCdQCAW,Active Adult,95648,Lincoln,Placer,6061,"Sacramento-Roseville-Folsom, CA",40900,CA,Western Placer Unified School District,Carlin C. Coppin Elementary School,5,Glen Edwards Middle School,5,Lincoln High School,6,Lincoln,38.89153,-121.27753
aAf2T000001FiChSAK,Esplanade at Turkey Creek/Cottages,Taylor Morrison,,Active,,,Cottages- Willow-Plan 3,2,2,1,2,1651,530999,10/27/2025,aAa3x000000YCdVCAW,Active Adult,95648,Lincoln,Placer,6061,"Sacramento-Roseville-Folsom, CA",40900,CA,Western Placer Unified School District,Carlin C. Coppin Elementary School,5,Glen Edwards Middle School,5,Lincoln High School,6,Lincoln,38.89153,-121.27753
aAf3x000001Yjl5CAC,Cresleigh Havenwood,Cresleigh Homes,,Active,,,Residence 1,3,2,1,2,2293,698500,11/10/2025,aAa3x000000TQFZCA4,Non Active Adult,95648,Lincoln,Placer,6061,"Sacramento-Roseville-Folsom, CA",40900,CA,Western Placer Unified School District,Carlin C. Coppin Elementary School,5,Glen Edwards Middle School,5,Lincoln High School,6,Lincoln,38.90555,-121.27342
aAf3x000001Yjl5CAC,Cresleigh Havenwood,Cresleigh Homes,,Active,,,Residence 2,3,3,1,3,2627,723500,11/10/2025,aAa3x000000TQFaCAO,Non Active Adult,95648,Lincoln,Placer,6061,"Sacramento-Roseville-Folsom, CA",40900,CA,Western Placer Unified School District,Carlin C. Coppin Elementary School,5,Glen Edwards Middle School,5,Lincoln High School,6,Lincoln,38.90555,-121.27342
aAf3x000001Yjl5CAC,Cresleigh Havenwood,Cresleigh Homes,,Active,,,Residence 3,4,2.5,1,3,2827,733500,11/10/2025,aAa3x000000TQFbCAO,Non Active Adult,95648,Lincoln,Placer,6061,"Sacramento-Roseville-Folsom, CA",40900,CA,Western Placer Unified School District,Carlin C. Coppin Elementary School,5,Glen Edwards Middle School,5,Lincoln High School,6,Lincoln,38.90555,-121.27342
aAf3x000001Yjl5CAC,Cresleigh Havenwood,Cresleigh Homes,,Active,,,Residence 4,4,3.5,2,3,3377,783500,11/10/2025,aAa3x000000TQFcCAO,Non Active Adult,95648,Lincoln,Placer,6061,"Sacramento-Roseville-Folsom, CA",40900,CA,Western Placer Unified School District,Carlin C. Coppin Elementary School,5,Glen Edwards Middle School,5,Lincoln High School,6,Lincoln,38.90555,-121.27342
aAfPc000001cNO2KAM,Aqua at The Preserve,Lennar,,Active,,,Poppy,5,3.5,2,2,2623,652697,10/13/2025,aAaPc000000f80GKAQ,Non Active Adult,95742,Rancho Cordova,Sacramento,6067,"Sacramento-Roseville-Folsom, CA",40900,CA,Elk Grove Unified School District,Sunrise Elementary School,7,Katherine L. Albiani Middle School,8,Pleasant Grove High School,9,Rancho Cordova,38.54188,-121.20228
aAfPc000001cNO2KAM,Aqua at The Preserve,Lennar,,Active,,,Muir,5,3,2,2,2261,616697,10/13/2025,aAaPc000000f80HKAQ,Non Active Adult,95742,Rancho Cordova,Sacramento,6067,"Sacramento-Roseville-Folsom, CA",40900,CA,Elk Grove Unified School District,Sunrise Elementary School,7,Katherine L. Albiani Middle School,8,Pleasant Grove High School,9,Rancho Cordova,38.54188,-121.20228
aAfPc000001cNO2KAM,Aqua at The Preserve,Lennar,,Active,,,Goodall,4,2.5,2,2,1879,584347,10/13/2025,aAaPc000000f80IKAQ,Non Active Adult,95742,Rancho Cordova,Sacramento,6067,"Sacramento-Roseville-Folsom, CA",40900,CA,Elk Grove Unified School District,Sunrise Elementary School,7,Katherine L. Albiani Middle School,8,Pleasant Grove High School,9,Rancho Cordova,38.54188,-121.20228
aAfPc000001m9OpKAI,Valley Vista,Keusder Homes Inc.,,Active,,,Plan 1,3,2.5,2,1,1539,667990,10/20/2025,aAaPc000000qpmtKAA,Non Active Adult,95838,Sacramento,Sacramento,6067,"Sacramento-Roseville-Folsom, CA",40900,CA,Twin Rivers Unified School District,Del Paso Heights Elementary School,4,Rio Tierra Junior High School,2,Grant Union High School,4,Antelope,38.63751,-121.46906
aAfPc000001m9OpKAI,Valley Vista,Keusder Homes Inc.,,Active,,,Plan 3,3,2.5,2,1,1449,475990,10/20/2025,aAaPc000000qpmuKAA,Non Active Adult,95838,Sacramento,Sacramento,6067,"Sacramento-Roseville-Folsom, CA",40900,CA,Twin Rivers Unified School District,Del Paso Heights Elementary School,4,Rio Tierra Junior High School,2,Grant Union High School,4,Antelope,38.63751,-121.46906
aAfPc000001m9OpKAI,Valley Vista,Keusder Homes Inc.,,Active,,,Plan 3A,3,2.5,2,2,1534,480990,10/20/2025,aAaPc000000qpmvKAA,Non Active Adult,95838,Sacramento,Sacramento,6067,"Sacramento-Roseville-Folsom, CA",40900,CA,Twin Rivers Unified School District,Del Paso Heights Elementary School,4,Rio Tierra Junior High School,2,Grant Union High School,4,Antelope,38.63751,-121.46906
aAfPc000001m9OpKAI,Valley Vista,Keusder Homes Inc.,,Active,,,Plan 7,3,2.5,2,1,1315,642990,10/20/2025,aAaPc000000qpmwKAA,Non Active Adult,95838,Sacramento,Sacramento,6067,"Sacramento-Roseville-Folsom, CA",40900,CA,Twin Rivers Unified School District,Del Paso Heights Elementary School,4,Rio Tierra Junior High School,2,Grant Union High School,4,Antelope,38.63751,-121.46906
aAfPc000001m9OpKAI,Valley Vista,Keusder Homes Inc.,,Active,,,Plan 8,3,2.5,2,1,1327,464990,10/20/2025,aAaPc000000qpmxKAA,Non Active Adult,95838,Sacramento,Sacramento,6067,"Sacramento-Roseville-Folsom, CA",40900,CA,Twin Rivers Unified School District,Del Paso Heights Elementary School,4,Rio Tierra Junior High School,2,Grant Union High School,4,Antelope,38.63751,-121.46906
aAfPc000001XcfRKAS,Shawood at Folsom Ranch,Shawood Communities,,Active,Folsom Ranch,"New Home Co., Westland Capital Partners",Aspen,3,3.5,1,3,2960,1320990,11/13/2025,aAaPc000000iHgCKAU,Non Active Adult,95630,Folsom,Sacramento,6067,"Sacramento-Roseville-Folsom, CA",40900,CA,Folsom-Cordova Unified School District,,,Folsom Middle School,8,Folsom High School,10,Folsom,38.64214,-121.10362
aAfPc000001XcfRKAS,Shawood at Folsom Ranch,Shawood Communities,,Active,Folsom Ranch,"New Home Co., Westland Capital Partners",Birch,4,4.5,2,3,3685,1404990,11/13/2025,aAaPc000000iHgDKAU,Non Active Adult,95630,Folsom,Sacramento,6067,"Sacramento-Roseville-Folsom, CA",40900,CA,Folsom-Cordova Unified School District,,,Folsom Middle School,8,Folsom High School,10,Folsom,38.64214,-121.10362
aAfPc000001XcfRKAS,Shawood at Folsom Ranch,Shawood Communities,,Active,Folsom Ranch,"New Home Co., Westland Capital Partners",Cedar,5,5.5,2,3,3943,1484990,11/13/2025,aAaPc000000iHgEKAU,Non Active Adult,95630,Folsom,Sacramento,6067,"Sacramento-Roseville-Folsom, CA",40900,CA,Folsom-Cordova Unified School District,,,Folsom Middle School,8,Folsom High School,10,Folsom,38.64214,-121.10362
aAfPc000001XcfRKAS,Shawood at Folsom Ranch,Shawood Communities,,Active,Folsom Ranch,"New Home Co., Westland Capital Partners",Hazel,5,5.5,2,3,4346,1594990,11/13/2025,aAaPc000000iHgFKAU,Non Active Adult,95630,Folsom,Sacramento,6067,"Sacramento-Roseville-Folsom, CA",40900,CA,Folsom-Cordova Unified School District,,,Folsom Middle School,8,Folsom High School,10,Folsom,38.64214,-121.10362
aAfPc000001gbtpKAA,Glenfield at Placer One,JMC Homes,,Active,Placer One,"Taylor Builders, LLC",Plan: 1250,2,2,1,2,1250,509900,11/25/2025,aAaPc000000gfJiKAI,Non Active Adult,95747,Roseville,Placer,6061,"Sacramento-Roseville-Folsom, CA",40900,CA,Roseville City Elementary School District,,,George A. Buljan Middle School,4,West Park High,8,Roseville,38.8117,-121.35046
aAfPc000001gbtpKAA,Glenfield at Placer One,JMC Homes,,Active,Placer One,"Taylor Builders, LLC",Plan: 1249,3,2,1,2,1249,499900,11/25/2025,aAaPc000000gfOXKAY,Non Active Adult,95747,Roseville,Placer,6061,"Sacramento-Roseville-Folsom, CA",40900,CA,Roseville City Elementary School District,,,George A. Buljan Middle School,4,West Park High,8,Roseville,38.8117,-121.35046
aAfPc000001gbtpKAA,Glenfield at Placer One,JMC Homes,,Active,Placer One,"Taylor Builders, LLC",Plan: 1251,3,2,1,2,1251,499900,11/25/2025,aAaPc000000gfQ9KAI,Non Active Adult,95747,Roseville,Placer,6061,"Sacramento-Roseville-Folsom, CA",40900,CA,Roseville City Elementary School District,,,George A. Buljan Middle School,4,West Park High,8,Roseville,38.8117,-121.35046
aAfPc000001cNpRKAU,Ruby Cottages at Ruby Ridge,Lennar,,Active,,,Residence 1943,3,2.5,2,2,1943,550240,10/31/2025,aAaPc000000hTOKKA2,Non Active Adult,95776,Woodland,Yolo,6113,"Sacramento-Roseville-Folsom, CA",40900,CA,Woodland Joint Unified School District,Ramon S. Tafoya Elementary School,6,Douglass Middle School,5,Pioneer High School,6,Davis / Woodland,38.65986,-121.7465
aAfPc000001cNpRKAU,Ruby Cottages at Ruby Ridge,Lennar,,Active,,,Residence 2117,4,3,2,2,2117,572490,10/31/2025,aAaPc000000hTOLKA2,Non Active Adult,95776,Woodland,Yolo,6113,"Sacramento-Roseville-Folsom, CA",40900,CA,Woodland Joint Unified School District,Ramon S. Tafoya Elementary School,6,Douglass Middle School,5,Pioneer High School,6,Davis / Woodland,38.65986,-121.7465
aAfPc000001cNpRKAU,Ruby Cottages at Ruby Ridge,Lennar,,Active,,,Residence 1709,3,2.5,2,2,1709,516740,10/31/2025,aAaPc000000hTOMKA2,Non Active Adult,95776,Woodland,Yolo,6113,"Sacramento-Roseville-Folsom, CA",40900,CA,Woodland Joint Unified School District,Ramon S. Tafoya Elementary School,6,Douglass Middle School,5,Pioneer High School,6,Davis / Woodland,38.65986,-121.7465
aAfPc000001cPfxKAE,Symphony at Arbor Ranch,Lennar,,Active,,,Residence 2463,4,3,2,2,2463,757990,11/6/2025,aAaPc000000cKiLKAU,Non Active Adult,95757,Elk Grove,Sacramento,6067,"Sacramento-Roseville-Folsom, CA",40900,CA,Elk Grove Unified School District,Zehnder Ranch Elementary,8,Elizabeth Pinkerton Middle School,8,Cosumnes Oaks High School,10,Laguna / Elk Grove,38.3857,-121.40604
aAfPc000001cPfxKAE,Symphony at Arbor Ranch,Lennar,,Active,,,Residence 3025,4,3.5,2,2,3025,823990,11/6/2025,aAaPc000000cKiMKAU,Non Active Adult,95757,Elk Grove,Sacramento,6067,"Sacramento-Roseville-Folsom, CA",40900,CA,Elk Grove Unified School District,Zehnder Ranch Elementary,8,Elizabeth Pinkerton Middle School,8,Cosumnes Oaks High School,10,Laguna / Elk Grove,38.3857,-121.40604
aAfPc000001cPfxKAE,Symphony at Arbor Ranch,Lennar,,Active,,,Residence 2793,5,4,2,2,2793,779990,11/6/2025,aAaPc000000cKiNKAU,Non Active Adult,95757,Elk Grove,Sacramento,6067,"Sacramento-Roseville-Folsom, CA",40900,CA,Elk Grove Unified School District,Zehnder Ranch Elementary,8,Elizabeth Pinkerton Middle School,8,Cosumnes Oaks High School,10,Laguna / Elk Grove,38.3857,-121.40604
aAfPc000001cPfxKAE,Symphony at Arbor Ranch,Lennar,,Active,,,Residence 2693,4,3.5,2,2,2693,767990,11/6/2025,aAaPc000000cKiOKAU,Non Active Adult,95757,Elk Grove,Sacramento,6067,"Sacramento-Roseville-Folsom, CA",40900,CA,Elk Grove Unified School District,Zehnder Ranch Elementary,8,Elizabeth Pinkerton Middle School,8,Cosumnes Oaks High School,10,Laguna / Elk Grove,38.3857,-121.40604
aAfPc000001cNvtKAE,Lyric at Arbor Ranch,Lennar,,Active,,,Residence 2632,4,3,1,2,2632,841697,11/6/2025,aAaPc000000cKiPKAU,Non Active Adult,95757,Elk Grove,Sacramento,6067,"Sacramento-Roseville-Folsom, CA",40900,CA,Elk Grove Unified School District,Zehnder Ranch Elementary,8,Elizabeth Pinkerton Middle School,8,Cosumnes Oaks High School,10,Laguna / Elk Grove,38.38485,-121.4046
aAfPc000001cNvtKAE,Lyric at Arbor Ranch,Lennar,,Active,,,Residence 3427,5,3.5,2,3,3427,929045,11/6/2025,aAaPc000000cKiQKAU,Non Active Adult,95757,Elk Grove,Sacramento,6067,"Sacramento-Roseville-Folsom, CA",40900,CA,Elk Grove Unified School District,Zehnder Ranch Elementary,8,Elizabeth Pinkerton Middle School,8,Cosumnes Oaks High School,10,Laguna / Elk Grove,38.38485,-121.4046
aAfPc000001cNvtKAE,Lyric at Arbor Ranch,Lennar,,Active,,,Residence 3141,5,3.5,2,3,3141,857082,11/6/2025,aAaPc000000cKiRKAU,Non Active Adult,95757,Elk Grove,Sacramento,6067,"Sacramento-Roseville-Folsom, CA",40900,CA,Elk Grove Unified School District,Zehnder Ranch Elementary,8,Elizabeth Pinkerton Middle School,8,Cosumnes Oaks High School,10,Laguna / Elk Grove,38.38485,-121.4046
aAfPc0000015lYoKAI,Arista,Beazer Homes,,Active,,,Walnut,4,2.5,2,2,2805,680990,11/13/2025,aAaPc000000XtYnKAK,Non Active Adult,95742,Rancho Cordova,Sacramento,6067,"Sacramento-Roseville-Folsom, CA",40900,CA,Elk Grove Unified School District,Sunrise Elementary School,7,Katherine L. Albiani Middle School,8,Pleasant Grove High School,9,Rancho Cordova,38.5452,-121.192
aAfPc0000015lYoKAI,Arista,Beazer Homes,,Active,,,Cypress,3,2.5,2,2,2278,604990,11/13/2025,aAaPc000000XtYqKAK,Non Active Adult,95742,Rancho Cordova,Sacramento,6067,"Sacramento-Roseville-Folsom, CA",40900,CA,Elk Grove Unified School District,Sunrise Elementary School,7,Katherine L. Albiani Middle School,8,Pleasant Grove High School,9,Rancho Cordova,38.5452,-121.192
aAfPc0000015lYoKAI,Arista,Beazer Homes,,Active,,,Ash,3,2,1,2,1655,525990,12/11/2025,aAaPc000000XtaQKAS,Non Active Adult,95742,Rancho Cordova,Sacramento,6067,"Sacramento-Roseville-Folsom, CA",40900,CA,Elk Grove Unified School District,Sunrise Elementary School,7,Katherine L. Albiani Middle School,8,Pleasant Grove High School,9,Rancho Cordova,38.5452,-121.192
aAfPc0000015lYoKAI,Arista,Beazer Homes,,Active,,,Maple,3,3.5,2,2,2492,635990,11/13/2025,aAaPc000000XtaRKAS,Non Active Adult,95742,Rancho Cordova,Sacramento,6067,"Sacramento-Roseville-Folsom, CA",40900,CA,Elk Grove Unified School District,Sunrise Elementary School,7,Katherine L. Albiani Middle School,8,Pleasant Grove High School,9,Rancho Cordova,38.5452,-121.192
aAfPc0000015lYoKAI,Arista,Beazer Homes,,Active,,,Hazel,3,2,1,2,2086,604990,11/13/2025,aAaPc000000XtaTKAS,Non Active Adult,95742,Rancho Cordova,Sacramento,6067,"Sacramento-Roseville-Folsom, CA",40900,CA,Elk Grove Unified School District,Sunrise Elementary School,7,Katherine L. Albiani Middle School,8,Pleasant Grove High School,9,Rancho Cordova,38.5452,-121.192
aAfPc0000015AMLKA2,Season at the Ranch/Autumn,K. Hovnanian Homes,,Active,The Ranch,K. Hovnanian Homes,Morse,2,2.5,1,2,2264,651390,10/24/2025,aAaPc000000Z270KAC,Non Active Adult,95742,Rancho Cordova,Sacramento,6067,"Sacramento-Roseville-Folsom, CA",40900,CA,Elk Grove Unified School District,Sunrise Elementary School,7,Katherine L. Albiani Middle School,8,Pleasant Grove High School,9,Rancho Cordova,38.54358,-121.21169
aAfPc0000015AMLKA2,Season at the Ranch/Autumn,K. Hovnanian Homes,,Active,The Ranch,K. Hovnanian Homes,Carver,2,2.5,1,2,2415,687990,10/24/2025,aAaPc000000Z2IHKA0,Non Active Adult,95742,Rancho Cordova,Sacramento,6067,"Sacramento-Roseville-Folsom, CA",40900,CA,Elk Grove Unified School District,Sunrise Elementary School,7,Katherine L. Albiani Middle School,8,Pleasant Grove High School,9,Rancho Cordova,38.54358,-121.21169
aAfPc0000015AMLKA2,Season at the Ranch/Autumn,K. Hovnanian Homes,,Active,The Ranch,K. Hovnanian Homes,Bell ESP,3,3,1,2,2729,691890,10/24/2025,aAaPc000000Z2JtKAK,Non Active Adult,95742,Rancho Cordova,Sacramento,6067,"Sacramento-Roseville-Folsom, CA",40900,CA,Elk Grove Unified School District,Sunrise Elementary School,7,Katherine L. Albiani Middle School,8,Pleasant Grove High School,9,Rancho Cordova,38.54358,-121.21169
aAfPc0000015AMLKA2,Season at the Ranch/Autumn,K. Hovnanian Homes,,Active,The Ranch,K. Hovnanian Homes,Franklin,3,3.5,1,2,2916,840000,10/24/2025,aAaPc000000Z2LVKA0,Non Active Adult,95742,Rancho Cordova,Sacramento,6067,"Sacramento-Roseville-Folsom, CA",40900,CA,Elk Grove Unified School District,Sunrise Elementary School,7,Katherine L. Albiani Middle School,8,Pleasant Grove High School,9,Rancho Cordova,38.54358,-121.21169
aAf3x000001WfmoCAC,Hidden Ridge,Toll Brothers,,Active,,,Sierra Modern Farmhouse,4,3,,,,1125000,11/15/2025,aAaPc000001160NKAQ,Non Active Adult,95762,El Dorado Hills,El Dorado,6017,"Sacramento-Roseville-Folsom, CA",40900,CA,Rescue Union Elementary School District,Green Valley Elementary School,7,Pleasant Grove Middle School,6,Ponderosa High School,9,El Dorado Hills,38.67384,-121.02584
aAf3x000001YjwPCAS,Heritage Placer Vineyards/Molise,Lennar,,Active,,,Residence 1712,2,2.5,1,2,1712,537990,12/1/2025,aAa3x000000TsOgCAK,Active Adult,95747,Roseville,Placer,6061,"Sacramento-Roseville-Folsom, CA",40900,CA,Center Joint Unified School District,,,Wilson C. Riles Middle School,5,Center High,7,Roseville,38.74544,-121.36756
aAf3x000001WdzQCAS,Ascent at Montelena,Pulte Homes,PulteGroup Inc.,Active,,,Plan 1,3,2.5,2,2,2526,625990,10/24/2025,aAa3x000000UTbiCAG,Non Active Adult,95742,Rancho Cordova,Sacramento,6067,"Sacramento-Roseville-Folsom, CA",40900,CA,Elk Grove Unified School District,Sunrise Elementary School,7,Katherine L. Albiani Middle School,8,Pleasant Grove High School,9,Rancho Cordova,38.55569,-121.232
aAf3x000001WdzQCAS,Ascent at Montelena,Pulte Homes,PulteGroup Inc.,Active,,,Plan 2,3,2.5,2,2,2786,654990,10/24/2025,aAa3x000000UTbnCAG,Non Active Adult,95742,Rancho Cordova,Sacramento,6067,"Sacramento-Roseville-Folsom, CA",40900,CA,Elk Grove Unified School District,Sunrise Elementary School,7,Katherine L. Albiani Middle School,8,Pleasant Grove High School,9,Rancho Cordova,38.55569,-121.232
aAf3x000001WdzQCAS,Ascent at Montelena,Pulte Homes,PulteGroup Inc.,Active,,,Plan 3,4,2.5,2,2,2848,662990,10/24/2025,aAa3x000000UTbsCAG,Non Active Adult,95742,Rancho Cordova,Sacramento,6067,"Sacramento-Roseville-Folsom, CA",40900,CA,Elk Grove Unified School District,Sunrise Elementary School,7,Katherine L. Albiani Middle School,8,Pleasant Grove High School,9,Rancho Cordova,38.55569,-121.232
aAf3x000001WdzQCAS,Ascent at Montelena,Pulte Homes,PulteGroup Inc.,Active,,,Plan 4,5,3.5,2,2,2973,675990,10/24/2025,aAa3x000000UTbxCAG,Non Active Adult,95742,Rancho Cordova,Sacramento,6067,"Sacramento-Roseville-Folsom, CA",40900,CA,Elk Grove Unified School District,Sunrise Elementary School,7,Katherine L. Albiani Middle School,8,Pleasant Grove High School,9,Rancho Cordova,38.55569,-121.232
aAf3x000001QMbRCAW,Valley Oak at Cypress,Woodside Homes,,Active,,,Aster,3,2,1,2,1868,594990,10/29/2025,aAa3x000000YjmhCAC,Non Active Adult,95742,Rancho Cordova,Sacramento,6067,"Sacramento-Roseville-Folsom, CA",40900,CA,Elk Grove Unified School District,Sunrise Elementary School,7,Katherine L. Albiani Middle School,8,Pleasant Grove High School,9,Rancho Cordova,38.54714,-121.19456
aAf3x000001QMbRCAW,Valley Oak at Cypress,Woodside Homes,,Active,,,Elderberry,4,3,2,2,2433,674990,10/29/2025,aAa3x000000YjmjCAC,Non Active Adult,95742,Rancho Cordova,Sacramento,6067,"Sacramento-Roseville-Folsom, CA",40900,CA,Elk Grove Unified School District,Sunrise Elementary School,7,Katherine L. Albiani Middle School,8,Pleasant Grove High School,9,Rancho Cordova,38.54714,-121.19456
aAf3x000001QMbRCAW,Valley Oak at Cypress,Woodside Homes,,Active,,,Coral,4,3,1,2,2054,618990,10/29/2025,aAa3x000000YjmkCAC,Non Active Adult,95742,Rancho Cordova,Sacramento,6067,"Sacramento-Roseville-Folsom, CA",40900,CA,Elk Grove Unified School District,Sunrise Elementary School,7,Katherine L. Albiani Middle School,8,Pleasant Grove High School,9,Rancho Cordova,38.54714,-121.19456
aAf3x000001QZhlCAG,Cortese at Vineyard Parke,Lennar,,Active,,,Residence 2107,3,2.5,2,2,2107,691490,12/4/2025,aAa3x000000ZiiTCAS,Non Active Adult,95829,Sacramento,Sacramento,6067,"Sacramento-Roseville-Folsom, CA",40900,CA,Elk Grove Unified School District,Sierra-Enterprise Elementary School,6,Katherine L. Albiani Middle School,8,Pleasant Grove High School,9,Florin / Vineyard,38.49214,-121.37236
aAf3x000001QZhlCAG,Cortese at Vineyard Parke,Lennar,,Active,,,Residence 2214,4,3,2,2,2214,677990,12/4/2025,aAa3x000000ZiiUCAS,Non Active Adult,95829,Sacramento,Sacramento,6067,"Sacramento-Roseville-Folsom, CA",40900,CA,Elk Grove Unified School District,Sierra-Enterprise Elementary School,6,Katherine L. Albiani Middle School,8,Pleasant Grove High School,9,Florin / Vineyard,38.49214,-121.37236
aAf3x000001QZhlCAG,Cortese at Vineyard Parke,Lennar,,Active,,,Residence 2419,4,3.5,2,2,2419,710990,12/4/2025,aAa3x000000ZiiVCAS,Non Active Adult,95829,Sacramento,Sacramento,6067,"Sacramento-Roseville-Folsom, CA",40900,CA,Elk Grove Unified School District,Sierra-Enterprise Elementary School,6,Katherine L. Albiani Middle School,8,Pleasant Grove High School,9,Florin / Vineyard,38.49214,-121.37236
aAf3x000001QZhlCAG,Cortese at Vineyard Parke,Lennar,,Active,,,Residence 2612,5,3,2,2,2612,713490,12/4/2025,aAa3x000000ZiiWCAS,Non Active Adult,95829,Sacramento,Sacramento,6067,"Sacramento-Roseville-Folsom, CA",40900,CA,Elk Grove Unified School District,Sierra-Enterprise Elementary School,6,Katherine L. Albiani Middle School,8,Pleasant Grove High School,9,Florin / Vineyard,38.49214,-121.37236
aAf3x000001QZhlCAG,Cortese at Vineyard Parke,Lennar,,Active,,,Residence 2776,4,3.5,2,2,2776,723490,12/4/2025,aAa3x000000ZiiXCAS,Non Active Adult,95829,Sacramento,Sacramento,6067,"Sacramento-Roseville-Folsom, CA",40900,CA,Elk Grove Unified School District,Sierra-Enterprise Elementary School,6,Katherine L. Albiani Middle School,8,Pleasant Grove High School,9,Florin / Vineyard,38.49214,-121.37236
aAf3x000001WopqCAC,Laurel at Elliott Springs,Elliott Homes,,Active,,,Plan 2498,4,4,2,2,2498,796950,12/10/2025,aAa3x000000ZFKUCA4,Non Active Adult,95624,Elk Grove,Sacramento,6067,"Sacramento-Roseville-Folsom, CA",40900,CA,Elk Grove Unified School District,James A. Mckee Elementary School,5,Joseph Kerr Middle School,7,Elk Grove High School,7,Laguna / Elk Grove,38.42661,-121.35345
aAf3x000001WopqCAC,Laurel at Elliott Springs,Elliott Homes,,Active,,,Plan 1609,3,2,1,2,1609,666950,12/10/2025,aAa3x000000ZFKVCA4,Non Active Adult,95624,Elk Grove,Sacramento,6067,"Sacramento-Roseville-Folsom, CA",40900,CA,Elk Grove Unified School District,James A. Mckee Elementary School,5,Joseph Kerr Middle School,7,Elk Grove High School,7,Laguna / Elk Grove,38.42661,-121.35345
aAf3x000001WopqCAC,Laurel at Elliott Springs,Elliott Homes,,Active,,,Plan 2142,4,3,1,2,2142,726950,12/10/2025,aAa3x000000ZFKWCA4,Non Active Adult,95624,Elk Grove,Sacramento,6067,"Sacramento-Roseville-Folsom, CA",40900,CA,Elk Grove Unified School District,James A. Mckee Elementary School,5,Joseph Kerr Middle School,7,Elk Grove High School,7,Laguna / Elk Grove,38.42661,-121.35345
aAf3x000001Wo6iCAC,Valley Oak/Parks,Risewell Homes,,Active,,,The Parks Plan 3,4,3.5,2,2,3255,899000,11/13/2025,aAa3x000000ZnvsCAC,Non Active Adult,95747,Roseville,Placer,6061,"Sacramento-Roseville-Folsom, CA",40900,CA,Roseville City Elementary School District,Blue Oaks Elementary School,7,Robert C. Cooley Middle School,7,Oakmont High School,9,Roseville,38.78683,-121.32775
aAf3x000001QHeDCAW,Wildhawk South/Latitude,Taylor Morrison,,Active,,,Ash Plan 17,3,3,1,2,2504,684999,12/8/2025,aAa3x000000Zkl6CAC,Non Active Adult,95829,Sacramento,Sacramento,6067,"Sacramento-Roseville-Folsom, CA",40900,CA,Elk Grove Unified School District,Arnold Adreani Elementary School; Sierra-Enterprise Elementary School,8; 6,Katherine L. Albiani Middle School,8,Pleasant Grove High School,9,Florin / Vineyard,38.4816,-121.32237
aAf3x000001QHeDCAW,Wildhawk South/Latitude,Taylor Morrison,,Active,,,Finn Plan 18,4,2.5,2,3,2805,697999,12/8/2025,aAa3x000000Zkl7CAC,Non Active Adult,95829,Sacramento,Sacramento,6067,"Sacramento-Roseville-Folsom, CA",40900,CA,Elk Grove Unified School District,Arnold Adreani Elementary School; Sierra-Enterprise Elementary School,8; 6,Katherine L. Albiani Middle School,8,Pleasant Grove High School,9,Florin / Vineyard,38.4816,-121.32237
aAf3x000001QHeDCAW,Wildhawk South/Latitude,Taylor Morrison,,Active,,,Marlow Plan 19,4,2.5,2,3,3244,737999,12/8/2025,aAa3x000000Zkl8CAC,Non Active Adult,95829,Sacramento,Sacramento,6067,"Sacramento-Roseville-Folsom, CA",40900,CA,Elk Grove Unified School District,Arnold Adreani Elementary School; Sierra-Enterprise Elementary School,8; 6,Katherine L. Albiani Middle School,8,Pleasant Grove High School,9,Florin / Vineyard,38.4816,-121.32237
aAf3x000001QHeDCAW,Wildhawk South/Latitude,Taylor Morrison,,Active,,,Raleigh Plan 20,4,3.5,2,2,3392,779999,12/8/2025,aAa3x000000Zkl9CAC,Non Active Adult,95829,Sacramento,Sacramento,6067,"Sacramento-Roseville-Folsom, CA",40900,CA,Elk Grove Unified School District,Arnold Adreani Elementary School; Sierra-Enterprise Elementary School,8; 6,Katherine L. Albiani Middle School,8,Pleasant Grove High School,9,Florin / Vineyard,38.4816,-121.32237
aAf3x000001YjnUCAS,Heritage Placer Vineyards/Emilia,Lennar,,Active,,,Residence 2988,3,3.5,1,3,2988,705855,12/1/2025,aAa3x000000ZvUdCAK,Active Adult,95747,Roseville,Placer,6061,"Sacramento-Roseville-Folsom, CA",40900,CA,Center Joint Unified School District,,,Wilson C. Riles Middle School,5,Center High,7,Roseville,38.74612,-121.36746
aAf3x000001YjnUCAS,Heritage Placer Vineyards/Emilia,Lennar,,Active,,,Residence 2570,4,3.5,1,3,2570,675412,12/1/2025,aAa3x000000ZvUeCAK,Active Adult,95747,Roseville,Placer,6061,"Sacramento-Roseville-Folsom, CA",40900,CA,Center Joint Unified School District,,,Wilson C. Riles Middle School,5,Center High,7,Roseville,38.74612,-121.36746
aAf3x000001YjnUCAS,Heritage Placer Vineyards/Emilia,Lennar,,Active,,,Residence 2750,3,2.5,1,3,2750,675412,12/1/2025,aAa3x000000ZvUfCAK,Active Adult,95747,Roseville,Placer,6061,"Sacramento-Roseville-Folsom, CA",40900,CA,Center Joint Unified School District,,,Wilson C. Riles Middle School,5,Center High,7,Roseville,38.74612,-121.36746
aAf3x000001YjnUCAS,Heritage Placer Vineyards/Emilia,Lennar,,Active,,,Residence 2400,2,2.5,1,3,2400,631652,12/1/2025,aAa3x000000ZvUgCAK,Active Adult,95747,Roseville,Placer,6061,"Sacramento-Roseville-Folsom, CA",40900,CA,Center Joint Unified School District,,,Wilson C. Riles Middle School,5,Center High,7,Roseville,38.74612,-121.36746
aAf3x000001YjwPCAS,Heritage Placer Vineyards/Molise,Lennar,,Active,,,Residence 1437,2,2,1,2,1437,516990,12/1/2025,aAa3x000000ZvUhCAK,Active Adult,95747,Roseville,Placer,6061,"Sacramento-Roseville-Folsom, CA",40900,CA,Center Joint Unified School District,,,Wilson C. Riles Middle School,5,Center High,7,Roseville,38.74544,-121.36756
aAf3x000001YjwPCAS,Heritage Placer Vineyards/Molise,Lennar,,Active,,,Residence 1779,3,3,1,2,1779,546990,12/1/2025,aAa3x000000ZvUjCAK,Active Adult,95747,Roseville,Placer,6061,"Sacramento-Roseville-Folsom, CA",40900,CA,Center Joint Unified School District,,,Wilson C. Riles Middle School,5,Center High,7,Roseville,38.74544,-121.36756
aAf3x000001QEyQCAW,Northlake/Watersyde,Lennar,,Active,Northlake,"Integral Communities, Lennar",Residence 2309,4,3,2,2,2309,698063,12/4/2025,aAa3x000000ZwHtCAK,Non Active Adult,95835,Sacramento,Sacramento,6067,"Sacramento-Roseville-Folsom, CA",40900,CA,Twin Rivers Unified School District,Regency Park Elementary School,7,Rio Linda Preparatory Academy; Norwood Junior High School,5; 5,,,Natomas,38.67423,-121.54771
aAf3x000001QEyQCAW,Northlake/Watersyde,Lennar,,Active,Northlake,"Integral Communities, Lennar",Residence 2463,4,3,2,2,2463,850678,12/4/2025,aAa3x000000ZwHuCAK,Non Active Adult,95835,Sacramento,Sacramento,6067,"Sacramento-Roseville-Folsom, CA",40900,CA,Twin Rivers Unified School District,Regency Park Elementary School,7,Rio Linda Preparatory Academy; Norwood Junior High School,5; 5,,,Natomas,38.67423,-121.54771
aAf3x000001QEyQCAW,Northlake/Watersyde,Lennar,,Active,Northlake,"Integral Communities, Lennar",Residence 2693,4,3.5,2,2,2693,758902,12/4/2025,aAa3x000000ZwHvCAK,Non Active Adult,95835,Sacramento,Sacramento,6067,"Sacramento-Roseville-Folsom, CA",40900,CA,Twin Rivers Unified School District,Regency Park Elementary School,7,Rio Linda Preparatory Academy; Norwood Junior High School,5; 5,,,Natomas,38.67423,-121.54771
aAf3x000001QEyQCAW,Northlake/Watersyde,Lennar,,Active,Northlake,"Integral Communities, Lennar",Residence 2793,5,4,2,2,2793,785595,12/4/2025,aAa3x000000ZwHwCAK,Non Active Adult,95835,Sacramento,Sacramento,6067,"Sacramento-Roseville-Folsom, CA",40900,CA,Twin Rivers Unified School District,Regency Park Elementary School,7,Rio Linda Preparatory Academy; Norwood Junior High School,5; 5,,,Natomas,38.67423,-121.54771
aAf3x000001QEyQCAW,Northlake/Watersyde,Lennar,,Active,Northlake,"Integral Communities, Lennar",Residence 2966,5,3.5,2,3,2966,736990,12/4/2025,aAa3x000000ZwHxCAK,Non Active Adult,95835,Sacramento,Sacramento,6067,"Sacramento-Roseville-Folsom, CA",40900,CA,Twin Rivers Unified School District,Regency Park Elementary School,7,Rio Linda Preparatory Academy; Norwood Junior High School,5; 5,,,Natomas,38.67423,-121.54771
aAf3x000001QOmLCAW,Preserve at Folsom Ranch/Heritage Trails,Toll Brothers,,Active,Folsom Ranch,"New Home Co., Westland Capital Partners",Azul,4,3.5,1,2,2539,1032995,11/8/2025,aAa3x000000ZxQlCAK,Non Active Adult,95630,Folsom,Sacramento,6067,"Sacramento-Roseville-Folsom, CA",40900,CA,Folsom-Cordova Unified School District,Mangini Ranch Elementary,8,Folsom Middle School,8,Folsom High School,10,Folsom,38.62204,-121.13144
aAf3x000001QOmLCAW,Preserve at Folsom Ranch/Heritage Trails,Toll Brothers,,Active,Folsom Ranch,"New Home Co., Westland Capital Partners",Kruger,5,4.5,2,3,3501,1114995,11/8/2025,aAa3x000000ZxQmCAK,Non Active Adult,95630,Folsom,Sacramento,6067,"Sacramento-Roseville-Folsom, CA",40900,CA,Folsom-Cordova Unified School District,Mangini Ranch Elementary,8,Folsom Middle School,8,Folsom High School,10,Folsom,38.62204,-121.13144
aAf3x000001QOmLCAW,Preserve at Folsom Ranch/Heritage Trails,Toll Brothers,,Active,Folsom Ranch,"New Home Co., Westland Capital Partners",Ramona,5,4.5,2,3,3638,1147995,11/8/2025,aAa3x000000ZxQnCAK,Non Active Adult,95630,Folsom,Sacramento,6067,"Sacramento-Roseville-Folsom, CA",40900,CA,Folsom-Cordova Unified School District,Mangini Ranch Elementary,8,Folsom Middle School,8,Folsom High School,10,Folsom,38.62204,-121.13144
aAf3x000001QOmLCAW,Preserve at Folsom Ranch/Heritage Trails,Toll Brothers,,Active,Folsom Ranch,"New Home Co., Westland Capital Partners",Volcan,5,5.5,2,3,3788,1177995,11/8/2025,aAa3x000000ZxQoCAK,Non Active Adult,95630,Folsom,Sacramento,6067,"Sacramento-Roseville-Folsom, CA",40900,CA,Folsom-Cordova Unified School District,Mangini Ranch Elementary,8,Folsom Middle School,8,Folsom High School,10,Folsom,38.62204,-121.13144
aAf3x000001YekvCAC,Regency at Folsom Ranch/Tahoe,Toll Brothers,,Active,Folsom Ranch,"New Home Co., Westland Capital Partners",Carmichael,2,2.5,1,2,2316,890995,12/4/2025,aAa3x000000gqO2CAI,Active Adult,95630,Folsom,Sacramento,6067,"Sacramento-Roseville-Folsom, CA",40900,CA,Folsom-Cordova Unified School District,Mangini Ranch Elementary,8,Folsom Middle School,8,Folsom High School,10,Folsom,38.62195,-121.12091
aAf3x000001YekvCAC,Regency at Folsom Ranch/Tahoe,Toll Brothers,,Active,Folsom Ranch,"New Home Co., Westland Capital Partners",Glenbrook,2,2.5,1,2,2356,895995,12/4/2025,aAa3x000000gqOCCAY,Active Adult,95630,Folsom,Sacramento,6067,"Sacramento-Roseville-Folsom, CA",40900,CA,Folsom-Cordova Unified School District,Mangini Ranch Elementary,8,Folsom Middle School,8,Folsom High School,10,Folsom,38.62195,-121.12091
aAf3x000001YekvCAC,Regency at Folsom Ranch/Tahoe,Toll Brothers,,Active,Folsom Ranch,"New Home Co., Westland Capital Partners",Petaluma,2,2.5,1,2,2441,905995,12/4/2025,aAa3x000000gqOHCAY,Active Adult,95630,Folsom,Sacramento,6067,"Sacramento-Roseville-Folsom, CA",40900,CA,Folsom-Cordova Unified School District,Mangini Ranch Elementary,8,Folsom Middle School,8,Folsom High School,10,Folsom,38.62195,-121.12091
aAf3x000001YjiGCAS,Esplanade at Turkey Creek/Premiers,Taylor Morrison,,Active,,,Goldeneye,2,2,1,2,2157,672999,11/21/2025,aAa3x000000gxn6CAA,Active Adult,95648,Lincoln,Placer,6061,"Sacramento-Roseville-Folsom, CA",40900,CA,Western Placer Unified School District,Carlin C. Coppin Elementary School,5,Glen Edwards Middle School,5,Lincoln High School,6,Lincoln,38.89153,-121.27753
aAf3x000001YjiGCAS,Esplanade at Turkey Creek/Premiers,Taylor Morrison,,Active,,,Mallard,2,2,1,2,2266,691999,11/21/2025,aAa3x000000gxnGCAQ,Active Adult,95648,Lincoln,Placer,6061,"Sacramento-Roseville-Folsom, CA",40900,CA,Western Placer Unified School District,Carlin C. Coppin Elementary School,5,Glen Edwards Middle School,5,Lincoln High School,6,Lincoln,38.89153,-121.27753
aAf3x000001YjiGCAS,Esplanade at Turkey Creek/Premiers,Taylor Morrison,,Active,,,Quail,2,2,1,2,2363,703999,11/21/2025,aAa3x000000gxnLCAQ,Active Adult,95648,Lincoln,Placer,6061,"Sacramento-Roseville-Folsom, CA",40900,CA,Western Placer Unified School District,Carlin C. Coppin Elementary School,5,Glen Edwards Middle School,5,Lincoln High School,6,Lincoln,38.89153,-121.27753
aAfPc0000009Z4zKAE,Inspiration Village at Sierra Vista,JMC Homes,,Active,Sierra Vista (CA),,Plan 1343,3,2,1,2,1343,593990,11/25/2025,aAaPc0000003zbdKAA,Non Active Adult,95747,Roseville,Placer,6061,"Sacramento-Roseville-Folsom, CA",40900,CA,Center Joint Unified School District,,,Wilson C. Riles Middle School,5,Center High,7,Roseville,38.75846,-121.37203
aAfPc0000009Z4zKAE,Inspiration Village at Sierra Vista,JMC Homes,,Active,Sierra Vista (CA),,Plan 1504,4,3,1,2,1504,604990,11/25/2025,aAaPc0000003zdFKAQ,Non Active Adult,95747,Roseville,Placer,6061,"Sacramento-Roseville-Folsom, CA",40900,CA,Center Joint Unified School District,,,Wilson C. Riles Middle School,5,Center High,7,Roseville,38.75846,-121.37203
aAfPc0000009Z4zKAE,Inspiration Village at Sierra Vista,JMC Homes,,Active,Sierra Vista (CA),,Plan 1834,3,3,1,2,1834,639990,11/25/2025,aAaPc0000003zerKAA,Non Active Adult,95747,Roseville,Placer,6061,"Sacramento-Roseville-Folsom, CA",40900,CA,Center Joint Unified School District,,,Wilson C. Riles Middle School,5,Center High,7,Roseville,38.75846,-121.37203
aAfPc0000009Z4zKAE,Inspiration Village at Sierra Vista,JMC Homes,,Active,Sierra Vista (CA),,Plan 2054,3,3,2,2,2054,664990,11/25/2025,aAaPc0000003zgTKAQ,Non Active Adult,95747,Roseville,Placer,6061,"Sacramento-Roseville-Folsom, CA",40900,CA,Center Joint Unified School District,,,Wilson C. Riles Middle School,5,Center High,7,Roseville,38.75846,-121.37203
aAfPc000000Ic6rKAC,Madeira Greens,Taylor Morrison,,Active,,,Plan 1 Dylan,3,2,1,2,1889,665999,11/21/2025,aAaPc000000FN20KAG,Non Active Adult,95757,Elk Grove,Sacramento,6067,"Sacramento-Roseville-Folsom, CA",40900,CA,Elk Grove Unified School District,Franklin Elementary School,9,Elizabeth Pinkerton Middle School,8,Cosumnes Oaks High School,10,Laguna / Elk Grove,38.379,-121.4335
aAfPc000000Ic6rKAC,Madeira Greens,Taylor Morrison,,Active,,,Plan 2 Hadley,3,2.5,1,2,2260,698999,11/21/2025,aAaPc000000FN21KAG,Non Active Adult,95757,Elk Grove,Sacramento,6067,"Sacramento-Roseville-Folsom, CA",40900,CA,Elk Grove Unified School District,Franklin Elementary School,9,Elizabeth Pinkerton Middle School,8,Cosumnes Oaks High School,10,Laguna / Elk Grove,38.379,-121.4335
aAfPc000000Ic6rKAC,Madeira Greens,Taylor Morrison,,Active,,,Plan 3 Brooklyn,3,2.5,2,3,2783,757999,11/21/2025,aAaPc000000FN22KAG,Non Active Adult,95757,Elk Grove,Sacramento,6067,"Sacramento-Roseville-Folsom, CA",40900,CA,Elk Grove Unified School District,Franklin Elementary School,9,Elizabeth Pinkerton Middle School,8,Cosumnes Oaks High School,10,Laguna / Elk Grove,38.379,-121.4335
aAfPc000000Ic6rKAC,Madeira Greens,Taylor Morrison,,Active,,,Plan 4 Arrow,4,3,2,2,3032,786999,11/21/2025,aAaPc000000FN23KAG,Non Active Adult,95757,Elk Grove,Sacramento,6067,"Sacramento-Roseville-Folsom, CA",40900,CA,Elk Grove Unified School District,Franklin Elementary School,9,Elizabeth Pinkerton Middle School,8,Cosumnes Oaks High School,10,Laguna / Elk Grove,38.379,-121.4335
aAfPc000000Ic6rKAC,Madeira Greens,Taylor Morrison,,Active,,,Plan 5 Jaxon,4,2.5,2,3,3291,823999,11/21/2025,aAaPc000000FN24KAG,Non Active Adult,95757,Elk Grove,Sacramento,6067,"Sacramento-Roseville-Folsom, CA",40900,CA,Elk Grove Unified School District,Franklin Elementary School,9,Elizabeth Pinkerton Middle School,8,Cosumnes Oaks High School,10,Laguna / Elk Grove,38.379,-121.4335
aAfPc0000015BDZKA2,Parlin Oaks/Creekside,Blue Mountain Communities,,Active,,,Residence 1,3,2.5,2,2,1434,474990,11/24/2025,aAaPc000000Mm4PKAS,Non Active Adult,95632,Galt,Sacramento,6067,"Sacramento-Roseville-Folsom, CA",40900,CA,Galt Joint Union Elementary School District,River Oaks Elementary School,5,Mccaffrey Middle School,6,Liberty Ranch High School,8,South Sacramento County,38.27758,-121.29329
aAfPc0000015BDZKA2,Parlin Oaks/Creekside,Blue Mountain Communities,,Active,,,Residence 2,3,2.5,2,2,1512,484990,11/24/2025,aAaPc000000Mm61KAC,Non Active Adult,95632,Galt,Sacramento,6067,"Sacramento-Roseville-Folsom, CA",40900,CA,Galt Joint Union Elementary School District,River Oaks Elementary School,5,Mccaffrey Middle School,6,Liberty Ranch High School,8,South Sacramento County,38.27758,-121.29329
aAfPc000001ItYZKA0,Cascade II at Vineyard Parke,Lennar,,Active,,,RESIDENCE 1596,3,2,1,2,1596,563990,12/4/2025,aAaPc000000PV5aKAG,Non Active Adult,95829,Sacramento,Sacramento,6067,"Sacramento-Roseville-Folsom, CA",40900,CA,Elk Grove Unified School District,Sierra-Enterprise Elementary School,6,Katherine L. Albiani Middle School,8,Pleasant Grove High School,9,Florin / Vineyard,38.49147,-121.37285
aAfPc000001ItYZKA0,Cascade II at Vineyard Parke,Lennar,,Active,,,RESIDENCE 2358,4,3,2,2,2358,620990,12/4/2025,aAaPc000000PV5bKAG,Non Active Adult,95829,Sacramento,Sacramento,6067,"Sacramento-Roseville-Folsom, CA",40900,CA,Elk Grove Unified School District,Sierra-Enterprise Elementary School,6,Katherine L. Albiani Middle School,8,Pleasant Grove High School,9,Florin / Vineyard,38.49147,-121.37285
aAfPc000001ItYZKA0,Cascade II at Vineyard Parke,Lennar,,Active,,,RESIDENCE 1873,4,2,1,2,1873,578990,12/4/2025,aAaPc000000PV5cKAG,Non Active Adult,95829,Sacramento,Sacramento,6067,"Sacramento-Roseville-Folsom, CA",40900,CA,Elk Grove Unified School District,Sierra-Enterprise Elementary School,6,Katherine L. Albiani Middle School,8,Pleasant Grove High School,9,Florin / Vineyard,38.49147,-121.37285
aAfPc000001ItYZKA0,Cascade II at Vineyard Parke,Lennar,,Active,,,RESIDENCE 2609,5,3,2,2,2609,650990,12/4/2025,aAaPc000000PV5dKAG,Non Active Adult,95829,Sacramento,Sacramento,6067,"Sacramento-Roseville-Folsom, CA",40900,CA,Elk Grove Unified School District,Sierra-Enterprise Elementary School,6,Katherine L. Albiani Middle School,8,Pleasant Grove High School,9,Florin / Vineyard,38.49147,-121.37285
aAf3x000001YjwPCAS,Heritage Placer Vineyards/Molise,Lennar,,Active,,,Residence 1634,3,2.5,1,2,1634,531990,12/1/2025,aAaPc000000TfOIKA0,Active Adult,95747,Roseville,Placer,6061,"Sacramento-Roseville-Folsom, CA",40900,CA,Center Joint Unified School District,,,Wilson C. Riles Middle School,5,Center High,7,Roseville,38.74544,-121.36756
aAf3x000001YjiGCAS,Esplanade at Turkey Creek/Premiers,Taylor Morrison,,Active,,,Basin,2,2,1,3,2528,812999,10/22/2025,aAaPc000000rF0wKAE,Active Adult,95648,Lincoln,Placer,6061,"Sacramento-Roseville-Folsom, CA",40900,CA,Western Placer Unified School District,Carlin C. Coppin Elementary School,5,Glen Edwards Middle School,5,Lincoln High School,6,Lincoln,38.89153,-121.27753
aAf3x000001YjiGCAS,Esplanade at Turkey Creek/Premiers,Taylor Morrison,,Active,,,Cedar,2,2,1,2,1408,500999,10/22/2025,aAaPc000000rFvNKAU,Active Adult,95648,Lincoln,Placer,6061,"Sacramento-Roseville-Folsom, CA",40900,CA,Western Placer Unified School District,Carlin C. Coppin Elementary School,5,Glen Edwards Middle School,5,Lincoln High School,6,Lincoln,38.89153,-121.27753
aAf3x000001YjiGCAS,Esplanade at Turkey Creek/Premiers,Taylor Morrison,,Active,,,Redwood,2,2,1,2,1529,520999,10/22/2025,aAaPc000000rFwzKAE,Active Adult,95648,Lincoln,Placer,6061,"Sacramento-Roseville-Folsom, CA",40900,CA,Western Placer Unified School District,Carlin C. Coppin Elementary School,5,Glen Edwards Middle School,5,Lincoln High School,6,Lincoln,38.89153,-121.27753
aAf3x000001YjiGCAS,Esplanade at Turkey Creek/Premiers,Taylor Morrison,,Active,,,Willow,2,2,1,2,1651,530999,10/22/2025,aAaPc000000rFybKAE,Active Adult,95648,Lincoln,Placer,6061,"Sacramento-Roseville-Folsom, CA",40900,CA,Western Placer Unified School District,Carlin C. Coppin Elementary School,5,Glen Edwards Middle School,5,Lincoln High School,6,Lincoln,38.89153,-121.27753
aAf3x000001YjiGCAS,Esplanade at Turkey Creek/Premiers,Taylor Morrison,,Active,,,Willow,2,2,1,2,1651,584999,10/22/2025,aAaPc000000rG0DKAU,Active Adult,95648,Lincoln,Placer,6061,"Sacramento-Roseville-Folsom, CA",40900,CA,Western Placer Unified School District,Carlin C. Coppin Elementary School,5,Glen Edwards Middle School,5,Lincoln High School,6,Lincoln,38.89153,-121.27753
aAf3x000001YjiGCAS,Esplanade at Turkey Creek/Premiers,Taylor Morrison,,Active,,,Lake,2,2,1,2,1792,612999,10/22/2025,aAaPc000000rG1pKAE,Active Adult,95648,Lincoln,Placer,6061,"Sacramento-Roseville-Folsom, CA",40900,CA,Western Placer Unified School District,Carlin C. Coppin Elementary School,5,Glen Edwards Middle School,5,Lincoln High School,6,Lincoln,38.89153,-121.27753
aAf3x000001YjiGCAS,Esplanade at Turkey Creek/Premiers,Taylor Morrison,,Active,,,River,2,2,1,2,1933,624999,10/22/2025,aAaPc000000rG3RKAU,Active Adult,95648,Lincoln,Placer,6061,"Sacramento-Roseville-Folsom, CA",40900,CA,Western Placer Unified School District,Carlin C. Coppin Elementary School,5,Glen Edwards Middle School,5,Lincoln High School,6,Lincoln,38.89153,-121.27753
aAf3x000001YjiGCAS,Esplanade at Turkey Creek/Premiers,Taylor Morrison,,Active,,,Glacier,0,2.5,1,3,2655,932999,10/22/2025,aAaPc000000rG53KAE,Active Adult,95648,Lincoln,Placer,6061,"Sacramento-Roseville-Folsom, CA",40900,CA,Western Placer Unified School District,Carlin C. Coppin Elementary School,5,Glen Edwards Middle School,5,Lincoln High School,6,Lincoln,38.89153,-121.27753
aAf3x000001YjiGCAS,Esplanade at Turkey Creek/Premiers,Taylor Morrison,,Active,,,Harbor,2,3,1,3,2823,862999,10/22/2025,aAaPc000000rG6fKAE,Active Adult,95648,Lincoln,Placer,6061,"Sacramento-Roseville-Folsom, CA",40900,CA,Western Placer Unified School District,Carlin C. Coppin Elementary School,5,Glen Edwards Middle School,5,Lincoln High School,6,Lincoln,38.89153,-121.27753
aAf3x000001YjiGCAS,Esplanade at Turkey Creek/Premiers,Taylor Morrison,,Active,,,Meadow,3,3.5,1,3,2985,882999,10/22/2025,aAaPc000000rG8HKAU,Active Adult,95648,Lincoln,Placer,6061,"Sacramento-Roseville-Folsom, CA",40900,CA,Western Placer Unified School District,Carlin C. Coppin Elementary School,5,Glen Edwards Middle School,5,Lincoln High School,6,Lincoln,38.89153,-121.27753
aAfPc000001njs6KAA,Belvedere,Next Generation LLC,,Active,,,The Sierra - B,2,2.5,3,2,2540,819990,11/18/2025,aAaPc000000vXlKKAU,Non Active Adult,95678,Roseville,Placer,6061,"Sacramento-Roseville-Folsom, CA",40900,CA,Roseville City Elementary School District,Bradford Woodbridge Fundamental Elementa...,4,George A. Buljan Middle School,4,Roseville High School,8,Roseville,38.75297,-121.28495
aAf3x000001WfmoCAC,Hidden Ridge,Toll Brothers,,Active,,,Sierra Modern Farmhouse,4,3.5,1,3,3013,1200000,10/29/2025,aAaPc000000ogdZKAQ,Non Active Adult,95762,El Dorado Hills,El Dorado,6017,"Sacramento-Roseville-Folsom, CA",40900,CA,Rescue Union Elementary School District,Green Valley Elementary School,7,Pleasant Grove Middle School,6,Ponderosa High School,9,El Dorado Hills,38.67384,-121.02584
aAfPc000001njs6KAA,Belvedere,Next Generation LLC,,Active,,,The Pacific,3,3.5,3,2,1987,664990,11/18/2025,aAaPc000000tuGhKAI,Non Active Adult,95678,Roseville,Placer,6061,"Sacramento-Roseville-Folsom, CA",40900,CA,Roseville City Elementary School District,Bradford Woodbridge Fundamental Elementa...,4,George A. Buljan Middle School,4,Roseville High School,8,Roseville,38.75297,-121.28495
aAfPc000001njs6KAA,Belvedere,Next Generation LLC,,Active,,,The Sierra - A,3,3.5,3,2,2540,814990,11/18/2025,aAaPc000000tuGiKAI,Non Active Adult,95678,Roseville,Placer,6061,"Sacramento-Roseville-Folsom, CA",40900,CA,Roseville City Elementary School District,Bradford Woodbridge Fundamental Elementa...,4,George A. Buljan Middle School,4,Roseville High School,8,Roseville,38.75297,-121.28495
aAfPc000001njs6KAA,Belvedere,Next Generation LLC,,Active,,,The Pacific,3,3.5,3,2,1987,664990,10/10/2025,aAaPc000000tua3KAA,Non Active Adult,95678,Roseville,Placer,6061,"Sacramento-Roseville-Folsom, CA",40900,CA,Roseville City Elementary School District,Bradford Woodbridge Fundamental Elementa...,4,George A. Buljan Middle School,4,Roseville High School,8,Roseville,38.75297,-121.28495
aAfPc000001njs6KAA,Belvedere,Next Generation LLC,,Active,,,The Sierra - A,3,3.5,3,2,2540,814990,10/10/2025,aAaPc000000tua4KAA,Non Active Adult,95678,Roseville,Placer,6061,"Sacramento-Roseville-Folsom, CA",40900,CA,Roseville City Elementary School District,Bradford Woodbridge Fundamental Elementa...,4,George A. Buljan Middle School,4,Roseville High School,8,Roseville,38.75297,-121.28495
aAf3x000001QGOwCAO,Northlake/Crestvue,Lennar,,Active,Northlake,"Integral Communities, Lennar",Residence 2268,4,3,2,3,2268,701990,12/3/2025,aAa3x000000YH3fCAG,Non Active Adult,95835,Sacramento,Sacramento,6067,"Sacramento-Roseville-Folsom, CA",40900,CA,Twin Rivers Unified School District,Regency Park Elementary School,7,Rio Linda Preparatory Academy; Norwood Junior High School,5; 5,,,Natomas,38.68303,-121.55023
aAf3x000001QGOwCAO,Northlake/Crestvue,Lennar,,Active,Northlake,"Integral Communities, Lennar",Residence 2679,4,3,2,3,2679,757146,12/3/2025,aAa3x000000YH3kCAG,Non Active Adult,95835,Sacramento,Sacramento,6067,"Sacramento-Roseville-Folsom, CA",40900,CA,Twin Rivers Unified School District,Regency Park Elementary School,7,Rio Linda Preparatory Academy; Norwood Junior High School,5; 5,,,Natomas,38.68303,-121.55023
aAf3x000001QGOwCAO,Northlake/Crestvue,Lennar,,Active,Northlake,"Integral Communities, Lennar",Residence 2869,4,3,2,3,2869,748990,12/3/2025,aAa3x000000YH3pCAG,Non Active Adult,95835,Sacramento,Sacramento,6067,"Sacramento-Roseville-Folsom, CA",40900,CA,Twin Rivers Unified School District,Regency Park Elementary School,7,Rio Linda Preparatory Academy; Norwood Junior High School,5; 5,,,Natomas,38.68303,-121.55023
aAf3x000001QGOwCAO,Northlake/Crestvue,Lennar,,Active,Northlake,"Integral Communities, Lennar",Residence 3178,5,4.5,2,3,3178,831934,12/3/2025,aAa3x000000YH3uCAG,Non Active Adult,95835,Sacramento,Sacramento,6067,"Sacramento-Roseville-Folsom, CA",40900,CA,Twin Rivers Unified School District,Regency Park Elementary School,7,Rio Linda Preparatory Academy; Norwood Junior High School,5; 5,,,Natomas,38.68303,-121.55023
aAf3x000001Qed1CAC,Highland at The Grove,KB Home,,Active,,,Plan 1824 Modeled,4,2,1,2,1824,601990,12/9/2025,aAaPc000000220vKAA,Non Active Adult,95757,Elk Grove,Sacramento,6067,"Sacramento-Roseville-Folsom, CA",40900,CA,Elk Grove Unified School District,Zehnder Ranch Elementary,8,Elizabeth Pinkerton Middle School,8,Cosumnes Oaks High School,10,Laguna / Elk Grove,38.38348,-121.39824
aAf3x000001Qed1CAC,Highland at The Grove,KB Home,,Active,,,Plan 1738,3,2,1,2,1738,588760,12/9/2025,aAaPc000000220wKAA,Non Active Adult,95757,Elk Grove,Sacramento,6067,"Sacramento-Roseville-Folsom, CA",40900,CA,Elk Grove Unified School District,Zehnder Ranch Elementary,8,Elizabeth Pinkerton Middle School,8,Cosumnes Oaks High School,10,Laguna / Elk Grove,38.38348,-121.39824
aAf3x000001Qed1CAC,Highland at The Grove,KB Home,,Active,,,Plan 1429 Modeled,3,2,1,2,1429,559000,12/9/2025,aAaPc000000220xKAA,Non Active Adult,95757,Elk Grove,Sacramento,6067,"Sacramento-Roseville-Folsom, CA",40900,CA,Elk Grove Unified School District,Zehnder Ranch Elementary,8,Elizabeth Pinkerton Middle School,8,Cosumnes Oaks High School,10,Laguna / Elk Grove,38.38348,-121.39824
aAf3x000001WgRvCAK,Jubilee at Independence,TRI Pointe Homes,"TRI Pointe Homes, Inc.",Active,,,Plan 3,4,3,0,2,2129,620898,11/20/2025,aAaPc0000005WYqKAM,Non Active Adult,95648,Lincoln,Placer,6061,"Sacramento-Roseville-Folsom, CA",40900,CA,Western Placer Unified School District,Twelve Bridges Elementary School,7,Twelve Bridges Middle School,8,Twelve Bridges High School,7,Lincoln,38.86959,-121.27006
aAf3x000001WgRvCAK,Jubilee at Independence,TRI Pointe Homes,"TRI Pointe Homes, Inc.",Active,,,Plan 2,3,2.5,0,2,1923,581202,11/21/2025,aAaPc0000005WYrKAM,Non Active Adult,95648,Lincoln,Placer,6061,"Sacramento-Roseville-Folsom, CA",40900,CA,Western Placer Unified School District,Twelve Bridges Elementary School,7,Twelve Bridges Middle School,8,Twelve Bridges High School,7,Lincoln,38.86959,-121.27006
aAf3x000001WgRvCAK,Jubilee at Independence,TRI Pointe Homes,"TRI Pointe Homes, Inc.",Active,,,Plan 1,3,2.5,2,2,1752,565045,11/20/2025,aAaPc0000005WYsKAM,Non Active Adult,95648,Lincoln,Placer,6061,"Sacramento-Roseville-Folsom, CA",40900,CA,Western Placer Unified School District,Twelve Bridges Elementary School,7,Twelve Bridges Middle School,8,Twelve Bridges High School,7,Lincoln,38.86959,-121.27006
aAfPc000000Ky9uKAC,Morgan Place,Tim Lewis Communities,,Active,,,Residence One,3,3,2,2,1884,591400,10/27/2025,aAaPc0000007F4QKAU,Non Active Adult,95747,Roseville,Placer,6061,"Sacramento-Roseville-Folsom, CA",40900,CA,Center Joint Unified School District,Oak Hill Elementary School,3,Wilson C. Riles Middle School,5,Center High,7,Roseville,38.72886,-121.36715
aAfPc000000Ky9uKAC,Morgan Place,Tim Lewis Communities,,Active,,,Residence Two,4,3,2,2,2352,649900,10/27/2025,aAaPc0000007F4RKAU,Non Active Adult,95747,Roseville,Placer,6061,"Sacramento-Roseville-Folsom, CA",40900,CA,Center Joint Unified School District,Oak Hill Elementary School,3,Wilson C. Riles Middle School,5,Center High,7,Roseville,38.72886,-121.36715
aAfPc000000Ky9uKAC,Morgan Place,Tim Lewis Communities,,Active,,,Residence Three,4,3,2,2,2755,699890,10/27/2025,aAaPc0000007F4SKAU,Non Active Adult,95747,Roseville,Placer,6061,"Sacramento-Roseville-Folsom, CA",40900,CA,Center Joint Unified School District,Oak Hill Elementary School,3,Wilson C. Riles Middle School,5,Center High,7,Roseville,38.72886,-121.36715
aAfPc000000UDxVKAW,Starblossom at Montelena,TRI Pointe Homes,"TRI Pointe Homes, Inc.",Active,,,Plan 3,5,3,2,2,2705,623990,12/6/2025,aAaPc000000ALqgKAG,Non Active Adult,95742,Rancho Cordova,Sacramento,6067,"Sacramento-Roseville-Folsom, CA",40900,CA,Elk Grove Unified School District,Sunrise Elementary School,7,Katherine L. Albiani Middle School,8,Pleasant Grove High School,9,Rancho Cordova,38.55071,-121.22869
aAfPc000000UDxVKAW,Starblossom at Montelena,TRI Pointe Homes,"TRI Pointe Homes, Inc.",Active,,,Plan 2,4,3,0,2,2557,633641,12/11/2025,aAaPc000000ALqhKAG,Non Active Adult,95742,Rancho Cordova,Sacramento,6067,"Sacramento-Roseville-Folsom, CA",40900,CA,Elk Grove Unified School District,Sunrise Elementary School,7,Katherine L. Albiani Middle School,8,Pleasant Grove High School,9,Rancho Cordova,38.55071,-121.22869
aAfPc000000UDxVKAW,Starblossom at Montelena,TRI Pointe Homes,"TRI Pointe Homes, Inc.",Active,,,Plan 1,3,2.5,2,2,2300,578955,12/6/2025,aAaPc000000ALqiKAG,Non Active Adult,95742,Rancho Cordova,Sacramento,6067,"Sacramento-Roseville-Folsom, CA",40900,CA,Elk Grove Unified School District,Sunrise Elementary School,7,Katherine L. Albiani Middle School,8,Pleasant Grove High School,9,Rancho Cordova,38.55071,-121.22869
aAf3x000001QGOwCAO,Northlake/Crestvue,Lennar,,Active,Northlake,"Integral Communities, Lennar",Residence 1789,3,2,1,2,1789,630779,12/3/2025,aAaPc000000DEAlKAO,Non Active Adult,95835,Sacramento,Sacramento,6067,"Sacramento-Roseville-Folsom, CA",40900,CA,Twin Rivers Unified School District,Regency Park Elementary School,7,Rio Linda Preparatory Academy; Norwood Junior High School,5; 5,,,Natomas,38.68303,-121.55023
aAfPc000001D2RdKAK,Bretton Woods/Bungalows,DeNova Homes,,Active,,,Bungalows - Residence 1,2,2,1,2,1227,753990,11/11/2025,aAaPc000000Pc0TKAS,Active Adult,95616,Davis,Yolo,6113,"Sacramento-Roseville-Folsom, CA",40900,CA,Davis Joint Unified School District,Robert E. Willett Elementary School,8,Ralph Waldo Emerson Junior High School,8,Davis Senior High School,10,Davis / Woodland,38.56468,-121.77479
aAfPc000001D2RdKAK,Bretton Woods/Bungalows,DeNova Homes,,Active,,,Bungalows - Residence 2,2,2.5,1,2,1350,803500,11/11/2025,aAaPc000000Pc25KAC,Active Adult,95616,Davis,Yolo,6113,"Sacramento-Roseville-Folsom, CA",40900,CA,Davis Joint Unified School District,Robert E. Willett Elementary School,8,Ralph Waldo Emerson Junior High School,8,Davis Senior High School,10,Davis / Woodland,38.56468,-121.77479
aAfPc000001AKcyKAG,Veranda at Stone Creek Village,Elliott Homes,,Active,,,Plan 1452,3,2.5,2,2,1452,469950,10/9/2025,aAaPc000000QqcTKAS,Non Active Adult,95670,Rancho Cordova,Sacramento,6067,"Sacramento-Roseville-Folsom, CA",40900,CA,Folsom-Cordova Unified School District,Navigator Elementary School,5,W. E. Mitchell Middle School,5,Cordova High School,5,Rancho Cordova,38.57692,-121.28003
aAfPc000001AKcyKAG,Veranda at Stone Creek Village,Elliott Homes,,Active,,,Plan 1542,3,2.5,2,2,1542,479950,10/9/2025,aAaPc000000Qqe5KAC,Non Active Adult,95670,Rancho Cordova,Sacramento,6067,"Sacramento-Roseville-Folsom, CA",40900,CA,Folsom-Cordova Unified School District,Navigator Elementary School,5,W. E. Mitchell Middle School,5,Cordova High School,5,Rancho Cordova,38.57692,-121.28003
aAfPc000001AKcyKAG,Veranda at Stone Creek Village,Elliott Homes,,Active,,,Plan 1684,3,2.5,2,2,1684,495950,10/9/2025,aAaPc000000QqfhKAC,Non Active Adult,95670,Rancho Cordova,Sacramento,6067,"Sacramento-Roseville-Folsom, CA",40900,CA,Folsom-Cordova Unified School District,Navigator Elementary School,5,W. E. Mitchell Middle School,5,Cordova High School,5,Rancho Cordova,38.57692,-121.28003
aAfPc000001AKcyKAG,Veranda at Stone Creek Village,Elliott Homes,,Active,,,Plan 1923,4,3,2,2,1923,514950,10/9/2025,aAaPc000000QqhJKAS,Non Active Adult,95670,Rancho Cordova,Sacramento,6067,"Sacramento-Roseville-Folsom, CA",40900,CA,Folsom-Cordova Unified School District,Navigator Elementary School,5,W. E. Mitchell Middle School,5,Cordova High School,5,Rancho Cordova,38.57692,-121.28003
aAfPc000001BRlxKAG,Seasons at Amoruso Ranch,Richmond American Homes,,Active,Amoruso Ranch,Brookfield Residential,Elderberry,3,2.5,2,2,2380,665950,11/27/2025,aAaPc000000XKLAKA4,Non Active Adult,95747,Roseville,Placer,6061,"Sacramento-Roseville-Folsom, CA",40900,CA,Roseville City Elementary School District,,,George A. Buljan Middle School,4,West Park High,8,Roseville,38.81448,-121.38604
aAfPc000001BRlxKAG,Seasons at Amoruso Ranch,Richmond American Homes,,Active,Amoruso Ranch,Brookfield Residential,Tourmaline,4,3,2,2,2660,719950,12/4/2025,aAaPc000000XKLBKA4,Non Active Adult,95747,Roseville,Placer,6061,"Sacramento-Roseville-Folsom, CA",40900,CA,Roseville City Elementary School District,,,George A. Buljan Middle School,4,West Park High,8,Roseville,38.81448,-121.38604
aAfPc000001BRlxKAG,Seasons at Amoruso Ranch,Richmond American Homes,,Active,Amoruso Ranch,Brookfield Residential,Slate,4,3,1,2,2070,671375,11/10/2025,aAaPc000000XKLCKA4,Non Active Adult,95747,Roseville,Placer,6061,"Sacramento-Roseville-Folsom, CA",40900,CA,Roseville City Elementary School District,,,George A. Buljan Middle School,4,West Park High,8,Roseville,38.81448,-121.38604
aAfPc000001BRlxKAG,Seasons at Amoruso Ranch,Richmond American Homes,,Active,Amoruso Ranch,Brookfield Residential,Ammolite,5,3,2,2,3040,739990,12/4/2025,aAaPc000000XKLDKA4,Non Active Adult,95747,Roseville,Placer,6061,"Sacramento-Roseville-Folsom, CA",40900,CA,Roseville City Elementary School District,,,George A. Buljan Middle School,4,West Park High,8,Roseville,38.81448,-121.38604
aAfPc000000UDxVKAW,Starblossom at Montelena,TRI Pointe Homes,"TRI Pointe Homes, Inc.",Active,,,Plan 4,3,2,1,2,1723,531660,12/13/2025,aAaPc000000TjRhKAK,Non Active Adult,95742,Rancho Cordova,Sacramento,6067,"Sacramento-Roseville-Folsom, CA",40900,CA,Elk Grove Unified School District,Sunrise Elementary School,7,Katherine L. Albiani Middle School,8,Pleasant Grove High School,9,Rancho Cordova,38.55071,-121.22869
aAfPc000001O9SzKAK,Lilly,Beazer Homes,,Active,,,Jasmine,3,2,1,2,1696,599990,12/7/2025,aAaPc000000ZJXdKAO,Non Active Adult,95757,Elk Grove,Sacramento,6067,"Sacramento-Roseville-Folsom, CA",40900,CA,Elk Grove Unified School District,Zehnder Ranch Elementary,8,Elizabeth Pinkerton Middle School,8,Cosumnes Oaks High School,10,Laguna / Elk Grove,38.3906,-121.4071
aAfPc000001O9SzKAK,Lilly,Beazer Homes,,Active,,,Willow,3,3,2,2,2242,662990,12/7/2025,aAaPc000000ZJXeKAO,Non Active Adult,95757,Elk Grove,Sacramento,6067,"Sacramento-Roseville-Folsom, CA",40900,CA,Elk Grove Unified School District,Zehnder Ranch Elementary,8,Elizabeth Pinkerton Middle School,8,Cosumnes Oaks High School,10,Laguna / Elk Grove,38.3906,-121.4071
aAfPc000001O9SzKAK,Lilly,Beazer Homes,,Active,,,Blossom,3,2.5,2,1,1994,629990,12/7/2025,aAaPc000000ZJXfKAO,Non Active Adult,95757,Elk Grove,Sacramento,6067,"Sacramento-Roseville-Folsom, CA",40900,CA,Elk Grove Unified School District,Zehnder Ranch Elementary,8,Elizabeth Pinkerton Middle School,8,Cosumnes Oaks High School,10,Laguna / Elk Grove,38.3906,-121.4071
aAfPc000001fCsuKAE,Bloom at Sunridge Park,TRI Pointe Homes,"TRI Pointe Homes, Inc.",Active,,,Plan 3,5,3,2,3,3375,743375,12/5/2025,aAaPc000000eX1rKAE,Non Active Adult,95742,Rancho Cordova,Sacramento,6067,"Sacramento-Roseville-Folsom, CA",40900,CA,Elk Grove Unified School District,Sunrise Elementary School,7,Katherine L. Albiani Middle School,8,Pleasant Grove High School,9,Rancho Cordova,38.55723,-121.21837
aAfPc000001fCsuKAE,Bloom at Sunridge Park,TRI Pointe Homes,"TRI Pointe Homes, Inc.",Active,,,Plan 2,4,3,2,3,3165,738990,11/25/2025,aAaPc000000eX1sKAE,Non Active Adult,95742,Rancho Cordova,Sacramento,6067,"Sacramento-Roseville-Folsom, CA",40900,CA,Elk Grove Unified School District,Sunrise Elementary School,7,Katherine L. Albiani Middle School,8,Pleasant Grove High School,9,Rancho Cordova,38.55723,-121.21837
aAfPc000001fCsuKAE,Bloom at Sunridge Park,TRI Pointe Homes,"TRI Pointe Homes, Inc.",Active,,,Plan 1,3,2,1,3,2430,636490,12/13/2025,aAaPc000000eX1tKAE,Non Active Adult,95742,Rancho Cordova,Sacramento,6067,"Sacramento-Roseville-Folsom, CA",40900,CA,Elk Grove Unified School District,Sunrise Elementary School,7,Katherine L. Albiani Middle School,8,Pleasant Grove High School,9,Rancho Cordova,38.55723,-121.21837
aAf3x000001WrYbCAK,Hamilton Park,KB Home,,Active,,,Plan 2111 Modeled,4,2.5,2,2,2111,568990,11/27/2025,aAaPc000000TuWnKAK,Non Active Adult,95624,Elk Grove,Sacramento,6067,"Sacramento-Roseville-Folsom, CA",40900,CA,Elk Grove Unified School District,Ellen Feickert Elementary School; James A. Mckee Elementary School,6; 5,Joseph Kerr Middle School,7,Elk Grove High School,7,Laguna / Elk Grove,38.43413,-121.37166
aAf3x000001WrYbCAK,Hamilton Park,KB Home,,Active,,,Plan 1404 Modeled,3,2.5,2,2,1400,479990,11/24/2025,aAaPc000000TuWoKAK,Non Active Adult,95624,Elk Grove,Sacramento,6067,"Sacramento-Roseville-Folsom, CA",40900,CA,Elk Grove Unified School District,Ellen Feickert Elementary School; James A. Mckee Elementary School,6; 5,Joseph Kerr Middle School,7,Elk Grove High School,7,Laguna / Elk Grove,38.43413,-121.37166
aAf3x000001WrYbCAK,Hamilton Park,KB Home,,Active,,,Plan 2049,3,2.5,2,2,2049,538990,11/24/2025,aAaPc000000TuWpKAK,Non Active Adult,95624,Elk Grove,Sacramento,6067,"Sacramento-Roseville-Folsom, CA",40900,CA,Elk Grove Unified School District,Ellen Feickert Elementary School; James A. Mckee Elementary School,6; 5,Joseph Kerr Middle School,7,Elk Grove High School,7,Laguna / Elk Grove,38.43413,-121.37166
aAf3x000001WrYbCAK,Hamilton Park,KB Home,,Active,,,Plan 1885,3,2.5,2,2,1885,526990,11/24/2025,aAaPc000000UytEKAS,Non Active Adult,95624,Elk Grove,Sacramento,6067,"Sacramento-Roseville-Folsom, CA",40900,CA,Elk Grove Unified School District,Ellen Feickert Elementary School; James A. Mckee Elementary School,6; 5,Joseph Kerr Middle School,7,Elk Grove High School,7,Laguna / Elk Grove,38.43413,-121.37166
aAfPc000001IuZRKA0,Vienna at Vineyard Parke,Lennar,,Active,,,RESIDENCE 1653,3,2,1,2,1653,639990,12/4/2025,aAaPc000000PV5jKAG,Non Active Adult,95829,Sacramento,Sacramento,6067,"Sacramento-Roseville-Folsom, CA",40900,CA,Elk Grove Unified School District,Sierra-Enterprise Elementary School,6,Katherine L. Albiani Middle School,8,Pleasant Grove High School,9,Florin / Vineyard,38.49147,-121.37285
aAfPc000001IuZRKA0,Vienna at Vineyard Parke,Lennar,,Active,,,RESIDENCE 2393,4,3,2,2,2393,701990,12/4/2025,aAaPc000000PV5kKAG,Non Active Adult,95829,Sacramento,Sacramento,6067,"Sacramento-Roseville-Folsom, CA",40900,CA,Elk Grove Unified School District,Sierra-Enterprise Elementary School,6,Katherine L. Albiani Middle School,8,Pleasant Grove High School,9,Florin / Vineyard,38.49147,-121.37285
aAfPc000001IuZRKA0,Vienna at Vineyard Parke,Lennar,,Active,,,RESIDENCE 3161,4,3.5,2,2,3161,764990,12/4/2025,aAaPc000000PV5lKAG,Non Active Adult,95829,Sacramento,Sacramento,6067,"Sacramento-Roseville-Folsom, CA",40900,CA,Elk Grove Unified School District,Sierra-Enterprise Elementary School,6,Katherine L. Albiani Middle School,8,Pleasant Grove High School,9,Florin / Vineyard,38.49147,-121.37285
aAfPc000001IuZRKA0,Vienna at Vineyard Parke,Lennar,,Active,,,RESIDENCE 2793,5,4,2,2,2793,707990,12/4/2025,aAaPc000000PV5mKAG,Non Active Adult,95829,Sacramento,Sacramento,6067,"Sacramento-Roseville-Folsom, CA",40900,CA,Elk Grove Unified School District,Sierra-Enterprise Elementary School,6,Katherine L. Albiani Middle School,8,Pleasant Grove High School,9,Florin / Vineyard,38.49147,-121.37285
aAfPc0000008vxBKAQ,Poppy Meadows/Marigold,Beazer Homes,,Active,,,Plan 1,3,2,1,3,2038,680990,12/8/2025,aAaPc0000007Wj7KAE,Non Active Adult,95757,Elk Grove,Sacramento,6067,"Sacramento-Roseville-Folsom, CA",40900,CA,Elk Grove Unified School District,Zehnder Ranch Elementary,8,Elizabeth Pinkerton Middle School,8,Cosumnes Oaks High School,10,Laguna / Elk Grove,38.3905,-121.4072
aAfPc0000008vxBKAQ,Poppy Meadows/Marigold,Beazer Homes,,Active,,,Plan 2,3,2.5,2,2,2445,715990,12/8/2025,aAaPc0000007WkjKAE,Non Active Adult,95757,Elk Grove,Sacramento,6067,"Sacramento-Roseville-Folsom, CA",40900,CA,Elk Grove Unified School District,Zehnder Ranch Elementary,8,Elizabeth Pinkerton Middle School,8,Cosumnes Oaks High School,10,Laguna / Elk Grove,38.3905,-121.4072
aAf3x000001Qct3CAC,Hayworth at The Grove,KB Home,,Active,,,Plan 2002 Modeled,3,2,1,2,2002,729495,12/1/2025,aAaPc0000007yUAKAY,Non Active Adult,95757,Elk Grove,Sacramento,6067,"Sacramento-Roseville-Folsom, CA",40900,CA,Elk Grove Unified School District,Zehnder Ranch Elementary,8,Elizabeth Pinkerton Middle School,8,Cosumnes Oaks High School,10,Laguna / Elk Grove,38.39016,-121.39205
aAf3x000001Qct3CAC,Hayworth at The Grove,KB Home,,Active,,,Plan 3061,5,3,2,2,3061,777740,12/2/2025,aAaPc0000007yUFKAY,Non Active Adult,95757,Elk Grove,Sacramento,6067,"Sacramento-Roseville-Folsom, CA",40900,CA,Elk Grove Unified School District,Zehnder Ranch Elementary,8,Elizabeth Pinkerton Middle School,8,Cosumnes Oaks High School,10,Laguna / Elk Grove,38.39016,-121.39205
aAfPc0000008vxBKAQ,Poppy Meadows/Marigold,Beazer Homes,,Active,,,Plan 5,3,3,2,3,3101,812990,12/8/2025,aAaPc0000009z7VKAQ,Non Active Adult,95757,Elk Grove,Sacramento,6067,"Sacramento-Roseville-Folsom, CA",40900,CA,Elk Grove Unified School District,Zehnder Ranch Elementary,8,Elizabeth Pinkerton Middle School,8,Cosumnes Oaks High School,10,Laguna / Elk Grove,38.3905,-121.4072
aAf3x000001QOlNCAW,Preserve at Folsom Ranch/Oak Trails,Toll Brothers,,Active,Folsom Ranch,"New Home Co., Westland Capital Partners",Hayduke,5,4.5,2,3,3105,900995,11/8/2025,aAa3x000000ZxQiCAK,Non Active Adult,95630,Folsom,Sacramento,6067,"Sacramento-Roseville-Folsom, CA",40900,CA,Folsom-Cordova Unified School District,Mangini Ranch Elementary,8,Folsom Middle School,8,Folsom High School,10,Folsom,38.62228,-121.13376
aAf3x000001QOlNCAW,Preserve at Folsom Ranch/Oak Trails,Toll Brothers,,Active,Folsom Ranch,"New Home Co., Westland Capital Partners",Greenstone,4,3.5,2,2,2940,875995,11/8/2025,aAa3x000000ZxQjCAK,Non Active Adult,95630,Folsom,Sacramento,6067,"Sacramento-Roseville-Folsom, CA",40900,CA,Folsom-Cordova Unified School District,Mangini Ranch Elementary,8,Folsom Middle School,8,Folsom High School,10,Folsom,38.62228,-121.13376
aAf3x000001QOlNCAW,Preserve at Folsom Ranch/Oak Trails,Toll Brothers,,Active,Folsom Ranch,"New Home Co., Westland Capital Partners",Inca,5,4.5,2,2,3369,935995,11/8/2025,aAa3x000000ZxQkCAK,Non Active Adult,95630,Folsom,Sacramento,6067,"Sacramento-Roseville-Folsom, CA",40900,CA,Folsom-Cordova Unified School District,Mangini Ranch Elementary,8,Folsom Middle School,8,Folsom High School,10,Folsom,38.62228,-121.13376
aAfPc000001XCBVKA4,Aspen at Hidden Hills,Century Communities,"Century Communities, Inc.",Active,,,Plan 1,3,2.5,1,3,2641,789990,12/5/2025,aAaPc000000gfE8KAI,Non Active Adult,95648,Lincoln,Placer,6061,"Sacramento-Roseville-Folsom, CA",40900,CA,Western Placer Unified School District,Twelve Bridges Elementary School,7,Twelve Bridges Middle School,8,Twelve Bridges High School,7,Lincoln,38.87135,-121.26154
aAfPc000001XCBVKA4,Aspen at Hidden Hills,Century Communities,"Century Communities, Inc.",Active,,,Plan 3,4,3.5,2,3,3674,899990,12/5/2025,aAaPc000000gfE9KAI,Non Active Adult,95648,Lincoln,Placer,6061,"Sacramento-Roseville-Folsom, CA",40900,CA,Western Placer Unified School District,Twelve Bridges Elementary School,7,Twelve Bridges Middle School,8,Twelve Bridges High School,7,Lincoln,38.87135,-121.26154
aAfPc000001XCBVKA4,Aspen at Hidden Hills,Century Communities,"Century Communities, Inc.",Active,,,Plan 2,4,2.5,2,3,3102,839990,12/5/2025,aAaPc000000gfEAKAY,Non Active Adult,95648,Lincoln,Placer,6061,"Sacramento-Roseville-Folsom, CA",40900,CA,Western Placer Unified School District,Twelve Bridges Elementary School,7,Twelve Bridges Middle School,8,Twelve Bridges High School,7,Lincoln,38.87135,-121.26154
aAfPc0000008vxBKAQ,Poppy Meadows/Marigold,Beazer Homes,,Active,,,Plan 4,4,2,2,3,2804,775990,12/8/2025,aAaPc00000123L2KAI,Non Active Adult,95757,Elk Grove,Sacramento,6067,"Sacramento-Roseville-Folsom, CA",40900,CA,Elk Grove Unified School District,Zehnder Ranch Elementary,8,Elizabeth Pinkerton Middle School,8,Cosumnes Oaks High School,10,Laguna / Elk Grove,38.3905,-121.4072
aAfPc000001atDjKAI,Balboa at Delta Shores,Signature Homes,,Active,,,Residence 3,4,3,2,2,2222,533397,12/1/2025,aAaPc000000elIsKAI,Non Active Adult,95832,Sacramento,Sacramento,6067,"Sacramento-Roseville-Folsom, CA",40900,CA,Sacramento City Unified School District,John H. Still School,4,John H. Still School,4,Luther Burbank High School,4,Pocket / Land Park,38.45948,-121.48884
aAfPc0000008vxBKAQ,Poppy Meadows/Marigold,Beazer Homes,,Active,,,Plan 5,3,3,2,3,3101,812990,12/8/2025,aAaPc0000012vt2KAA,Non Active Adult,95757,Elk Grove,Sacramento,6067,"Sacramento-Roseville-Folsom, CA",40900,CA,Elk Grove Unified School District,Zehnder Ranch Elementary,8,Elizabeth Pinkerton Middle School,8,Cosumnes Oaks High School,10,Laguna / Elk Grove,38.3905,-121.4072
aAf3x000001WqBpCAK,Catalina at Delta Shores,Signature Homes,,Active,,,The Tiburon,4,3.5,2,2,2143,616351,12/1/2025,aAaPc000000vXl0KAE,Non Active Adult,95832,Sacramento,Sacramento,6067,"Sacramento-Roseville-Folsom, CA",40900,CA,Sacramento City Unified School District,John H. Still School,4,John H. Still School,4,Luther Burbank High School,4,Pocket / Land Park,38.45935,-121.48662
aAfPc000001atDjKAI,Balboa at Delta Shores,Signature Homes,,Active,,,Residence 1,3,2.5,2,2,1627,459113,12/1/2025,aAaPc000000bf6CKAQ,Non Active Adult,95832,Sacramento,Sacramento,6067,"Sacramento-Roseville-Folsom, CA",40900,CA,Sacramento City Unified School District,John H. Still School,4,John H. Still School,4,Luther Burbank High School,4,Pocket / Land Park,38.45948,-121.48884
aAfPc000001atDjKAI,Balboa at Delta Shores,Signature Homes,,Active,,,Residence 4,4,3,2,2,2260,539209,12/1/2025,aAaPc000000bf6EKAQ,Non Active Adult,95832,Sacramento,Sacramento,6067,"Sacramento-Roseville-Folsom, CA",40900,CA,Sacramento City Unified School District,John H. Still School,4,John H. Still School,4,Luther Burbank High School,4,Pocket / Land Park,38.45948,-121.48884
aAf2T000001MqBQSA0,Residences at West Oaks,Brentwood Developments,,Active,,,Plan 1,2,2.5,3,2,1388,899000,7/12/2025,aAaPc000000CyvsKAC,Non Active Adult,95765,Rocklin,Placer,6061,"Sacramento-Roseville-Folsom, CA",40900,CA,Rocklin Unified School District,Ruhkala Elementary School,7,Spring View Middle School,6,Whitney High School,9,Rocklin,38.81019,-121.28575
aAf2T000001MqBQSA0,Residences at West Oaks,Brentwood Developments,,Active,,,Plan 2,3,3.5,3,2,1503,899000,7/12/2025,aAaPc000000CyvtKAC,Non Active Adult,95765,Rocklin,Placer,6061,"Sacramento-Roseville-Folsom, CA",40900,CA,Rocklin Unified School District,Ruhkala Elementary School,7,Spring View Middle School,6,Whitney High School,9,Rocklin,38.81019,-121.28575
aAf3x000001WqBpCAK,Catalina at Delta Shores,Signature Homes,,Active,,,The Belvedere,3,2.5,2,2,1940,580442,12/1/2025,aAa3x000000Zl0ECAS,Non Active Adult,95832,Sacramento,Sacramento,6067,"Sacramento-Roseville-Folsom, CA",40900,CA,Sacramento City Unified School District,John H. Still School,4,John H. Still School,4,Luther Burbank High School,4,Pocket / Land Park,38.45935,-121.48662
aAf3x000001WqBpCAK,Catalina at Delta Shores,Signature Homes,,Active,,,The Victoria,4,2.5,2,2,2367,617268,12/1/2025,aAa3x000000Zl0GCAS,Non Active Adult,95832,Sacramento,Sacramento,6067,"Sacramento-Roseville-Folsom, CA",40900,CA,Sacramento City Unified School District,John H. Still School,4,John H. Still School,4,Luther Burbank High School,4,Pocket / Land Park,38.45935,-121.48662
aAf3x000001WqBpCAK,Catalina at Delta Shores,Signature Homes,,Active,,,The Yerba Buena,4,2.5,2,2,2521,676894,12/1/2025,aAa3x000000Zl0HCAS,Non Active Adult,95832,Sacramento,Sacramento,6067,"Sacramento-Roseville-Folsom, CA",40900,CA,Sacramento City Unified School District,John H. Still School,4,John H. Still School,4,Luther Burbank High School,4,Pocket / Land Park,38.45935,-121.48662
aAfPc000001iwm9KAA,Seasons at Cypress,Richmond American Homes,,Active,,,Lapis,4,2.5,2,2,2170,595113,12/5/2025,aAaPc000000qgQ4KAI,Non Active Adult,95742,Rancho Cordova,Sacramento,6067,"Sacramento-Roseville-Folsom, CA",40900,CA,Elk Grove Unified School District,Sunrise Elementary School,7,Katherine L. Albiani Middle School,8,Pleasant Grove High School,9,Rancho Cordova,38.54829,-121.19156
aAfPc000001iwm9KAA,Seasons at Cypress,Richmond American Homes,,Active,,,Moonstone,5,3,2,2,2710,646875,12/11/2025,aAaPc000000qgQ5KAI,Non Active Adult,95742,Rancho Cordova,Sacramento,6067,"Sacramento-Roseville-Folsom, CA",40900,CA,Elk Grove Unified School District,Sunrise Elementary School,7,Katherine L. Albiani Middle School,8,Pleasant Grove High School,9,Rancho Cordova,38.54829,-121.19156
aAfPc000001iwm9KAA,Seasons at Cypress,Richmond American Homes,,Active,,,Cassia,5,3,2,2,2910,687575,12/11/2025,aAaPc000000qgQ7KAI,Non Active Adult,95742,Rancho Cordova,Sacramento,6067,"Sacramento-Roseville-Folsom, CA",40900,CA,Elk Grove Unified School District,Sunrise Elementary School,7,Katherine L. Albiani Middle School,8,Pleasant Grove High School,9,Rancho Cordova,38.54829,-121.19156
aAfPc000001iwm9KAA,Seasons at Cypress,Richmond American Homes,,Active,,,Pearl,4,3,2,2,2360,612988,12/5/2025,aAaPc000000qgQ8KAI,Non Active Adult,95742,Rancho Cordova,Sacramento,6067,"Sacramento-Roseville-Folsom, CA",40900,CA,Elk Grove Unified School District,Sunrise Elementary School,7,Katherine L. Albiani Middle School,8,Pleasant Grove High School,9,Rancho Cordova,38.54829,-121.19156
aAf3x000001QOlNCAW,Preserve at Folsom Ranch/Oak Trails,Toll Brothers,,Active,Folsom Ranch,"New Home Co., Westland Capital Partners",Zion,4,3,2,2,2655,799995,11/8/2025,aAaPc000000sbifKAA,Non Active Adult,95630,Folsom,Sacramento,6067,"Sacramento-Roseville-Folsom, CA",40900,CA,Folsom-Cordova Unified School District,Mangini Ranch Elementary,8,Folsom Middle School,8,Folsom High School,10,Folsom,38.62228,-121.13376
